Invoice,StockCode,Description,Quantity,InvoiceDate,Price,Customer ID,Country
532657,21314,SMALL GLASS HEART TRINKET POT,12,2010-11-14 11:10:00,2.1,14562.0,United Kingdom
563214,22383,LUNCH BAG SUKI DESIGN ,2,2011-08-14 12:56:00,1.65,16370.0,United Kingdom
507597,22561,WOODEN SCHOOL COLOURING SET,12,2010-05-10 13:21:00,1.65,17700.0,United Kingdom
491634,21588,RETRO SPOT GIANT  TUBE MATCHES,1,2009-12-11 15:40:00,2.55,17841.0,United Kingdom
496007,85232B,SET/3 RUSSIAN DOLL STACKING TINS,3,2010-01-28 12:32:00,4.95,15203.0,United Kingdom
539041,21832,CHOCOLATE CALCULATOR,4,2010-12-15 15:34:00,1.65,15456.0,United Kingdom
575905,22089,PAPER BUNTING VINTAGE PAISLEY,6,2011-11-11 15:49:00,2.95,13732.0,United Kingdom
540026,21519,GIN & TONIC DIET GREETING CARD ,2,2011-01-04 13:25:00,0.85,,United Kingdom
536804,22988,SOLDIERS EGG CUP ,72,2010-12-02 16:34:00,1.25,14031.0,United Kingdom
546899,20719,WOODLAND CHARLOTTE BAG,50,2011-03-17 18:27:00,0.72,14298.0,United Kingdom
514369,22366,DOOR MAT AIRMAIL ,2,2010-07-02 08:26:00,7.49,12477.0,Germany
503547,84077,WORLD WAR 2 GLIDERS ASSTD DESIGNS,48,2010-04-01 14:52:00,0.21,14049.0,United Kingdom
575219,22411,JUMBO SHOPPER VINTAGE RED PAISLEY,100,2011-11-09 11:17:00,1.79,17511.0,United Kingdom
502829,21687,SILVER PLATE CANDLE BOWL LARGE,2,2010-03-28 12:20:00,3.75,17827.0,United Kingdom
492593,47369B,BLUE GREEN EMBROIDERY COSMETIC BAG,1,2009-12-17 15:44:00,2.95,15917.0,United Kingdom
569699,22751,FELTCRAFT PRINCESS OLIVIA DOLL,1,2011-10-05 15:52:00,3.75,12723.0,France
530139,22650,CERAMIC PIRATE CHEST MONEY BANK,12,2010-11-01 16:24:00,1.45,14426.0,United Kingdom
524601,21974,SET OF 36 PAISLEY FLOWER DOILIES,12,2010-09-29 16:46:00,1.45,12661.0,Sweden
569897,22508,DOORSTOP RETROSPOT HEART,1,2011-10-06 16:01:00,3.75,17813.0,United Kingdom
512554,37503,TEA TIME CAKE STAND IN GIFT BOX,2,2010-06-16 14:01:00,10.75,15005.0,United Kingdom
513335,21930,JUMBO STORAGE BAG SKULLS,10,2010-06-24 09:49:00,1.95,17686.0,United Kingdom
569537,23507,MINI PLAYING CARDS BUFFALO BILL ,20,2011-10-04 15:45:00,0.42,13269.0,United Kingdom
497742,72760B,VINTAGE CREAM 3 BASKET CAKE STAND,16,2010-02-12 10:45:00,8.49,16029.0,United Kingdom
506224,84709B,PINK OVAL JEWELLED MIRROR,1,2010-04-28 11:55:00,5.91,,United Kingdom
547788,22845,VINTAGE CREAM CAT FOOD CONTAINER,1,2011-03-25 12:00:00,12.46,,United Kingdom
538349,22819,"BIRTHDAY CARD, RETRO SPOT",2,2010-12-10 14:59:00,0.85,,United Kingdom
493667,20888,SET 3 JARDIN DE FEMME SCENT CANDLES,24,2010-01-05 12:13:00,1.25,13253.0,United Kingdom
562933,21787,RAIN PONCHO RETROSPOT,3,2011-08-10 16:51:00,1.63,,United Kingdom
531227,22297,HEART IVORY TRELLIS SMALL,4,2010-11-05 16:42:00,1.25,14825.0,United Kingdom
558906,22470,HEART OF WICKER LARGE,2,2011-07-04 16:35:00,2.95,15555.0,United Kingdom
516839,20726,LUNCH BAG WOODLAND,10,2010-07-23 11:17:00,1.65,12647.0,Germany
572549,22197,POPCORN HOLDER,1,2011-10-24 17:03:00,1.63,,United Kingdom
494471,21484,CHICK GREY HOT WATER BOTTLE,2,2010-01-14 14:48:00,3.45,13680.0,United Kingdom
497815,22058,,192,2010-02-12 14:52:00,0.0,,United Kingdom
575886,21731,RED TOADSTOOL LED NIGHT LIGHT,12,2011-11-11 13:57:00,1.65,12517.0,Germany
535777,22659,LUNCH BOX I LOVE LONDON,8,2010-11-28 13:43:00,1.95,13735.0,United Kingdom
505316,21878,PACK OF 6 SANDCASTLE FLAGS ASSORTED,4,2010-04-21 12:06:00,0.85,16231.0,United Kingdom
567709,22138,BAKING SET 9 PIECE RETROSPOT ,3,2011-09-22 09:53:00,4.95,15239.0,United Kingdom
522298,20972,PINK CREAM FELT CRAFT TRINKET BOX ,12,2010-09-13 14:45:00,1.25,14913.0,United Kingdom
551014,22971,QUEENS GUARD COFFEE MUG,6,2011-04-26 11:04:00,2.55,13209.0,United Kingdom
565461,22568,FELTCRAFT CUSHION OWL,4,2011-09-05 09:34:00,3.75,18261.0,United Kingdom
579520,22175,PINK OWL SOFT TOY,1,2011-11-29 18:14:00,2.95,12748.0,United Kingdom
533140,22866,HAND WARMER SCOTTY DOG DESIGN,2,2010-11-16 13:04:00,2.1,15968.0,United Kingdom
556804,22423,REGENCY CAKESTAND 3 TIER,2,2011-06-14 15:14:00,12.75,15125.0,United Kingdom
559357,21165,BEWARE OF THE CAT METAL SIGN ,2,2011-07-07 18:56:00,1.69,17107.0,United Kingdom
537034,22616,PACK OF 12 LONDON TISSUES ,48,2010-12-03 17:20:00,0.29,13081.0,United Kingdom
501306,35811A,ENAMEL PINK SUGAR CONTAINER,1,2010-03-15 17:29:00,4.21,,United Kingdom
560283,23196,VINTAGE LEAF MAGNETIC NOTEPAD,12,2011-07-18 08:32:00,0.0,,EIRE
535131,22193,RED DINER WALL CLOCK,2,2010-11-25 11:38:00,8.5,14733.0,United Kingdom
535088,22644,CERAMIC CHERRY CAKE MONEY BANK,12,2010-11-25 10:05:00,1.45,17167.0,United Kingdom
574896,23326,HANGING MINI COLOURED BOTTLES,6,2011-11-07 14:51:00,0.63,17014.0,United Kingdom
579550,23096,PETIT TRAY CHIC,12,2011-11-30 10:48:00,1.65,12630.0,Finland
525745,21531,RED RETROSPOT SUGAR JAM BOWL,6,2010-10-07 09:23:00,2.55,13785.0,United Kingdom
516610,20770,ABSTRACT CIRCLE JOURNAL ,6,2010-07-21 14:41:00,2.55,13615.0,United Kingdom
580048,23344,JUMBO BAG 50'S CHRISTMAS ,2,2011-12-01 12:53:00,2.08,12748.0,United Kingdom
537240,22470,HEART OF WICKER LARGE,1,2010-12-06 10:08:00,5.91,,United Kingdom
560079,22706,WRAP COWBOYS  ,25,2011-07-14 16:12:00,0.42,15521.0,United Kingdom
490054,21493, VINTAGE DESIGN GIFT TAGS,48,2009-12-03 13:22:00,0.85,17017.0,United Kingdom
563174,23108,SET OF 10 LED DOLLY LIGHTS,2,2011-08-12 13:40:00,6.25,16746.0,United Kingdom
512168,47597,NEW ENGLAND TEATOWELS,2,2010-06-14 11:24:00,1.66,,United Kingdom
546780,23010,CIRCUS PARADE BABY GIFT SET,24,2011-03-17 07:40:00,14.95,12435.0,Denmark
540356,20677,PINK POLKADOT BOWL,1,2011-01-06 15:12:00,1.66,,United Kingdom
572066,22041,"RECORD FRAME 7"" SINGLE SIZE ",12,2011-10-20 13:07:00,2.55,15159.0,United Kingdom
552658,85141,JARDIN ETCHED GLASS FRUITBOWL,1,2011-05-10 14:57:00,3.95,14534.0,United Kingdom
581217,22187,GREEN CHRISTMAS TREE CARD HOLDER,4,2011-12-08 09:20:00,8.29,,United Kingdom
518271,20718,RED SPOTTY SHOPPER BAG,30,2010-08-06 08:57:00,1.25,12633.0,Germany
574298,22663,JUMBO BAG DOLLY GIRL DESIGN,1,2011-11-03 15:56:00,4.13,,United Kingdom
523364,82494L,WOODEN FRAME ANTIQUE WHITE ,6,2010-09-21 18:05:00,2.55,17850.0,United Kingdom
523864,20767,BLUE PAISLEY JOURNAL ,4,2010-09-24 12:24:00,2.55,15034.0,United Kingdom
513336,21238,RED SPOTTY CUP,8,2010-06-24 09:51:00,0.85,12705.0,Germany
522068,20723,STRAWBERRY CHARLOTTE BAG,1,2010-09-10 17:19:00,0.85,16549.0,United Kingdom
536876,22471,TV DINNER TRAY AIR HOSTESS ,1,2010-12-03 11:36:00,11.02,,United Kingdom
548670,85152,HAND OVER THE CHOCOLATE   SIGN ,2,2011-04-01 15:37:00,2.1,15356.0,United Kingdom
519507,20726,LUNCH BAG WOODLAND,10,2010-08-17 15:17:00,1.65,15144.0,United Kingdom
509743,22277,COSMETIC BAG VINTAGE ROSE PAISLEY,1,2010-05-25 13:21:00,2.1,17841.0,United Kingdom
562892,23296,SET OF 6 TEA TIME BAKING CASES,8,2011-08-10 12:24:00,1.25,16292.0,United Kingdom
534389,85203,HANGING WOOD AND FELT BUTTERFLY ,1,2010-11-22 13:02:00,0.84,,United Kingdom
565396,21314,SMALL GLASS HEART TRINKET POT,6,2011-09-02 16:39:00,4.13,,United Kingdom
525071,22949,36 DOILIES DOLLY GIRL,12,2010-10-03 14:50:00,1.45,12583.0,France
511262,22118,JOY WOODEN BLOCK LETTERS,1,2010-06-07 12:43:00,4.95,16655.0,United Kingdom
544569,21622,VINTAGE UNION JACK CUSHION COVER,3,2011-02-21 12:58:00,4.95,16980.0,United Kingdom
556222,23321,SMALL WHITE HEART OF WICKER,3,2011-06-09 14:23:00,1.69,17522.0,United Kingdom
565491,22946,WOODEN ADVENT CALENDAR CREAM,12,2011-09-05 11:41:00,12.75,13881.0,United Kingdom
548984,21080,SET/20 RED RETROSPOT PAPER NAPKINS ,2,2011-04-05 12:37:00,0.85,14546.0,United Kingdom
527503,22813,PACK 3 BOXES BIRD PANNETONE ,96,2010-10-18 12:23:00,1.65,16133.0,United Kingdom
533140,22047,EMPIRE GIFT WRAP,25,2010-11-16 13:04:00,0.42,15968.0,United Kingdom
566024,23201,JUMBO BAG ALPHABET,10,2011-09-08 12:51:00,2.08,13871.0,United Kingdom
569521,21181,PLEASE ONE PERSON METAL SIGN,1,2011-10-04 14:33:00,2.1,16474.0,United Kingdom
489545,22143,CHRISTMAS CRAFT HEART DECORATIONS,1,2009-12-01 12:22:00,2.1,17804.0,United Kingdom
536876,21846,PINK DIAMANTE PEN IN GIFT BOX,1,2010-12-03 11:36:00,4.21,,United Kingdom
525493,22079,RIBBON REEL HEARTS DESIGN ,4,2010-10-05 16:18:00,1.65,17576.0,United Kingdom
573553,15056bl,EDWARDIAN PARASOL BLACK,1,2011-10-31 13:48:00,12.46,,United Kingdom
490674,22118,JOY WOODEN BLOCK LETTERS,3,2009-12-07 13:06:00,4.95,14307.0,United Kingdom
562339,23198,PANTRY MAGNETIC  SHOPPING LIST,4,2011-08-04 11:59:00,1.45,13571.0,United Kingdom
549240,21034,REX CASH+CARRY JUMBO SHOPPER,1,2011-04-07 11:37:00,0.95,15910.0,United Kingdom
575985,23209,LUNCH BAG VINTAGE DOILY ,1,2011-11-13 14:09:00,1.65,17841.0,United Kingdom
527042,21429,RED GINGHAM ROSE JEWELLERY BOX,8,2010-10-14 12:31:00,1.65,14911.0,EIRE
500784,85049D,BRIGHT BLUES RIBBONS ,12,2010-03-10 10:51:00,1.25,14286.0,United Kingdom
544075,22863,SOAP DISH BROCANTE,48,2011-02-15 14:50:00,2.55,14156.0,EIRE
499308,22266,EASTER DECORATION HANGING BUNNY,24,2010-02-26 10:11:00,0.65,14329.0,United Kingdom
557296,21933,PINK VINTAGE PAISLEY PICNIC BAG,2,2011-06-19 13:51:00,1.65,15334.0,United Kingdom
579300,23344,JUMBO BAG 50'S CHRISTMAS ,32,2011-11-29 11:30:00,2.08,14667.0,United Kingdom
553831,23118,PARISIENNE JEWELLERY DRAWER ,4,2011-05-19 11:36:00,7.5,14442.0,Channel Islands
495150,85062,PEARL CRYSTAL PUMPKIN T-LIGHT HLDR,6,2010-01-21 11:51:00,1.65,14714.0,United Kingdom
544042,82580,BATHROOM METAL SIGN,2,2011-02-15 11:52:00,0.55,14527.0,United Kingdom
499220,84849B,FAIRY SOAP SOAP HOLDER,1,2010-02-25 11:32:00,1.69,14606.0,United Kingdom
530060,85150,LADIES & GENTLEMEN METAL SIGN,1,2010-11-01 11:35:00,2.55,,United Kingdom
557309,21122,SET/10 PINK POLKADOT PARTY CANDLES,24,2011-06-19 15:15:00,1.25,16493.0,United Kingdom
497632,21770,OPEN CLOSED METAL SIGN,1,2010-02-11 13:41:00,4.95,16918.0,United Kingdom
559372,22499,WOODEN UNION JACK BUNTING,3,2011-07-08 10:23:00,5.95,12461.0,Switzerland
576654,22112,CHOCOLATE HOT WATER BOTTLE,1,2011-11-16 10:55:00,4.95,15584.0,United Kingdom
520428,22620,4 TRADITIONAL SPINNING TOPS,48,2010-08-26 11:13:00,1.25,18093.0,United Kingdom
566053,23397,FOOT STOOL HOME SWEET HOME ,1,2011-09-08 14:57:00,9.95,14410.0,United Kingdom
545587,82582,AREA PATROLLED METAL SIGN,2,2011-03-04 09:46:00,2.1,14796.0,United Kingdom
509156,84580,MOUSE TOY WITH PINK T-SHIRT,2,2010-05-20 13:28:00,3.75,15025.0,United Kingdom
580272,22141,CHRISTMAS CRAFT TREE TOP ANGEL,2,2011-12-02 12:52:00,2.1,15547.0,United Kingdom
502922,22482,BLUE TEA TOWEL CLASSIC DESIGN,1,2010-03-29 14:04:00,1.25,18041.0,United Kingdom
537622,22616,PACK OF 12 LONDON TISSUES ,12,2010-12-07 14:30:00,0.29,13173.0,United Kingdom
490745,22348,TEA BAG PLATE RED SPOTTY ,3,2009-12-07 18:02:00,1.7,,United Kingdom
543467,22310,IVORY KNITTED MUG COSY ,1,2011-02-08 14:35:00,3.29,,United Kingdom
557260,22341,LOVE GARLAND PAINTED ZINC ,12,2011-06-19 10:39:00,1.65,17932.0,United Kingdom
537879,85150,LADIES & GENTLEMEN METAL SIGN,6,2010-12-09 08:34:00,2.55,14243.0,United Kingdom
543189,22432,WATERING CAN PINK BUNNY,6,2011-02-04 11:48:00,1.95,17517.0,United Kingdom
567338,22969,HOMEMADE JAM SCENTED CANDLES,12,2011-09-19 15:00:00,1.45,14146.0,United Kingdom
520952,22680,"FRENCH BLUE METAL DOOR SIGN, 5",6,2010-09-01 11:43:00,1.25,14901.0,United Kingdom
510548,71101E,STANDING FAIRY POLE SUPPORT ,6,2010-06-01 15:59:00,0.85,18038.0,United Kingdom
533588,84949,SILVER HANGING T-LIGHT HOLDER,192,2010-11-18 11:55:00,1.45,13089.0,United Kingdom
536742,21211,SET OF 72 SKULL PAPER  DOILIES,1,2010-12-02 13:14:00,1.45,16916.0,United Kingdom
532663,47566B,TEA TIME PARTY BUNTING,12,2010-11-14 11:32:00,4.65,14936.0,Channel Islands
498560,21240,BLUE  SPOTTY CUP,3,2010-02-21 11:29:00,0.85,16335.0,United Kingdom
573579,21156,RETROSPOT CHILDRENS APRON,1,2011-10-31 14:19:00,1.95,15033.0,United Kingdom
519925,22297,HEART IVORY TRELLIS SMALL,48,2010-08-22 15:00:00,1.25,15186.0,United Kingdom
514163,22150,3 STRIPEY MICE FELTCRAFT,2,2010-06-30 15:34:00,1.95,16283.0,United Kingdom
566249,23431,NATURAL HANGING QUILTED HEARTS ,12,2011-09-11 12:09:00,0.83,13527.0,United Kingdom
492226,21378,SMALL TALL CAMPHOR WOOD TOADSTOOL,2,2009-12-15 18:33:00,3.43,,United Kingdom
496913,82607C,GLASS BONBON JAR. SUPERFINES,6,2010-02-04 15:19:00,1.25,16986.0,United Kingdom
561214,22029,SPACEBOY BIRTHDAY CARD,1,2011-07-25 17:00:00,0.83,,United Kingdom
536975,21179,NO JUNK MAIL METAL SIGN,12,2010-12-03 14:04:00,1.25,14911.0,EIRE
516748,22172,METAL SHELF WITH RAIL ,1,2010-07-22 15:06:00,16.98,,United Kingdom
545851,22268,EASTER DECORATION SITTING BUNNY,6,2011-03-07 13:45:00,0.85,15026.0,United Kingdom
553044,21243,PINK  POLKADOT PLATE ,8,2011-05-13 09:24:00,1.69,12682.0,France
556825,85152,HAND OVER THE CHOCOLATE   SIGN ,1,2011-06-15 10:24:00,4.13,,United Kingdom
495185,22236,CAKE STAND 3 TIER MAGIC GARDEN,12,2010-01-21 14:01:00,10.95,14439.0,Greece
537240,22059,CERAMIC STRAWBERRY DESIGN MUG,2,2010-12-06 10:08:00,3.36,,United Kingdom
578074,23109,PACK OF SIX LED TEA LIGHTS,12,2011-11-22 16:06:00,2.89,17590.0,United Kingdom
578510,23196,VINTAGE LEAF MAGNETIC NOTEPAD,2,2011-11-24 13:25:00,1.45,14056.0,United Kingdom
569983,22535,MAGIC DRAWING SLATE BUNNIES ,4,2011-10-06 19:49:00,0.42,17231.0,United Kingdom
543162,22511,RETROSPOT BABUSHKA DOORSTOP,1,2011-02-03 18:08:00,3.75,17507.0,United Kingdom
561359,23206,LUNCH BAG APPLE DESIGN,20,2011-07-26 15:29:00,1.65,17160.0,United Kingdom
490013,22333,RETRO SPORT PARTY BAG + STICKER SET,8,2009-12-03 12:27:00,1.65,17069.0,United Kingdom
562093,85099B,JUMBO BAG RED RETROSPOT,20,2011-08-02 12:59:00,1.79,13777.0,United Kingdom
501922,22119,PEACE WOODEN BLOCK LETTERS,1,2010-03-22 10:26:00,6.95,13151.0,United Kingdom
512946,22109,FULL ENGLISH BREAKFAST PLATE,6,2010-06-20 15:32:00,3.75,17625.0,United Kingdom
496690,22265,EASTER DECORATION NATURAL CHICK,6,2010-02-03 13:09:00,0.65,14399.0,United Kingdom
512902,22083,PAPER CHAIN KIT RETRO SPOT,18,2010-06-18 13:22:00,2.95,12412.0,Denmark
543283,47480,HANGING PHOTO CLIP ROPE LADDER,12,2011-02-07 09:15:00,1.65,15781.0,United Kingdom
558710,22955,36 FOIL STAR CAKE CASES ,1,2011-07-01 13:04:00,2.1,15483.0,United Kingdom
525017,21135,VICTORIAN  METAL POSTCARD SPRING,8,2010-10-03 11:35:00,1.69,13014.0,United Kingdom
558355,22795,SWEETHEART RECIPE BOOK STAND,2,2011-06-28 14:58:00,6.75,13614.0,United Kingdom
559289,21932,SCANDINAVIAN PAISLEY PICNIC BAG,3,2011-07-07 12:22:00,1.65,15719.0,United Kingdom
569007,21912,VINTAGE SNAKES & LADDERS,4,2011-09-29 18:51:00,3.75,17552.0,United Kingdom
566914,21121,SET/10 RED POLKADOT PARTY CANDLES,4,2011-09-15 14:08:00,1.25,15466.0,United Kingdom
556426,22631,CIRCUS PARADE LUNCH BOX ,3,2011-06-10 13:18:00,1.95,16729.0,United Kingdom
551400,85099B,JUMBO BAG RED RETROSPOT,10,2011-04-28 13:18:00,2.08,17160.0,United Kingdom
546117,21080,SET/20 RED RETROSPOT PAPER NAPKINS ,6,2011-03-09 13:56:00,0.85,16771.0,United Kingdom
490938,35633B,BLUE TINSEL GARLAND ,5,2009-12-08 13:59:00,0.19,14605.0,United Kingdom
577095,35637A,IVORY STRING CURTAIN WITH POLE ,1,2011-11-17 16:39:00,1.95,15867.0,United Kingdom
535531,22837,HOT WATER BOTTLE BABUSHKA ,3,2010-11-26 15:16:00,4.65,17841.0,United Kingdom
503964,79191C,RETRO PLASTIC ELEPHANT TRAY,12,2010-04-08 17:04:00,0.85,12998.0,United Kingdom
563936,23268,SET OF 2 CERAMIC CHRISTMAS REINDEER,12,2011-08-22 09:03:00,1.45,17828.0,Malta
537842,21136,PAINTED METAL PEARS ASSORTED,8,2010-12-08 15:12:00,1.69,13140.0,United Kingdom
C552212,23127,FELTCRAFT GIRL NICOLE KIT,-3,2011-05-06 15:08:00,4.95,17422.0,United Kingdom
559894,21156,RETROSPOT CHILDRENS APRON,1,2011-07-13 12:06:00,1.95,14159.0,United Kingdom
529847,21165,BEWARE OF THE CAT METAL SIGN ,3,2010-10-31 13:23:00,1.69,13050.0,United Kingdom
527426,22904,CALENDAR PAPER CUT DESIGN,6,2010-10-17 16:16:00,2.95,17703.0,United Kingdom
523943,21755,LOVE BUILDING BLOCK WORD,1,2010-09-26 11:13:00,5.95,14161.0,United Kingdom
499494,85200,BUNNY EGG BOX,6,2010-02-28 14:12:00,1.25,16283.0,United Kingdom
566602,23275,SET OF 3 HANGING OWLS OLLIE BEAK,1,2011-09-13 16:05:00,2.46,,United Kingdom
502896,22374,AIRLINE BAG VINTAGE JET SET RED,3,2010-03-29 11:49:00,6.35,15527.0,United Kingdom
497922,21156,RED SPOTTY CHILDS APRON,8,2010-02-14 15:47:00,1.95,14909.0,United Kingdom
566060,20774,GREEN FERN NOTEBOOK,1,2011-09-08 15:27:00,1.63,,United Kingdom
552723,22991,GIRAFFE WOODEN RULER,12,2011-05-11 10:18:00,1.95,16229.0,United Kingdom
524525,84832,ZINC WILLIE WINKIE  CANDLE STICK,22,2010-09-29 13:15:00,0.85,14449.0,United Kingdom
534011,82552,WASHROOM METAL SIGN,24,2010-11-19 14:30:00,1.45,17873.0,United Kingdom
532810,21368,MIRRORED WALL ART LADIES,1,2010-11-14 15:23:00,2.55,17545.0,United Kingdom
536409,84906,PINK B'FLY C/COVER W BOBBLES,1,2010-12-01 11:45:00,5.95,17908.0,United Kingdom
536798,22429,ENAMEL MEASURING JUG CREAM,4,2010-12-02 15:55:00,4.25,17838.0,United Kingdom
526392,22411,JUMBO SHOPPER VINTAGE RED PAISLEY,10,2010-10-11 13:19:00,1.95,17675.0,United Kingdom
534158,84836,ZINC METAL HEART DECORATION,12,2010-11-21 12:40:00,1.25,13988.0,United Kingdom
498764,84990,60 GOLD AND SILVER FAIRY CAKE CASES,3,2010-02-22 17:21:00,0.55,14081.0,United Kingdom
541497,22322,BIRD DECORATION GREEN POLKADOT,10,2011-01-18 15:19:00,0.79,,United Kingdom
520847,22362,GLASS JAR PEACOCK BATH SALTS,1,2010-08-31 12:48:00,2.95,16791.0,United Kingdom
546643,22966,GINGERBREAD MAN COOKIE CUTTER,12,2011-03-15 13:23:00,1.25,16214.0,United Kingdom
520554,21524,DOORMAT SPOTTY HOME SWEET HOME,6,2010-08-26 16:25:00,7.49,16523.0,United Kingdom
562711,72807C,SET/3 VANILLA SCENTED CANDLE IN BOX,1,2011-08-08 14:53:00,4.25,16788.0,United Kingdom
521901,21154,RED SPOTTY OVEN GLOVE ,1,2010-09-09 12:37:00,1.25,14688.0,United Kingdom
490074,21543,BUTTERFLY WATER TRANSFER TATTOOS ,1,2009-12-03 14:39:00,1.7,,United Kingdom
541827,22259,FELT FARM ANIMAL HEN,1,2011-01-21 17:05:00,0.83,,United Kingdom
516948,84946,ANTIQUE SILVER TEA GLASS ETCHED,24,2010-07-25 15:27:00,1.25,14551.0,United Kingdom
528263,22470,HEART OF WICKER LARGE,3,2010-10-21 11:52:00,2.95,16412.0,United Kingdom
539112,82486,WOOD S/3 CABINET ANT WHITE FINISH,2,2010-12-16 11:15:00,7.95,13468.0,United Kingdom
516700,22166,"WALL MIRROR , RECT DIAMANTE, PINK/",1,2010-07-22 12:09:00,16.13,,United Kingdom
559337,23203,JUMBO BAG DOILEY PATTERNS,1,2011-07-07 16:27:00,4.13,,United Kingdom
575668,23318,BOX OF 6 MINI VINTAGE CRACKERS,2,2011-11-10 14:59:00,2.49,18283.0,United Kingdom
529368,22775,PURPLE DRAWERKNOB ACRYLIC EDWARDIAN,16,2010-10-28 10:16:00,2.51,,United Kingdom
568145,22496,SET OF 2 ROUND TINS DUTCH CHEESE,6,2011-09-25 11:30:00,2.95,12388.0,Australia
540995,84997B,RED 3 PIECE RETROSPOT CUTLERY SET,1,2011-01-13 09:30:00,7.46,,United Kingdom
540372,22936,BAKING MOULD ROSE WHITE CHOCOLATE,6,2011-01-06 16:41:00,3.25,13081.0,United Kingdom
575649,21039,RED RETROSPOT SHOPPING BAG,1,2011-11-10 14:23:00,2.55,,United Kingdom
543013,22167, OVAL WALL MIRROR DIAMANTE ,1,2011-02-02 13:35:00,8.29,,United Kingdom
535475,22869,NUMBER TILE COTTAGE GARDEN 1,1,2010-11-26 14:09:00,1.95,17817.0,United Kingdom
544206,82578,KITCHEN METAL SIGN,1,2011-02-17 10:33:00,1.25,,United Kingdom
536752,22752,SET 7 BABUSHKA NESTING BOXES,4,2010-12-02 14:06:00,7.65,17850.0,United Kingdom
493978,85099C,JUMBO  BAG BAROQUE BLACK WHITE,100,2010-01-10 11:55:00,1.65,17920.0,United Kingdom
497912,90167,BEADED LOVE HEART JEWELLERY SET,12,2010-02-14 14:35:00,0.85,12867.0,United Kingdom
494387,70007,HI TEC ALPINE HAND WARMER,8,2010-01-14 09:46:00,1.66,,United Kingdom
C581330,22959,WRAP CHRISTMAS VILLAGE,-25,2011-12-08 11:57:00,0.42,15877.0,United Kingdom
520500,21564,PINK  HEART SHAPE LOVE BUCKET ,1,2010-08-26 12:35:00,5.91,,United Kingdom
570273,23503,PLAYING CARDS KEEP CALM & CARRY ON,12,2011-10-10 10:51:00,1.25,13373.0,United Kingdom
580501,21592,RETROSPOT CIGAR BOX MATCHES ,3,2011-12-04 13:00:00,0.39,14546.0,United Kingdom
C547229,22801,ANTIQUE GLASS PEDESTAL BOWL,-1,2011-03-21 15:49:00,3.75,17213.0,United Kingdom
538035,22756,LARGE YELLOW BABUSHKA NOTEBOOK ,3,2010-12-09 13:03:00,1.25,16065.0,United Kingdom
557878,22756,LARGE YELLOW BABUSHKA NOTEBOOK ,8,2011-06-23 13:13:00,1.25,16940.0,United Kingdom
510195,20716,PARTY FOOD SHOPPER BAG,2,2010-05-27 19:53:00,1.25,13230.0,United Kingdom
545230,20960,WATERMELON BATH SPONGE,1,2011-03-01 09:55:00,2.46,,United Kingdom
575477,22386,JUMBO BAG PINK POLKADOT,4,2011-11-09 16:14:00,4.13,,United Kingdom
580903,23169,CLASSIC GLASS COOKIE JAR,3,2011-12-06 12:56:00,4.15,14606.0,United Kingdom
514685,22458,CAST IRON HOOK GARDEN FORK,8,2010-07-05 14:11:00,2.55,15076.0,United Kingdom
581114,22795,SWEETHEART RECIPE BOOK STAND,1,2011-12-07 12:19:00,6.75,14527.0,United Kingdom
493961,47590B,PINK HAPPY BIRTHDAY BUNTING,1,2010-01-08 15:16:00,5.45,17841.0,United Kingdom
555275,20961,STRAWBERRY BATH SPONGE ,1,2011-06-01 17:18:00,2.46,,United Kingdom
551961,22906,12 MESSAGE CARDS WITH ENVELOPES,12,2011-05-05 12:39:00,1.65,13883.0,United Kingdom
507398,48184,DOOR MAT ENGLISH ROSE ,1,2010-05-09 13:15:00,7.49,17913.0,United Kingdom
534289,21354,TOAST ITS - BEST MUM,1,2010-11-22 11:25:00,2.51,,United Kingdom
564144,82616B,FRAPPUCINO SCARF KNITTING KIT,12,2011-08-23 11:53:00,1.25,13939.0,United Kingdom
557484,21872,GLAMOROUS  MUG,1,2011-06-20 14:36:00,1.25,14796.0,United Kingdom
563753,20727,LUNCH BAG  BLACK SKULL.,10,2011-08-19 10:51:00,1.65,12513.0,France
570458,84580,MOUSE TOY WITH PINK T-SHIRT,2,2011-10-10 15:39:00,3.75,14535.0,United Kingdom
511096,22719,GUMBALL MONOCHROME COAT RACK,12,2010-06-06 15:49:00,1.25,12682.0,France
538177,22969,HOMEMADE JAM SCENTED CANDLES,2,2010-12-10 09:51:00,3.36,,United Kingdom
566602,21507,ELEPHANT BIRTHDAY CARD ,1,2011-09-13 16:05:00,0.83,,United Kingdom
578270,21154,RED RETROSPOT OVEN GLOVE ,1,2011-11-23 13:39:00,2.46,14096.0,United Kingdom
504909,22198,"POPCORN HOLDER , LARGE",12,2010-04-19 08:57:00,1.65,15410.0,United Kingdom
532114,16161P,WRAP ENGLISH ROSE ,25,2010-11-10 17:39:00,0.42,14030.0,United Kingdom
571713,21356,TOAST ITS - FAIRY FLOWER,1,2011-10-18 16:58:00,0.83,,United Kingdom
501836,47566B,TEA TIME PARTY BUNTING,6,2010-03-19 17:03:00,4.65,15808.0,United Kingdom
578018,21844,RED RETROSPOT MUG,6,2011-11-22 13:08:00,2.95,15311.0,United Kingdom
556629,22427,ENAMEL FLOWER JUG CREAM,3,2011-06-13 14:55:00,5.95,14841.0,United Kingdom
541479,22090,PAPER BUNTING RETROSPOT,40,2011-01-18 11:54:00,2.55,16422.0,United Kingdom
563093,22659,LUNCH BOX I LOVE LONDON,1,2011-08-11 17:28:00,4.13,,United Kingdom
501443,20971,PINK BLUE FELT CRAFT TRINKET BOX,4,2010-03-16 14:01:00,1.25,15005.0,United Kingdom
571475,21982,PACK OF 12 SUKI TISSUES ,12,2011-10-17 14:42:00,0.39,15033.0,United Kingdom
507401,22093,MOTORING TISSUE BOX,1,2010-05-09 13:38:00,1.25,15555.0,United Kingdom
553842,20728,LUNCH BAG CARS BLUE,10,2011-05-19 12:24:00,1.65,12524.0,Germany
550938,15056N,EDWARDIAN PARASOL NATURAL,3,2011-04-21 15:16:00,5.95,16019.0,United Kingdom
579508,23309,SET OF 60 I LOVE LONDON CAKE CASES ,3,2011-11-29 16:33:00,1.25,,United Kingdom
559662,22355,CHARLOTTE BAG SUKI DESIGN,10,2011-07-11 13:32:00,0.85,16572.0,United Kingdom
543281,90214K,"LETTER ""K"" BLING KEY RING",1,2011-02-06 15:34:00,1.25,14606.0,United Kingdom
537434,90129F,RED GLASS TASSLE BAG CHARM,3,2010-12-06 16:57:00,1.66,,United Kingdom
525261,84992,72 SWEETHEART FAIRY CAKE CASES,24,2010-10-04 15:41:00,0.55,13035.0,United Kingdom
491041,21412,VINTAGE GOLD TINSEL REEL,2,2009-12-09 09:42:00,4.3,,United Kingdom
567661,21902,"KEY FOB , FRONT  DOOR ",5,2011-09-21 15:06:00,0.65,13959.0,United Kingdom
522943,84380,SET OF 3 BUTTERFLY COOKIE CUTTERS,12,2010-09-17 15:51:00,1.25,12543.0,Spain
524267,21063,PARTY INVITES JAZZ HEARTS,12,2010-09-28 11:44:00,0.85,17364.0,United Kingdom
511111,22271,FELTCRAFT DOLL ROSIE,1,2010-06-07 10:05:00,2.95,17994.0,United Kingdom
491966,20978,36 PENCILS TUBE SKULLS,3,2009-12-14 17:16:00,2.57,,United Kingdom
503997,21658,GLASS  BEURRE DISH,12,2010-04-09 11:34:00,3.95,15223.0,United Kingdom
576246,22494,EMERGENCY FIRST AID TIN ,2,2011-11-14 13:42:00,1.25,17566.0,United Kingdom
530818,22841,ROUND CAKE TIN VINTAGE GREEN,2,2010-11-04 13:14:00,7.95,13772.0,United Kingdom
562892,21974,SET OF 36 PAISLEY FLOWER DOILIES,12,2011-08-10 12:24:00,1.45,16292.0,United Kingdom
563588,23298,SPOTTY BUNTING,196,2011-08-17 19:15:00,4.15,17450.0,United Kingdom
494012,20766,GARDEN PATH SKETCHBOOK,1,2010-01-11 09:31:00,3.43,,United Kingdom
494483,85014A,BLACK/BLUE DOTS RUFFLED UMBRELLA,6,2010-01-14 16:33:00,5.95,13562.0,United Kingdom
566599,23297,SET 40 HEART SHAPE PETIT FOUR CASES,3,2011-09-13 15:37:00,1.65,15998.0,United Kingdom
519341,22129,PARTY CONES CANDY TREE DECORATION,24,2010-08-16 12:00:00,0.85,15050.0,United Kingdom
505165,21871,SAVE THE PLANET MUG,4,2010-04-20 12:29:00,1.25,15885.0,United Kingdom
514498,21507,"ELEPHANT, BIRTHDAY CARD, ",1,2010-07-04 10:45:00,0.42,16782.0,United Kingdom
553006,21544,SKULLS  WATER TRANSFER TATTOOS ,12,2011-05-12 16:45:00,0.85,15544.0,United Kingdom
581439,84946,ANTIQUE SILVER T-LIGHT GLASS,9,2011-12-08 16:30:00,2.46,,United Kingdom
501011,21781,MA CAMPAGNE CUTLERY BOX,4,2010-03-11 15:36:00,14.95,15768.0,United Kingdom
542526,21458,2 PICTURE BOOK EGGS EASTER BUNNY,6,2011-01-28 12:43:00,1.25,14659.0,United Kingdom
540468,22071,SMALL WHITE RETROSPOT MUG IN BOX ,1,2011-01-07 13:55:00,3.36,,United Kingdom
521796,22411,JUMBO SHOPPER VINTAGE RED PAISLEY,1,2010-09-08 13:57:00,1.95,17220.0,United Kingdom
499276,22412,METAL SIGN NEIGHBOURHOOD WITCH ,3,2010-02-25 18:12:00,2.1,15456.0,United Kingdom
550500,22131,FOOD CONTAINER SET 3 LOVE HEART ,1,2011-04-18 15:26:00,4.13,,United Kingdom
522952,22297,HEART IVORY TRELLIS SMALL,6,2010-09-19 11:25:00,1.25,14553.0,United Kingdom
536987,85123A,WHITE HANGING HEART T-LIGHT HOLDER,6,2010-12-03 14:54:00,2.95,17198.0,United Kingdom
536520,22583,PACK OF 6 HANDBAG GIFT BOXES,3,2010-12-01 12:43:00,2.55,14729.0,United Kingdom
533353,22867,HAND WARMER BIRD DESIGN,24,2010-11-17 10:02:00,2.1,13767.0,United Kingdom
526637,21213,PACK OF 72 SKULL CAKE CASES,48,2010-10-12 13:16:00,0.55,14688.0,United Kingdom
559979,22596,CHRISTMAS STAR WISH LIST CHALKBOARD,12,2011-07-14 11:20:00,1.25,14862.0,United Kingdom
509743,71495A,CD WALL TIDY BLUE OFFICE,1,2010-05-25 13:21:00,0.42,17841.0,United Kingdom
546406,90214N,"LETTER ""N"" BLING KEY RING",1,2011-03-11 16:21:00,0.83,,United Kingdom
544924,82482,WOODEN PICTURE FRAME WHITE FINISH,6,2011-02-24 17:18:00,2.55,13851.0,United Kingdom
554039,22534,MAGIC DRAWING SLATE SPACEBOY ,96,2011-05-20 14:27:00,0.42,15095.0,United Kingdom
507218,85226C,BLUE PULL BACK RACING CAR,6,2010-05-06 19:08:00,0.55,14713.0,United Kingdom
528613,22322,BIRD DECORATION GREEN POLKADOT,1,2010-10-22 15:57:00,1.66,,United Kingdom
516790,20727,LUNCH BAG  BLACK SKULL.,2,2010-07-23 10:35:00,1.65,17963.0,United Kingdom
529507,21498,RED RETROSPOT WRAP ,25,2010-10-28 14:29:00,0.42,16129.0,United Kingdom
525524,22500,SET OF 2 TINS JARDIN DE PROVENCE,1,2010-10-05 17:55:00,4.95,15750.0,United Kingdom
499497,84081,WHITE CERAMIC PARTY SET (5PCS),1,2010-02-28 14:24:00,4.25,14396.0,United Kingdom
536353,22149,FELTCRAFT 6 FLOWER FRIENDS,18,2010-11-30 17:43:00,2.1,17160.0,United Kingdom
545687,22659,LUNCH BOX I LOVE LONDON,2,2011-03-06 12:20:00,1.95,17769.0,United Kingdom
565437,22735,RIBBON REEL SOCKS AND MITTENS,10,2011-09-04 13:48:00,1.65,17050.0,United Kingdom
537823,22133,PINK LOVE HEART SHAPE CUP,2,2010-12-08 14:25:00,1.66,,United Kingdom
505579,22188,BLACK HEART CARD HOLDER,4,2010-04-23 12:13:00,3.39,17448.0,United Kingdom
560772,84876B,GREEN HEART COMPACT MIRROR,1,2011-07-20 16:12:00,2.46,,United Kingdom
503859,22358,KINGS CHOICE TEA CADDY ,6,2010-04-08 10:30:00,2.95,14855.0,United Kingdom
500449,21495,SKULLS WRAP,25,2010-03-08 12:08:00,0.42,17542.0,United Kingdom
552640,23203,JUMBO BAG DOILEY PATTERNS,1,2011-05-10 13:19:00,2.08,17841.0,United Kingdom
494762,84469,ROSE DES PADDED FLOOR CUSHION,1,2010-01-18 12:36:00,6.95,17841.0,United Kingdom
551005,85099C,JUMBO  BAG BAROQUE BLACK WHITE,2,2011-04-26 09:48:00,4.13,,United Kingdom
523508,20685,DOORMAT RED SPOT,1,2010-09-22 12:13:00,14.43,,United Kingdom
559693,22421,LIPSTICK PEN FUSCHIA,1,2011-07-11 16:21:00,0.83,,United Kingdom
521185,21768,WALL MOUNTED VINTAGE ORGANISER,6,2010-09-02 16:33:00,12.75,16133.0,United Kingdom
512567,22479,DAISY GARDEN MARKER,10,2010-06-16 14:41:00,1.25,14619.0,United Kingdom
553546,21888,BINGO SET,144,2011-05-17 15:42:00,3.39,12415.0,Australia
527252,21172,PARTY METAL SIGN ,12,2010-10-15 12:30:00,1.45,15207.0,United Kingdom
500353,21240,BLUE  SPOTTY CUP,8,2010-03-07 15:25:00,0.85,12668.0,Germany
545322,85099B,JUMBO BAG RED RETROSPOT,100,2011-03-01 14:56:00,1.65,13599.0,United Kingdom
522029,20750,RED/WHITE DOT MINI CASES,4,2010-09-10 12:05:00,7.95,12474.0,Germany
C515153,85014B,RED/WHITE DOTS RUFFLED UMBRELLA,-3,2010-07-08 15:02:00,5.95,12693.0,Germany
577218,90058B,CRYSTAL STUD EARRINGS ASSORTED COL ,36,2011-11-18 12:02:00,0.38,13117.0,United Kingdom
576617,23245,SET OF 3 REGENCY CAKE TINS,1,2011-11-15 16:57:00,10.79,,United Kingdom
535993,21891,TRADITIONAL WOODEN SKIPPING ROPE,12,2010-11-29 13:42:00,1.25,12870.0,United Kingdom
570602,22413,METAL SIGN TAKE IT OR LEAVE IT ,6,2011-10-11 12:17:00,2.95,14141.0,United Kingdom
523552,22197,SMALL POPCORN HOLDER,1,2010-09-22 15:07:00,1.66,,United Kingdom
493264,84029D,LEOPARD PRINT HOT WATER BOTTLE,2,2009-12-22 15:04:00,7.78,,United Kingdom
547697,22300,COFFEE MUG DOG + BALL DESIGN,6,2011-03-24 16:23:00,2.55,14348.0,United Kingdom
539405,POST,POSTAGE,6,2010-12-17 12:38:00,18.0,12621.0,Germany
548162,22079,RIBBON REEL HEARTS DESIGN ,2,2011-03-29 13:42:00,2.46,,United Kingdom
570225,23157,SET OF 6 NATIVITY MAGNETS ,4,2011-10-09 13:15:00,2.08,16595.0,United Kingdom
525458,21231,SWEETHEART CERAMIC TRINKET BOX,4,2010-10-05 14:45:00,2.51,,United Kingdom
523127,21811,CHRISTMAS HANGING HEART WITH BELL,1,2010-09-20 13:41:00,1.25,17259.0,United Kingdom
568565,23317,BLUE REFECTORY CLOCK ,1,2011-09-27 17:31:00,9.95,,United Kingdom
566726,23268,SET OF 2 CERAMIC CHRISTMAS REINDEER,3,2011-09-14 13:12:00,1.45,15021.0,United Kingdom
517578,21985,PACK OF 12 HEARTS DESIGN TISSUES ,48,2010-07-30 10:44:00,0.29,14346.0,United Kingdom
532149,21080,SET/20 RED RETROSPOT PAPER NAPKINS ,12,2010-11-11 12:04:00,0.85,15290.0,United Kingdom
496321,84402D,PINK DRESS JEWELLERY STAND ,2,2010-01-31 12:43:00,2.95,16014.0,United Kingdom
525900,21932,SCANDINAVIAN PAISLEY PICNIC BAG,5,2010-10-07 15:41:00,2.95,15314.0,United Kingdom
529265,21945,STRAWBERRIES  DESIGN FLANNEL ,12,2010-10-27 11:45:00,0.85,17473.0,United Kingdom
497494,47566,PARTY BUNTING,10,2010-02-10 08:44:00,4.65,13092.0,United Kingdom
546888,20659,ECONOMY LUGGAGE TAG,5,2011-03-17 18:15:00,2.46,,United Kingdom
576864,21263,GREEN GOOSE FEATHER TREE 60CM,2,2011-11-16 16:06:00,1.95,12748.0,United Kingdom
547063,22329,ROUND CONTAINER SET OF 5 RETROSPOT,2,2011-03-20 13:33:00,1.65,14769.0,United Kingdom
506566,21439,BASKET OF TOADSTOOLS,6,2010-04-30 12:46:00,1.25,14648.0,United Kingdom
501789,22241,GARLAND WOODEN HAPPY EASTER,1,2010-03-19 13:01:00,1.25,15768.0,United Kingdom
496579,22325,MOBILE VINTAGE HEARTS ,1,2010-02-02 13:48:00,4.95,12748.0,United Kingdom
568510,23343,JUMBO BAG VINTAGE CHRISTMAS ,18,2011-09-27 12:26:00,2.08,13555.0,United Kingdom
526140,21124,SET/10 BLUE SPOTTY PARTY CANDLES,24,2010-10-08 14:40:00,1.25,14665.0,United Kingdom
541827,21026,SPACE OWL,7,2011-01-21 17:05:00,0.83,,United Kingdom
535531,37446,MINI CAKE STAND WITH HANGING CAKES,3,2010-11-26 15:16:00,1.45,17841.0,United Kingdom
566062,23398,HANGING HEART BONHEUR,48,2011-09-08 15:39:00,0.85,14522.0,United Kingdom
566438,23410,CURIO CABINET LINEN AND LACE ,1,2011-09-12 15:14:00,8.15,15996.0,United Kingdom
578844,47591D,PINK FAIRY CAKE CHILDRENS APRON,1,2011-11-25 16:14:00,4.13,,United Kingdom
567211,84596B,SMALL DOLLY MIX DESIGN ORANGE BOWL,8,2011-09-19 11:02:00,0.42,14159.0,United Kingdom
576339,21905,MORE BUTTER METAL SIGN ,1,2011-11-14 15:27:00,1.63,14096.0,United Kingdom
551158,21468,BUTTERFLY CROCHET FOOD COVER,3,2011-04-26 15:00:00,3.75,16823.0,United Kingdom
501919,85163A,WHITE BAROQUE WALL CLOCK ,2,2010-03-22 10:21:00,12.75,13148.0,United Kingdom
524307,22467,GUMBALL COAT RACK,12,2010-09-28 13:54:00,2.55,17092.0,United Kingdom
564840,21774,DECORATIVE CATS BATHROOM BOTTLE,2,2011-08-30 12:49:00,2.46,,United Kingdom
523718,85099B,JUMBO BAG RED RETROSPOT,10,2010-09-23 15:48:00,1.95,13985.0,United Kingdom
533452,22633,HAND WARMER UNION JACK,24,2010-11-17 11:48:00,2.1,16258.0,United Kingdom
495379,22381,TOY TIDY PINK RETROSPOT  ,2,2010-01-24 13:46:00,2.1,17611.0,United Kingdom
517328,21535,RED RETROSPOT SMALL MILK JUG,12,2010-07-28 12:46:00,2.55,13408.0,United Kingdom
492795,85178,VICTORIAN SEWING KIT,8,2009-12-20 10:43:00,1.25,18077.0,United Kingdom
493446,85113,POLKA DOT PISTACHIO PAIL,3,2010-01-04 14:00:00,2.1,17807.0,United Kingdom
494990,84992,72 SWEETHEART FAIRY CAKE CASES,24,2010-01-20 11:54:00,0.55,14388.0,United Kingdom
524299,22579,WOODEN TREE CHRISTMAS SCANDINAVIAN,12,2010-09-28 13:13:00,0.85,14911.0,EIRE
C517887,22423,REGENCY CAKESTAND 3 TIER,-1,2010-08-03 08:55:00,12.75,16094.0,United Kingdom
534398,22867,HAND WARMER BIRD DESIGN,12,2010-11-22 13:25:00,2.1,13889.0,United Kingdom
528577,21864,UNION JACK FLAG PASSPORT COVER ,5,2010-10-22 13:13:00,4.21,,United Kingdom
544150,22762,CUPBOARD 3 DRAWER MA CAMPAGNE,1,2011-02-16 11:59:00,14.95,14180.0,United Kingdom
504427,22323,PINK POLKADOT KIDS BAG,1,2010-04-13 13:21:00,1.95,14030.0,United Kingdom
568798,22111,SCOTTIE DOG HOT WATER BOTTLE,3,2011-09-29 10:23:00,4.95,12615.0,France
533088,22311,OFFICE MUG WARMER BLACK+SILVER ,48,2010-11-16 10:05:00,2.55,12357.0,Switzerland
521791,20669,RED HEART LUGGAGE TAG,6,2010-09-08 13:30:00,1.25,14667.0,United Kingdom
519932,84879,ASSORTED COLOUR BIRD ORNAMENT,8,2010-08-22 16:05:00,1.69,17231.0,United Kingdom
531362,21136,PAINTED METAL PEARS ASSORTED,1,2010-11-07 14:28:00,1.69,13561.0,United Kingdom
522983,22666,RECIPE BOX PANTRY YELLOW DESIGN,1,2010-09-19 14:07:00,2.95,17913.0,United Kingdom
565439,84991,60 TEATIME FAIRY CAKE CASES,24,2011-09-04 13:56:00,0.55,14852.0,United Kingdom
491969,21396,RED SPOTTY EGG CUP ,1,2009-12-14 17:57:00,3.43,,United Kingdom
517235,82616A,BUBBLE GUM SCARF KNITTING KIT,1,2010-07-27 13:52:00,2.95,12804.0,Netherlands
500498,22487,WHITE WOOD GARDEN PLANT LADDER,4,2010-03-08 13:17:00,8.5,17672.0,United Kingdom
501161,20990,SPRING FLOWER CHOPSTICKS SET/5,2,2010-03-15 09:28:00,4.21,,United Kingdom
566723,23399,HOME SWEET HOME HANGING HEART,12,2011-09-14 13:02:00,0.85,15804.0,United Kingdom
516941,20961,STRAWBERRY BATH SPONGE ,1,2010-07-25 14:30:00,1.25,15898.0,United Kingdom
527095,22403,MAGNETS PACK OF 4 VINTAGE LABELS ,1,2010-10-14 16:24:00,1.25,17823.0,United Kingdom
508184,85164B,BLACK BAROQUE CUCKOO CLOCK,6,2010-05-13 12:47:00,8.5,13078.0,United Kingdom
581219,22727,ALARM CLOCK BAKELIKE RED ,1,2011-12-08 09:28:00,7.46,,United Kingdom
526473,21034,REX CASH+CARRY JUMBO SHOPPER,1,2010-10-11 17:01:00,0.95,16407.0,United Kingdom
545996,22083,PAPER CHAIN KIT RETROSPOT,3,2011-03-08 14:12:00,2.95,14367.0,United Kingdom
574738,71477,COLOUR GLASS. STAR T-LIGHT HOLDER,3,2011-11-06 16:01:00,3.95,12748.0,United Kingdom
560248,23187,FRENCH STYLE STORAGE JAR BONBONS,6,2011-07-17 12:24:00,0.29,16255.0,United Kingdom
548011,22382,LUNCH BAG SPACEBOY DESIGN ,200,2011-03-29 11:14:00,1.45,14646.0,Netherlands
C512668,22184,CAKE STAND VICTORIAN FILIGREE LARGE,-2,2010-06-17 11:33:00,8.5,16158.0,United Kingdom
528092,20981,12 PENCILS TALL TUBE WOODLAND,2,2010-10-20 13:19:00,0.85,14449.0,United Kingdom
525524,85099B,JUMBO BAG RED RETROSPOT,10,2010-10-05 17:55:00,1.95,15750.0,United Kingdom
560646,23134,LARGE ZINC HEART WALL ORGANISER,87,2011-07-20 11:28:00,5.88,18102.0,United Kingdom
543450,21086,SET/6 RED SPOTTY PAPER CUPS,5,2011-02-08 12:12:00,1.63,,United Kingdom
576355,22920,HERB MARKER BASIL,12,2011-11-14 16:28:00,0.65,13089.0,United Kingdom
556241,23052,RECYCLED ACAPULCO MAT TURQUOISE,2,2011-06-09 16:04:00,8.25,12597.0,Spain
569652,23321,SMALL WHITE HEART OF WICKER,12,2011-10-05 12:51:00,1.65,15628.0,United Kingdom
562129,85099B,JUMBO BAG RED RETROSPOT,10,2011-08-03 09:09:00,2.08,13186.0,United Kingdom
515910,17091A,LAVENDER INCENSE IN TIN,36,2010-07-15 13:17:00,0.38,14298.0,United Kingdom
495331,20726,LUNCH BAG WOODLAND,4,2010-01-22 16:28:00,1.65,17799.0,United Kingdom
533423,21914,BLUE HARMONICA IN BOX ,12,2010-11-17 11:19:00,1.25,16386.0,United Kingdom
519714,20681,PINK SPOTTY CHILDS UMBRELLA,12,2010-08-19 15:45:00,3.25,17829.0,United Arab Emirates
C567686,20728,LUNCH BAG CARS BLUE,-10,2011-09-21 16:42:00,1.65,17702.0,United Kingdom
570265,22722,SET OF 6 SPICE TINS PANTRY DESIGN,24,2011-10-10 10:07:00,3.45,15125.0,United Kingdom
566033,22278,OVERNIGHT BAG VINTAGE ROSE PAISLEY,1,2011-09-08 13:07:00,4.95,16031.0,United Kingdom
539437,22962,JAM JAR WITH PINK LID,12,2010-12-17 14:54:00,1.66,,United Kingdom
570694,22666,RECIPE BOX PANTRY YELLOW DESIGN,6,2011-10-12 08:10:00,2.95,14911.0,EIRE
573553,20970,PINK FLORAL FELTCRAFT SHOULDER BAG,1,2011-10-31 13:48:00,7.46,,United Kingdom
506097,22423,REGENCY CAKESTAND 3 TIER,3,2010-04-27 12:20:00,12.75,16456.0,United Kingdom
545013,20725,LUNCH BAG RED RETROSPOT,20,2011-02-25 13:09:00,1.65,13093.0,United Kingdom
576618,90036C,"FLOWER GLASS GARLAND NECKL.36""BLUE",1,2011-11-15 17:00:00,7.9,,United Kingdom
567673,22086,PAPER CHAIN KIT 50'S CHRISTMAS ,1,2011-09-21 15:43:00,5.79,,United Kingdom
550579,22629,SPACEBOY LUNCH BOX ,12,2011-04-19 11:52:00,1.95,13266.0,United Kingdom
571275,23194,GYMKHANA TREASURE BOOK BOX,1,2011-10-16 12:28:00,2.25,15994.0,United Kingdom
506556,22458,CAST IRON HOOK GARDEN FORK,2,2010-04-30 11:28:00,2.55,14994.0,United Kingdom
536216,22634,CHILDS BREAKFAST SET SPACEBOY ,1,2010-11-30 13:41:00,9.95,14390.0,United Kingdom
544806,21927,BLUE/CREAM STRIPE CUSHION COVER ,12,2011-02-23 14:50:00,1.25,15932.0,United Kingdom
537240,21894,POTTING SHED SEED ENVELOPES,3,2010-12-06 10:08:00,2.51,,United Kingdom
520179,22198,LARGE POPCORN HOLDER ,10,2010-08-24 13:46:00,1.65,16550.0,United Kingdom
522813,22643,SET OF 4 NAPKIN CHARMS LEAVES   ,6,2010-09-16 18:09:00,2.55,15664.0,United Kingdom
490011,37464,ROBOT MUG IN DISPLAY BOX,5,2009-12-03 12:27:00,1.25,16918.0,United Kingdom
491457,21146,ANTIQUE GLASS RIDGED HANGING BALL,4,2009-12-11 11:26:00,1.95,15998.0,United Kingdom
548012,21929,JUMBO BAG PINK VINTAGE PAISLEY,5,2011-03-29 11:15:00,1.95,17377.0,United Kingdom
534204,22866,HAND WARMER SCOTTY DOG DESIGN,12,2010-11-21 15:30:00,2.1,15634.0,United Kingdom
552514,20719,WOODLAND CHARLOTTE BAG,2,2011-05-09 16:30:00,1.63,,United Kingdom
507178,21559,STRAWBERRY LUNCH BOX WITH CUTLERY,60,2010-05-06 15:17:00,2.1,14646.0,Netherlands
548516,22193,RED DINER WALL CLOCK,1,2011-03-31 16:28:00,16.63,,United Kingdom
542386,22835,HOT WATER BOTTLE I AM SO POORLY,8,2011-01-27 14:35:00,4.65,17540.0,United Kingdom
498416,48187,DOOR MAT NEW ENGLAND,2,2010-02-18 16:16:00,7.49,14783.0,United Kingdom
533314,10002,INFLATABLE POLITICAL GLOBE ,12,2010-11-16 17:12:00,0.85,13158.0,United Kingdom
543170,22493,PAINT YOUR OWN CANVAS SET,24,2011-02-04 09:03:00,1.65,17334.0,United Kingdom
520363,84828,JUNGLE POPSICLES ICE LOLLY HOLDERS,1,2010-08-25 14:04:00,2.51,,United Kingdom
496801,22249,DECORATION WHITE CHICK MAGIC GARDEN,1,2010-02-03 17:06:00,1.66,,United Kingdom
507235,72232,FENG SHUI PILLAR CANDLE,48,2010-05-07 09:04:00,0.19,14298.0,United Kingdom
568989,23203,JUMBO BAG VINTAGE DOILY ,10,2011-09-29 16:41:00,2.08,14709.0,United Kingdom
564635,85099C,JUMBO  BAG BAROQUE BLACK WHITE,20,2011-08-26 12:41:00,2.08,15615.0,United Kingdom
531690,22646,CERAMIC STRAWBERRY CAKE MONEY BANK,3,2010-11-09 11:49:00,4.21,,United Kingdom
543451,22771,CLEAR DRAWER KNOB ACRYLIC EDWARDIAN,14,2011-02-08 12:13:00,2.46,,United Kingdom
511544,21577,SAVE THE PLANET COTTON TOTE BAG,1,2010-06-08 17:48:00,5.06,,United Kingdom
577033,21098,CHRISTMAS TOILET ROLL,2,2011-11-17 13:16:00,1.25,17797.0,United Kingdom
537224,22910,PAPER CHAIN KIT VINTAGE CHRISTMAS,4,2010-12-05 16:24:00,2.95,13174.0,United Kingdom
534709,85049A,TRADITIONAL CHRISTMAS RIBBONS,3,2010-11-23 16:53:00,2.51,,United Kingdom
556905,23075,PARLOUR CERAMIC WALL HOOK,2,2011-06-15 13:05:00,4.15,16904.0,United Kingdom
558475,17084P,DRAGONS BLOOD INCENSE,1,2011-06-29 15:58:00,0.42,,United Kingdom
501807,21977,PACK OF 60 PINK PAISLEY CAKE CASES,7,2010-03-19 14:05:00,0.55,17799.0,United Kingdom
579470,85123A,WHITE HANGING HEART T-LIGHT HOLDER,6,2011-11-29 15:06:00,2.95,16549.0,United Kingdom
538849,84849A,HELLO SAILOR BLUE SOAP HOLDER,4,2010-12-14 13:31:00,1.69,14415.0,United Kingdom
547828,22854,CREAM SWEETHEART EGG HOLDER,4,2011-03-25 15:18:00,4.95,16618.0,United Kingdom
569669,22557,PLASTERS IN TIN VINTAGE PAISLEY ,2,2011-10-05 13:47:00,1.65,14730.0,United Kingdom
529082,84991,60 TEATIME FAIRY CAKE CASES,1,2010-10-26 13:11:00,0.55,14546.0,United Kingdom
558368,84077,WORLD WAR 2 GLIDERS ASSTD DESIGNS,96,2011-06-28 15:36:00,0.29,14329.0,United Kingdom
C493898,M,Manual,-1,2010-01-08 10:40:00,780.52,14911.0,EIRE
511611,85123A,WHITE HANGING HEART T-LIGHT HOLDER,2,2010-06-09 11:28:00,2.95,15352.0,United Kingdom
564756,22747,POPPY'S PLAYHOUSE BATHROOM,1,2011-08-30 10:33:00,4.13,,United Kingdom
569667,22596,CHRISTMAS STAR WISH LIST CHALKBOARD,12,2011-10-05 13:42:00,1.25,17521.0,United Kingdom
518065,84029E,RED WOOLLY HOTTIE WHITE HEART.,12,2010-08-04 12:41:00,2.95,14298.0,United Kingdom
536409,22153,ANGEL DECORATION STARS ON DRESS,6,2010-12-01 11:45:00,0.42,17908.0,United Kingdom
505723,21900,"KEY FOB , SHED",3,2010-04-25 13:48:00,0.65,17146.0,United Kingdom
501475,22068,BLACK PIRATE TREASURE CHEST,1,2010-03-16 16:59:00,3.36,,United Kingdom
502234,20723,STRAWBERRY CHARLOTTE BAG,10,2010-03-23 12:24:00,0.85,16327.0,United Kingdom
562420,21985,PACK OF 12 HEARTS DESIGN TISSUES ,1,2011-08-04 16:38:00,0.83,,United Kingdom
578479,23082,SET 6 PAPER TABLE LANTERN HEARTS ,4,2011-11-24 12:48:00,3.75,15858.0,United Kingdom
551958,22431,WATERING CAN BLUE ELEPHANT,6,2011-05-05 12:37:00,1.95,13883.0,United Kingdom
501307,84978,HANGING HEART JAR T-LIGHT HOLDER,1,2010-03-15 17:32:00,2.51,,United Kingdom
492414,21100,CHARLIE AND LOLA CHARLOTTE BAG,1,2009-12-16 17:01:00,3.43,,United Kingdom
555572,22413,METAL SIGN TAKE IT OR LEAVE IT ,6,2011-06-05 15:37:00,2.95,12449.0,Belgium
572758,21166,COOK WITH WINE METAL SIGN ,1,2011-10-25 18:39:00,4.13,,United Kingdom
570818,84510A,SET OF 4 ENGLISH ROSE COASTERS,1,2011-10-12 12:47:00,1.25,17841.0,United Kingdom
524506,22649,STRAWBERRY FAIRY CAKE TEAPOT,8,2010-09-29 12:40:00,4.95,17470.0,United Kingdom
492543,20747,PICCADILLY TEA SET,1,2009-12-17 13:41:00,14.95,,United Kingdom
573483,21314,SMALL GLASS HEART TRINKET POT,24,2011-10-31 11:32:00,2.1,15793.0,United Kingdom
546392,84510C,SET OF 4 POLKADOT COASTERS,1,2011-03-11 14:15:00,1.25,14587.0,United Kingdom
574839,23284,DOORMAT KEEP CALM AND COME IN,1,2011-11-07 11:40:00,8.25,15493.0,United Kingdom
577309,84970S,HANGING HEART ZINC T-LIGHT HOLDER,12,2011-11-18 13:14:00,0.85,15933.0,United Kingdom
516146,21328,BALLOONS  WRITING SET ,1,2010-07-16 17:58:00,3.36,,United Kingdom
579457,22469,HEART OF WICKER SMALL,12,2011-11-29 14:20:00,1.65,14824.0,United Kingdom
567024,22114,HOT WATER BOTTLE TEA AND SYMPATHY,14,2011-09-16 11:23:00,9.13,,United Kingdom
547498,22633,HAND WARMER UNION JACK,3,2011-03-23 12:24:00,2.1,15021.0,United Kingdom
519407,22083,PAPER CHAIN KIT RETRO SPOT,6,2010-08-17 09:47:00,2.95,15498.0,United Kingdom
537614,22728,ALARM CLOCK BAKELIKE PINK,2,2010-12-07 13:29:00,3.75,16904.0,United Kingdom
506472,22584,PACK OF 6 PANNETONE GIFT BOXES,6,2010-04-30 09:47:00,2.55,17230.0,United Kingdom
539631,22740,POLKADOT PEN,2,2010-12-20 15:03:00,1.66,,United Kingdom
503217,22568,FELTCRAFT CUSHION OWL,1,2010-03-30 16:17:00,3.75,18002.0,United Kingdom
572074,22910,PAPER CHAIN KIT VINTAGE CHRISTMAS,2,2011-10-20 13:54:00,2.95,16284.0,United Kingdom
553345,21136,PAINTED METAL PEARS ASSORTED,16,2011-05-16 12:53:00,1.69,16729.0,United Kingdom
525167,22570,FELTCRAFT CUSHION RABBIT,4,2010-10-04 12:14:00,3.75,12486.0,Sweden
534459,21829,DINOSAUR KEYRINGS ASSORTED,2,2010-11-23 09:12:00,0.43,,United Kingdom
530972,21213,PACK OF 72 SKULL CAKE CASES,24,2010-11-05 09:47:00,0.55,13846.0,United Kingdom
563171,22896,PEG BAG APPLES DESIGN,6,2011-08-12 12:46:00,2.55,16317.0,United Kingdom
500751,84795D,SEASIDE STRIPE HAMMOCK,2,2010-03-10 10:25:00,7.95,13081.0,United Kingdom
564825,84968A,SET OF 16 VINTAGE ROSE CUTLERY,1,2011-08-30 12:26:00,24.96,,United Kingdom
576255,22866,HAND WARMER SCOTTY DOG DESIGN,2,2011-11-14 14:09:00,2.1,15993.0,United Kingdom
499498,71053,WHITE METAL LANTERN,2,2010-02-28 14:34:00,3.75,14396.0,United Kingdom
540698,82600,NO SINGING METAL SIGN,48,2011-01-11 09:24:00,2.21,17450.0,United Kingdom
577530,22193,RED DINER WALL CLOCK,2,2011-11-20 13:48:00,8.5,14950.0,United Kingdom
547247,35915B,BLUE KNITTED HEN ,12,2011-03-22 09:01:00,1.65,18225.0,United Kingdom
508825,37340,MULTICOLOUR SPRING FLOWER MUG,6,2010-05-18 13:36:00,0.85,17043.0,United Kingdom
567912,23197,SKETCHBOOK MAGNETIC SHOPPING LIST,2,2011-09-22 17:07:00,1.45,15555.0,United Kingdom
515182,21975,PACK OF 60 DINOSAUR CAKE CASES,24,2010-07-08 19:56:00,0.55,14702.0,United Kingdom
530613,21524,DOORMAT SPOTTY HOME SWEET HOME,2,2010-11-03 15:46:00,7.95,15628.0,United Kingdom
508747,22196,SMALL HEART MEASURING SPOONS,1,2010-05-18 11:40:00,1.66,,United Kingdom
555872,23301,GARDENERS KNEELING PAD KEEP CALM ,12,2011-06-07 15:04:00,1.65,13395.0,United Kingdom
524972,20724,RED RETROSPOT CHARLOTTE BAG,10,2010-10-01 14:57:00,0.85,13849.0,United Kingdom
536865,22960,JAM MAKING SET WITH JARS,2,2010-12-03 11:28:00,8.47,,United Kingdom
526108,21705,BAG 500g SWIRLY MARBLES,12,2010-10-08 12:48:00,1.65,14904.0,United Kingdom
523998,21035,SET/2 RED RETROSPOT TEA TOWELS ,3,2010-09-26 15:46:00,2.95,13118.0,United Kingdom
525410,22818,CARD CHRISTMAS VILLAGE,12,2010-10-05 12:37:00,0.42,16393.0,United Kingdom
C580832,23238,SET OF 4 KNICK KNACK TINS LONDON ,-1,2011-12-06 11:40:00,3.75,12753.0,Japan
531922,22383,LUNCH BAG SUKI  DESIGN ,2,2010-11-10 12:09:00,1.65,17974.0,United Kingdom
533965,22358,KINGS CHOICE TEA CADDY ,3,2010-11-19 13:06:00,5.91,,United Kingdom
579777,37448,CERAMIC CAKE DESIGN SPOTTED MUG,1,2011-11-30 15:13:00,3.29,,United Kingdom
553411,22984,CARD GINGHAM ROSE ,12,2011-05-17 09:28:00,0.42,12714.0,France
550131,22855,FINE WICKER HEART ,12,2011-04-14 13:27:00,1.25,15935.0,United Kingdom
498549,21527,RETRO SPOT TRADITIONAL TEAPOT ,1,2010-02-19 18:04:00,16.98,,United Kingdom
533029,21217,RED RETROSPOT ROUND CAKE TINS,6,2010-11-15 16:05:00,9.95,17706.0,United Kingdom
536272,20685,DOORMAT RED RETROSPOT,2,2010-11-30 16:01:00,7.95,15867.0,United Kingdom
532821,22570,FELTCRAFT CUSHION RABBIT,2,2010-11-14 16:32:00,3.75,14382.0,United Kingdom
579259,23372,SET 36 COLOUR PENCILS DOLLY GIRL,16,2011-11-29 08:40:00,1.25,12451.0,Switzerland
552232,21932,SCANDINAVIAN PAISLEY PICNIC BAG,3,2011-05-06 15:54:00,2.46,,United Kingdom
500098,82581,TOILET METAL SIGN,4,2010-03-04 12:32:00,0.55,16771.0,United Kingdom
558089,22743,MAKE YOUR OWN FLOWERPOWER CARD KIT,6,2011-06-26 12:36:00,2.95,13505.0,Switzerland
547873,85144,JARDIN ETCHED GLASS CHEESE DISH,2,2011-03-27 15:33:00,7.25,13240.0,United Kingdom
499506,20990,SPRING FLOWER CHOPSTICKS SET/5,4,2010-02-28 16:00:00,1.95,15031.0,United Kingdom
556245,21917,SET 12 KIDS  WHITE CHALK STICKS,2,2011-06-09 16:10:00,0.42,17841.0,United Kingdom
565682,21181,PLEASE ONE PERSON METAL SIGN,2,2011-09-06 10:42:00,2.1,14796.0,United Kingdom
528730,21504,SKULLS GREETING CARD,12,2010-10-24 13:28:00,0.42,13574.0,United Kingdom
495889,82581,TOILET METAL SIGN,2,2010-01-27 12:19:00,0.55,17604.0,United Kingdom
571030,23308,SET OF 60 VINTAGE LEAF CAKE CASES ,72,2011-10-13 12:26:00,0.55,12876.0,Belgium
525835,22862,LOVE HEART NAPKIN BOX ,4,2010-10-07 12:15:00,4.25,17726.0,United Kingdom
492251,22139,RETRO SPOT TEA SET CERAMIC 11 PC ,3,2009-12-16 10:51:00,4.95,14156.0,EIRE
571559,23206,LUNCH BAG APPLE DESIGN,20,2011-10-18 09:32:00,1.65,14911.0,EIRE
527520,22086,PAPER CHAIN KIT 50'S CHRISTMAS ,5,2010-10-18 13:18:00,5.91,,United Kingdom
531356,21324,HANGING MEDINA LANTERN SMALL,6,2010-11-07 13:52:00,2.95,16559.0,United Kingdom
495353,21563,RED HEART SHAPE LOVE BUCKET ,1,2010-01-24 11:21:00,2.95,17780.0,United Kingdom
545797,21441,BLUE BIRDHOUSE DECORATION,6,2011-03-07 12:17:00,0.85,16225.0,United Kingdom
490711,21146,ANTIQUE GLASS RIDGED HANGING BALL,2,2009-12-07 15:26:00,1.95,17841.0,United Kingdom
561887,84596B,SMALL DOLLY MIX DESIGN ORANGE BOWL,16,2011-07-31 13:33:00,0.42,14414.0,United Kingdom
518775,20726,LUNCH BAG WOODLAND,1,2010-08-11 15:46:00,4.21,,United Kingdom
542107,84692,BOX OF 24 COCKTAIL PARASOLS,1,2011-01-25 13:38:00,0.42,16222.0,United Kingdom
573748,23170,REGENCY TEA PLATE ROSES ,12,2011-11-01 09:24:00,1.65,14911.0,EIRE
537237,85132A,CHARLIE + LOLA BISCUITS TINS,2,2010-12-06 09:58:00,8.47,,United Kingdom
C569985,20727,LUNCH BAG  BLACK SKULL.,-10,2011-10-06 19:51:00,1.65,15365.0,United Kingdom
555567,46000M,POLYESTER FILLER PAD 45x45cm,12,2011-06-05 15:25:00,1.55,17050.0,United Kingdom
573300,23354,6 GIFT TAGS 50'S CHRISTMAS ,1,2011-10-28 16:10:00,0.83,16049.0,United Kingdom
496361,16161E,WRAP BOUDOIR ,25,2010-02-01 10:20:00,0.1,17969.0,United Kingdom
513328,85099B,JUMBO BAG RED RETROSPOT,1,2010-06-23 17:16:00,1.95,,United Kingdom
490711,84671B,CROCHET BEAR WITH BLUE STRIPES,1,2009-12-07 15:26:00,2.55,17841.0,United Kingdom
515479,21911,GARDEN METAL SIGN ,1,2010-07-13 09:58:00,3.36,,United Kingdom
527474,22749,FELTCRAFT PRINCESS CHARLOTTE DOLL,2,2010-10-18 11:25:00,3.75,17220.0,United Kingdom
554998,82482,WOODEN PICTURE FRAME WHITE FINISH,6,2011-05-29 15:35:00,2.55,15925.0,United Kingdom
491756,37441,ASSORTED WHITE EMBOSSED CHINA MUGS,12,2009-12-14 12:18:00,2.1,15329.0,United Kingdom
546653,22179,SET 10 LIGHTS NIGHT OWL,1,2011-03-15 14:18:00,13.29,,United Kingdom
569220,23323,WHITE WICKER STAR ,4,2011-10-02 13:26:00,2.1,16007.0,United Kingdom
572549,20772,GARDEN PATH JOURNAL,2,2011-10-24 17:03:00,4.96,,United Kingdom
526231,22158,3 HEARTS HANGING DECORATION RUSTIC,16,2010-10-10 15:44:00,2.95,16843.0,United Kingdom
574672,23076,ICE CREAM SUNDAE LIP GLOSS,24,2011-11-06 12:25:00,1.25,13532.0,United Kingdom
505090,84520B,PACK 20 ENGLISH ROSE PAPER NAPKINS,12,2010-04-20 10:40:00,0.85,18276.0,United Kingdom
563909,23274,STAR T-LIGHT HOLDER WILLIE WINKIE,12,2011-08-21 12:36:00,1.65,15701.0,United Kingdom
531357,22634,CHILDS BREAKFAST SET SPACEBOY ,2,2010-11-07 14:04:00,9.95,12437.0,France
576075,22356,CHARLOTTE BAG PINK POLKADOT,6,2011-11-13 16:16:00,0.85,15861.0,United Kingdom
501477,21750,LARGE SKULL WINDMILL,12,2010-03-17 09:26:00,2.1,17479.0,United Kingdom
538566,22411,JUMBO SHOPPER VINTAGE RED PAISLEY,1,2010-12-13 11:21:00,4.21,,United Kingdom
518977,22755,SMALL PURPLE BABUSHKA NOTEBOOK ,24,2010-08-12 16:27:00,0.85,15581.0,United Kingdom
510427,90185D,CRYSTAL DIAMANTE EXPANDABLE RING,6,2010-05-30 12:44:00,4.25,16934.0,United Kingdom
552227,84596J,,70,2011-05-06 15:27:00,0.0,,United Kingdom
563549,85114c,RED ENCHANTED FOREST PLACEMAT,1,2011-08-17 12:34:00,3.29,,United Kingdom
558113,22727,ALARM CLOCK BAKELIKE RED ,4,2011-06-27 08:48:00,3.75,14911.0,EIRE
534177,22945,CHRISTMAS METAL TAGS ASSORTED ,12,2010-11-21 13:46:00,0.85,12872.0,United Kingdom
537823,21948,SET OF 6 CAKE CHOPSTICKS,1,2010-12-08 14:25:00,2.51,,United Kingdom
512766,21366,MIRRORED WALL ART PHOTO FRAMES,1,2010-06-17 16:20:00,4.25,13077.0,United Kingdom
533311,22459,CAST IRON HOOK GARDEN TROWEL,2,2010-11-16 17:03:00,2.55,16904.0,United Kingdom
510445,84836,ZINC METAL HEART DECORATION,2,2010-05-30 15:58:00,1.25,18069.0,United Kingdom
569535,23405,HOME SWEET HOME 2 DRAWER CABINET,2,2011-10-04 15:41:00,4.95,15044.0,United Kingdom
492269,84559B,3D SHEET OF CAT STICKERS,12,2009-12-16 11:23:00,0.85,17677.0,United Kingdom
538558,85199S,SMALL HANGING IVORY/RED WOOD BIRD,4,2010-12-13 10:58:00,0.42,13069.0,United Kingdom
509932,21949,SET OF 6 STRAWBERRY CHOPSTICKS,1,2010-05-26 12:36:00,2.51,,United Kingdom
576837,23004,TRAVEL CARD WALLET PANTRY,3,2011-11-16 15:16:00,0.83,,United Kingdom
489597,85086A,CANDY SPOT HEART DECORATION,1,2009-12-01 14:28:00,1.7,,United Kingdom
548796,84596G,SMALL CHOCOLATES PINK BOWL,8,2011-04-04 12:42:00,0.42,15752.0,United Kingdom
495720,48194,DOORMAT HEARTS,2,2010-01-26 14:43:00,6.75,17059.0,United Kingdom
526089,22040,BOTANICAL ROSE GIFT WRAP,25,2010-10-08 12:14:00,0.42,15281.0,United Kingdom
534192,84945,MULTI COLOUR SILVER T-LIGHT HOLDER,60,2010-11-21 14:34:00,0.85,13213.0,United Kingdom
546980,22890,NOVELTY BISCUITS CAKE STAND 3 TIER,2,2011-03-18 12:18:00,9.95,13591.0,United Kingdom
567579,84879,ASSORTED COLOUR BIRD ORNAMENT,16,2011-09-21 10:48:00,1.69,18228.0,United Kingdom
548162,22327,ROUND SNACK BOXES SET OF 4 SKULLS,2,2011-03-29 13:42:00,6.63,,United Kingdom
490292,21239,PINK  SPOTTY CUP,1,2009-12-04 13:23:00,0.85,16723.0,United Kingdom
506137,21217,RED SPOTTY ROUND CAKE TINS,2,2010-04-27 15:31:00,9.95,13319.0,United Kingdom
578067,85032C,CURIOUS IMAGES GIFT WRAP SET,1,2011-11-22 15:43:00,1.63,,United Kingdom
515880,22492,MINI PAINT SET VINTAGE ,36,2010-07-15 11:47:00,0.65,14107.0,United Kingdom
566972,21790,VINTAGE SNAP CARDS,12,2011-09-16 09:13:00,0.85,16573.0,United Kingdom
577469,23493,VINTAGE DOILY TRAVEL SEWING KIT,10,2011-11-20 11:25:00,1.95,15009.0,United Kingdom
491833,85065,CREAM SWEETHEART TRAYS,1,2009-12-14 14:35:00,12.75,12926.0,United Kingdom
540953,21078,SET/20 STRAWBERRY PAPER NAPKINS ,1,2011-01-12 13:16:00,0.85,14587.0,United Kingdom
580647,37340,MULTICOLOUR SPRING FLOWER MUG,6,2011-12-05 13:14:00,0.39,14083.0,United Kingdom
524934,22569,FELTCRAFT CUSHION BUTTERFLY,4,2010-10-01 11:49:00,3.75,17521.0,United Kingdom
525020,22151,PLACE SETTING WHITE HEART,24,2010-10-03 11:53:00,0.42,13590.0,United Kingdom
529213,22444,GROW YOUR OWN PLANT IN A CAN ,24,2010-10-27 10:32:00,1.25,15198.0,United Kingdom
506245,22365,DOOR MAT RESPECTABLE HOUSE,2,2010-04-28 13:21:00,7.49,16447.0,United Kingdom
499683,21667,GLASS CAKE COVER AND PLATE,6,2010-03-02 09:42:00,14.95,16705.0,United Kingdom
544434,22299,PIG KEYRING WITH LIGHT & SOUND ,2,2011-02-18 16:12:00,2.46,,United Kingdom
556198,22898,CHILDRENS APRON APPLES DESIGN,3,2011-06-09 12:30:00,1.95,14963.0,United Kingdom
521389,22406,MONEY BOX KINGS CHOICE DESIGN,12,2010-09-05 14:01:00,1.25,13032.0,United Kingdom
537823,22505,MEMO BOARD COTTAGE DESIGN,1,2010-12-08 14:25:00,11.02,,United Kingdom
577230,23301,GARDENERS KNEELING PAD KEEP CALM ,2,2011-11-18 12:08:00,1.65,18034.0,United Kingdom
503965,21621,VINTAGE UNION JACK BUNTING,4,2010-04-08 17:05:00,8.5,14548.0,United Kingdom
561610,22489,PACK OF 12 TRADITIONAL CRAYONS,24,2011-07-28 12:28:00,0.42,16076.0,United Kingdom
539240,84916,HAND TOWEL PALE BLUE W FLOWERS,10,2010-12-16 13:15:00,1.25,15194.0,United Kingdom
538866,21259,VICTORIAN SEWING BOX SMALL ,4,2010-12-14 14:40:00,5.95,17841.0,United Kingdom
504436,79323P,PINK CHERRY LIGHTS,72,2010-04-13 13:33:00,5.45,14156.0,EIRE
511100,22326,ROUND SNACK BOXES SET OF4 WOODLAND ,12,2010-06-07 08:37:00,2.95,17416.0,United Kingdom
516875,22346,PARTY PIZZA DISH GREEN RETROSPOT,12,2010-07-23 13:29:00,0.85,13665.0,United Kingdom
541844,22834,HAND WARMER BABUSHKA DESIGN,2,2011-01-23 12:19:00,2.1,16931.0,United Kingdom
519343,47599B,BLUE PARTY BAGS ,6,2010-08-16 12:12:00,2.1,12687.0,Sweden
558991,21948,SET OF 6 CAKE CHOPSTICKS,2,2011-07-05 11:32:00,1.25,14606.0,United Kingdom
527085,22905,CALENDAR IN SEASON DESIGN,3,2010-10-14 15:45:00,2.95,17611.0,United Kingdom
516734,21915,RED  HARMONICA IN BOX ,48,2010-07-22 13:43:00,1.25,16555.0,United Kingdom
563746,20724,RED RETROSPOT CHARLOTTE BAG,10,2011-08-19 10:05:00,0.85,14745.0,United Kingdom
560856,23079,TOADSTOOL BEDSIDE LIGHT ,2,2011-07-21 13:06:00,8.95,16607.0,United Kingdom
502030,84709B,PINK OVAL JEWELLED MIRROR,2,2010-03-22 13:11:00,5.91,,United Kingdom
557263,20726,LUNCH BAG WOODLAND,100,2011-06-19 11:08:00,1.45,14646.0,Netherlands
504829,21936,RED RETROSPOT PICNIC BAG,5,2010-04-16 13:17:00,2.95,16125.0,United Kingdom
569367,23536,WALL ART VILLAGE SHOW ,2,2011-10-03 15:28:00,5.95,13994.0,United Kingdom
537366,22570,FELTCRAFT CUSHION RABBIT,13,2010-12-06 12:39:00,3.75,14085.0,United Kingdom
508483,21624,VINTAGE UNION JACK DOORSTOP,1,2010-05-16 12:51:00,5.95,17841.0,United Kingdom
548545,37370,RETRO COFFEE MUGS ASSORTED,12,2011-03-31 19:12:00,1.25,13118.0,United Kingdom
547206,22423,REGENCY CAKESTAND 3 TIER,2,2011-03-21 14:18:00,12.75,16791.0,United Kingdom
557644,23090,VINTAGE GLASS T-LIGHT HOLDER,1,2011-06-21 17:06:00,1.63,,United Kingdom
541801,21985,PACK OF 12 HEARTS DESIGN TISSUES ,24,2011-01-21 14:39:00,0.29,15235.0,United Kingdom
578995,23344,JUMBO BAG 50'S CHRISTMAS ,4,2011-11-27 15:59:00,2.08,15861.0,United Kingdom
540538,22212,FOUR HOOK  WHITE LOVEBIRDS,1,2011-01-09 14:36:00,2.1,17841.0,United Kingdom
550496,23206,LUNCH BAG APPLE DESIGN,2,2011-04-18 15:05:00,4.13,,United Kingdom
491805,21126,SET OF 6 GIRLS CELEBRATION CANDLES,12,2009-12-14 13:10:00,1.25,12613.0,Germany
508504,22468,BABUSHKA LIGHTS STRING OF 10,5,2010-05-16 16:05:00,6.75,13451.0,United Kingdom
537773,20766,GARDEN PATH SKETCHBOOK,1,2010-12-08 12:36:00,3.75,16016.0,United Kingdom
498513,21380,WOODEN HAPPY BIRTHDAY GARLAND,6,2010-02-19 12:07:00,2.95,17145.0,United Kingdom
519592,21556,CERAMIC STRAWBERRY MONEY BOX,6,2010-08-18 14:37:00,2.55,12474.0,Germany
511481,21214,SET OF 72 IVORY PAPER DOILIES,1,2010-06-08 14:00:00,1.45,15353.0,United Kingdom
581034,21931,JUMBO STORAGE BAG SUKI,10,2011-12-07 10:48:00,2.08,17049.0,United Kingdom
498444,85202,HANGING WOOD AND FELT HEART,1,2010-02-19 09:52:00,0.84,,United Kingdom
514184,21527,RED RETROSPOT TRADITIONAL TEAPOT ,4,2010-06-30 15:52:00,7.95,13319.0,United Kingdom
542646,22930,BAKING MOULD HEART MILK CHOCOLATE,8,2011-01-31 11:42:00,2.55,17220.0,United Kingdom
523115,22204,MILK PAN BLUE RETROSPOT,4,2010-09-20 12:41:00,3.75,12388.0,Australia
536698,22382,LUNCH BAG SPACEBOY DESIGN ,10,2010-12-02 12:28:00,1.65,15363.0,United Kingdom
496343,21986,PACK OF 12 PINK SPOT TISSUES ,48,2010-01-31 15:51:00,0.29,13478.0,United Kingdom
547921,84625A,PINK NEW BAROQUECANDLESTICK CANDLE,24,2011-03-28 13:28:00,0.85,14766.0,United Kingdom
569866,23272,TREE T-LIGHT HOLDER WILLIE WINKIE,3,2011-10-06 14:50:00,1.65,12757.0,Portugal
574660,21509,COWBOYS AND INDIANS BIRTHDAY CARD ,12,2011-11-06 11:55:00,0.42,15407.0,United Kingdom
491207,84880,WHITE WIRE EGG HOLDER,2,2009-12-10 14:13:00,5.95,17884.0,United Kingdom
576371,23131,MISTLETOE HEART WREATH CREAM,4,2011-11-15 08:07:00,4.15,14911.0,EIRE
566076,22191,IVORY DINER WALL CLOCK,6,2011-09-09 09:13:00,8.5,12449.0,Belgium
545999,22766,PHOTO FRAME CORNICE,8,2011-03-08 14:44:00,2.95,13089.0,United Kingdom
538641,22077,6 RIBBONS RUSTIC CHARM,36,2010-12-13 14:36:00,1.65,15640.0,United Kingdom
549729,84944,SET OF 6 KASHMIR FOLKART BAUBLES,1,2011-04-11 16:17:00,4.25,13634.0,United Kingdom
557885,20665,RED RETROSPOT PURSE ,6,2011-06-23 13:37:00,2.95,12465.0,Belgium
552643,85123A,WHITE HANGING HEART T-LIGHT HOLDER,2,2011-05-10 13:24:00,2.95,16791.0,United Kingdom
573601,22174,PHOTO CUBE,11,2011-10-31 15:24:00,4.13,,United Kingdom
508251,22551,PLASTERS IN TIN SPACEBOY,24,2010-05-14 10:40:00,1.65,13157.0,United Kingdom
516990,84795b,SUNSET CHECK HAMMOCK,1,2010-07-26 11:00:00,16.98,,United Kingdom
503549,15056N,EDWARDIAN PARASOL NATURAL,2,2010-04-01 15:04:00,12.72,,United Kingdom
568069,22630,DOLLY GIRL LUNCH BOX,12,2011-09-23 14:05:00,1.95,13336.0,United Kingdom
528615,22157,ANGEL DECORATION WITH LACE PADDED,4,2010-10-22 16:36:00,0.85,17231.0,United Kingdom
522711,20829,GLITTER HANGING BUTTERFLY STRING,1,2010-09-16 11:40:00,2.1,17348.0,United Kingdom
568346,23188,VINTAGE  2 METER FOLDING RULER,1,2011-09-26 15:28:00,3.29,14096.0,United Kingdom
568317,22846,BREAD BIN DINER STYLE RED ,2,2011-09-26 13:25:00,16.95,17491.0,United Kingdom
547967,23194,GYMKHANA TREASURE BOOK BOX,1,2011-03-28 15:49:00,4.58,,United Kingdom
541584,22197,SMALL POPCORN HOLDER,1,2011-01-19 14:12:00,1.63,,United Kingdom
524706,21327,SKULLS WRITING SET ,2,2010-09-30 12:33:00,3.36,,United Kingdom
493435,17039,INLAID WOOD INCENSE HOLDER,10,2010-01-04 12:57:00,0.29,13206.0,United Kingdom
570597,23545,WRAP RED VINTAGE DOILY,25,2011-10-11 11:49:00,0.42,16837.0,United Kingdom
517981,22469,HEART OF WICKER SMALL,1,2010-08-03 14:52:00,3.36,,United Kingdom
579196,21716,BOYS VINTAGE TIN SEASIDE BUCKET,1,2011-11-28 15:54:00,4.96,14096.0,United Kingdom
568402,21790,VINTAGE SNAP CARDS,12,2011-09-27 10:34:00,0.85,16629.0,United Kingdom
517317,21217,RED SPOTTY ROUND CAKE TINS,1,2010-07-28 11:46:00,9.95,15596.0,United Kingdom
562933,82578,KITCHEN METAL SIGN,1,2011-08-10 16:51:00,1.25,,United Kingdom
564850,35819B,"ACRYLIC HANGING JEWEL,BLUE",10,2011-08-30 16:43:00,0.38,17298.0,United Kingdom
496348,21123,SET/10 IVORY SPOTTY PARTY CANDLES,1,2010-01-31 16:02:00,1.25,15022.0,United Kingdom
520054,22694,WICKER STAR ,12,2010-08-23 14:59:00,2.1,16208.0,United Kingdom
574481,23354,6 GIFT TAGS 50'S CHRISTMAS ,1,2011-11-04 12:45:00,0.83,18022.0,United Kingdom
491147,85226A,WHITE/BLUE PULL BACK RACING CAR,2,2009-12-09 17:27:00,0.55,14710.0,United Kingdom
535102,22153,ANGEL DECORATION STARS ON DRESS,10,2010-11-25 11:00:00,0.42,17996.0,United Kingdom
518076,22413,METAL SIGN TAKE IT OR LEAVE IT ,3,2010-08-04 13:42:00,2.95,15456.0,United Kingdom
531470,21349,IVY HEART WREATH,4,2010-11-08 14:05:00,6.75,15641.0,United Kingdom
527407,22511,RETROSPOT BABUSHKA DOORSTOP,1,2010-10-17 14:44:00,3.75,17141.0,United Kingdom
564835,85049H,URBAN BLACK RIBBONS ,2,2011-08-30 12:31:00,0.83,,United Kingdom
569683,22156,HEART DECORATION WITH PEARLS ,36,2011-10-05 14:39:00,0.85,15953.0,United Kingdom
566566,84596B,SMALL DOLLY MIX DESIGN ORANGE BOWL,3,2011-09-13 12:32:00,0.83,14096.0,United Kingdom
563509,22646,CERAMIC STRAWBERRY CAKE MONEY BANK,12,2011-08-17 10:46:00,1.45,16092.0,United Kingdom
505708,20975,12 PENCILS SMALL TUBE RED SPOTTY,1,2010-04-25 12:15:00,0.65,13782.0,United Kingdom
558390,85099B,JUMBO BAG RED RETROSPOT,30,2011-06-29 10:23:00,2.08,13461.0,United Kingdom
541214,22113,GREY HEART HOT WATER BOTTLE,8,2011-01-14 13:41:00,3.75,15570.0,United Kingdom
575932,82482,WOODEN PICTURE FRAME WHITE FINISH,3,2011-11-13 10:35:00,2.95,16923.0,United Kingdom
576059,21714,CITRONELLA CANDLE GARDEN POT,6,2011-11-13 15:19:00,1.25,15411.0,United Kingdom
541206,21507,"ELEPHANT, BIRTHDAY CARD, ",144,2011-01-14 12:24:00,0.36,14646.0,Netherlands
561094,23076,ICE CREAM SUNDAE LIP GLOSS,24,2011-07-25 10:04:00,1.25,12474.0,Germany
541848,22037,ROBOT BIRTHDAY CARD,12,2011-01-23 13:31:00,0.42,17611.0,United Kingdom
568993,85099B,JUMBO BAG RED RETROSPOT,10,2011-09-29 16:51:00,2.08,15062.0,United Kingdom
568234,46000S,POLYESTER FILLER PAD 40x40cm,8,2011-09-26 11:38:00,1.45,17705.0,United Kingdom
561803,22434,BALLOON PUMP WITH 10 BALLOONS,8,2011-07-29 14:39:00,1.95,17926.0,United Kingdom
540848,21112,"SWISS ROLL TOWEL, PINK  SPOTS",4,2011-01-12 09:26:00,2.51,,United Kingdom
560381,71477,COLOUR GLASS. STAR T-LIGHT HOLDER,24,2011-07-18 12:42:00,2.75,14733.0,United Kingdom
504594,22367,CHILDS APRON SPACEBOY DESIGN,4,2010-04-15 10:49:00,1.95,15910.0,United Kingdom
560926,22924,FRIDGE MAGNETS LA VIE EN ROSE,6,2011-07-22 09:20:00,1.8,,United Kingdom
537666,22738,RIBBON REEL SNOWY VILLAGE,2,2010-12-07 18:36:00,3.36,,United Kingdom
493974,21034,REX CASH+CARRY JUMBO SHOPPER,1,2010-01-10 11:12:00,0.95,16787.0,United Kingdom
C528492,22843,BISCUIT TIN VINTAGE GREEN,-1,2010-10-22 12:11:00,6.75,17646.0,United Kingdom
568513,23264,SET OF 3 WOODEN SLEIGH DECORATIONS,24,2011-09-27 12:36:00,1.25,13555.0,United Kingdom
564356,22355,CHARLOTTE BAG SUKI DESIGN,10,2011-08-24 15:47:00,0.85,13969.0,United Kingdom
520727,17038,PORCELAIN BUDAH INCENSE HOLDER,10,2010-08-29 15:45:00,0.1,16755.0,United Kingdom
552293,84380,SET OF 3 BUTTERFLY COOKIE CUTTERS,12,2011-05-08 14:05:00,1.25,16232.0,United Kingdom
567632,40016,CHINESE DRAGON PAPER LANTERNS,156,2011-09-21 13:33:00,0.42,13946.0,United Kingdom
559418,22900,SET 2 TEA TOWELS I LOVE LONDON ,6,2011-07-08 11:36:00,3.25,12681.0,France
537607,22900, SET 2 TEA TOWELS I LOVE LONDON ,4,2010-12-07 13:18:00,2.95,15965.0,United Kingdom
563194,22426,ENAMEL WASH BOWL CREAM,4,2011-08-12 16:36:00,3.75,17858.0,United Kingdom
528239,84991,60 TEATIME FAIRY CAKE CASES,24,2010-10-21 11:42:00,0.55,16954.0,United Kingdom
509300,20819,SILVER TEDDY BEAR,24,2010-05-21 11:59:00,1.25,12355.0,Bahrain
512589,22059,CERAMIC STRWBERRY DESIGN MUG,1,2010-06-16 16:04:00,3.36,,United Kingdom
568134,22592,CARDHOLDER HOLLY WREATH METAL,1,2011-09-23 17:02:00,7.46,,United Kingdom
553526,21713,CITRONELLA CANDLE FLOWERPOT,8,2011-05-17 14:54:00,2.1,16266.0,United Kingdom
491109,85123A,WHITE HANGING HEART T-LIGHT HOLDER,4,2009-12-09 14:30:00,2.95,13825.0,United Kingdom
580730,22178,VICTORIAN GLASS HANGING T-LIGHT,4,2011-12-05 17:28:00,2.46,,United Kingdom
567668,79190A,RETRO PLASTIC 70'S TRAY,1,2011-09-21 15:29:00,0.83,,United Kingdom
569086,22197,POPCORN HOLDER,1000,2011-09-30 11:58:00,0.72,17949.0,United Kingdom
511745,22139,RETRO SPOT TEA SET CERAMIC 11 PC ,3,2010-06-10 10:43:00,4.95,15183.0,United Kingdom
570333,17136A,BLUE STONES ON WIRE FOR CANDLE,5,2011-10-10 12:19:00,0.08,18126.0,United Kingdom
500326,72133,COLUMBIAN CANDLE RECTANGLE,2,2010-03-07 12:25:00,1.25,14877.0,United Kingdom
548894,22285,HANGING HEN ON NEST DECORATION,2,2011-04-04 16:01:00,3.29,,United Kingdom
528734,21166,COOK WITH WINE METAL SIGN ,12,2010-10-24 13:55:00,1.95,17435.0,United Kingdom
568185,22365,DOORMAT RESPECTABLE HOUSE,1,2011-09-25 14:08:00,8.25,16594.0,United Kingdom
558321,22055,MINI CAKE STAND  HANGING STRAWBERY,1,2011-06-28 11:53:00,3.29,,United Kingdom
568152,20749,ASSORTED COLOUR MINI CASES,2,2011-09-25 11:40:00,7.95,16480.0,United Kingdom
538035,84992,72 SWEETHEART FAIRY CAKE CASES,3,2010-12-09 13:03:00,0.55,16065.0,United Kingdom
547936,22333,RETROSPOT PARTY BAG + STICKER SET,1,2011-03-28 14:23:00,1.65,15874.0,United Kingdom
499499,21121,SET/10 RED SPOTTY PARTY CANDLES,6,2010-02-28 14:41:00,1.25,17211.0,United Kingdom
536460,21977,PACK OF 60 PINK PAISLEY CAKE CASES,24,2010-12-01 12:22:00,0.55,14849.0,United Kingdom
536425,22645,CERAMIC HEART FAIRY CAKE MONEY BANK,12,2010-12-01 12:08:00,1.45,13758.0,United Kingdom
580729,85039A,SET/4 RED MINI ROSE CANDLE IN BOWL,1,2011-12-05 17:24:00,1.63,,United Kingdom
544900,22666,RECIPE BOX PANTRY YELLOW DESIGN,6,2011-02-24 12:41:00,2.95,15121.0,United Kingdom
492319,84596E,SMALL LICORICE DES PINK BOWL,1,2009-12-16 12:17:00,1.25,15499.0,United Kingdom
570653,23137,ZINC WIRE SWEETHEART LETTER TRAY,1,2011-10-11 13:49:00,3.75,14710.0,United Kingdom
577258,21810,CHRISTMAS HANGING STAR WITH BELL,2,2011-11-18 12:27:00,0.39,16764.0,United Kingdom
580280,23498,CLASSIC BICYCLE CLIPS ,12,2011-12-02 13:15:00,1.45,16133.0,United Kingdom
571426,84029E,RED WOOLLY HOTTIE WHITE HEART.,4,2011-10-17 12:41:00,4.25,15179.0,United Kingdom
520372,21928,JUMBO BAG SCANDINAVIAN PAISLEY,10,2010-08-25 14:35:00,1.95,13534.0,United Kingdom
539676,22396,MAGNETS PACK OF 4 RETRO PHOTO,24,2010-12-21 10:54:00,0.42,12423.0,Belgium
496473,PADS,PADS TO MATCH ALL CUSHIONS,1,2010-02-01 15:38:00,0.001,17350.0,United Kingdom
497371,22353,LUNCHBOX WITH CUTLERY FAIRY CAKES ,6,2010-02-09 10:24:00,2.55,12471.0,Germany
581059,22910,PAPER CHAIN KIT VINTAGE CHRISTMAS,6,2011-12-07 11:12:00,2.95,13267.0,United Kingdom
498488,22167,"WALL MIRROR , DIAMANTE OVAL SHAPE",1,2010-02-19 10:55:00,20.38,,United Kingdom
543182,20677,PINK POLKADOT BOWL,22,2011-02-04 10:40:00,2.46,,United Kingdom
576078,23238,SET OF 4 KNICK KNACK TINS LONDON ,2,2011-11-13 16:22:00,4.15,14432.0,United Kingdom
510772,21240,BLUE  SPOTTY CUP,1,2010-06-03 14:02:00,1.66,,United Kingdom
569202,21381,MINI WOODEN HAPPY BIRTHDAY GARLAND,1,2011-09-30 17:22:00,3.29,,United Kingdom
580808,23295,SET OF 12 MINI LOAF BAKING CASES,8,2011-12-06 11:24:00,0.83,16133.0,United Kingdom
490074,35001W,HAND OPEN SHAPE DECO.WHITE,1,2009-12-03 14:39:00,8.65,,United Kingdom
576075,21975,PACK OF 60 DINOSAUR CAKE CASES,6,2011-11-13 16:16:00,0.55,15861.0,United Kingdom
551820,22993,SET OF 4 PANTRY JELLY MOULDS,24,2011-05-04 12:11:00,1.25,12645.0,Germany
542716,22151,PLACE SETTING WHITE HEART,6,2011-01-31 14:02:00,0.42,16407.0,United Kingdom
559338,22199,FRYING PAN RED RETROSPOT,2,2011-07-07 16:30:00,4.13,,United Kingdom
523344,21136,PAINTED METAL PEARS ASSORTED,8,2010-09-21 15:51:00,1.69,13031.0,United Kingdom
532808,22784,LANTERN CREAM GAZEBO ,2,2010-11-14 15:19:00,4.95,15532.0,United Kingdom
517124,22242,"HOOK, 5 HANGER , MAGIC TOADSTOOL",12,2010-07-27 09:38:00,1.65,12801.0,Sweden
534459,22356,CHARLOTTE BAG PINK POLKADOT,2,2010-11-23 09:12:00,1.66,,United Kingdom
564646,47566,PARTY BUNTING,2,2011-08-26 13:39:00,15.79,,United Kingdom
507654,21114,LAVENDER SCENTED FABRIC HEART,10,2010-05-10 16:04:00,1.25,13585.0,United Kingdom
544484,21754,HOME BUILDING BLOCK WORD,6,2011-02-21 11:10:00,5.95,15321.0,United Kingdom
537225,15039,SANDALWOOD FAN,12,2010-12-05 16:41:00,0.85,12748.0,United Kingdom
577008,22694,WICKER STAR ,2,2011-11-17 12:02:00,2.1,16869.0,United Kingdom
580730,21901,"KEY FOB , BACK DOOR ",1,2011-12-05 17:28:00,1.63,,United Kingdom
544894,21165,BEWARE OF THE CAT METAL SIGN ,12,2011-02-24 12:09:00,1.69,15805.0,United Kingdom
550994,84970L,SINGLE HEART ZINC T-LIGHT HOLDER,12,2011-04-21 19:55:00,0.95,14562.0,United Kingdom
493739,21991,BOHEMIAN COLLAGE STATIONERY SET,24,2010-01-06 12:16:00,1.25,14194.0,United Kingdom
580136,16169E,WRAP 50'S  CHRISTMAS,1,2011-12-01 19:42:00,0.42,17841.0,United Kingdom
494381,21676,FLOWERS  STICKERS,1,2010-01-13 17:44:00,0.81,,United Kingdom
511035,20717,STRAWBERRY SHOPPER BAG,4,2010-06-06 10:57:00,1.25,16242.0,United Kingdom
537258,21034,REX CASH+CARRY JUMBO SHOPPER,1,2010-12-06 11:16:00,0.95,17227.0,United Kingdom
566269,20686,DOLLY MIXTURE CHILDREN'S UMBRELLA,1,2011-09-11 13:39:00,3.25,17864.0,United Kingdom
491656,72267,PREMIUM CHURCH CANDLE,3,2009-12-13 10:59:00,2.1,16719.0,United Kingdom
501558,90200D,PINK SWEETHEART BRACELET,1,2010-03-17 16:35:00,4.24,,United Kingdom
498921,48129,DOOR MAT TOPIARY,2,2010-02-24 09:24:00,7.49,14911.0,EIRE
490751,15056N,EDWARDIAN PARASOL NATURAL,60,2009-12-08 07:59:00,4.95,12358.0,Austria
537892,22636,CHILDS BREAKFAST SET CIRCUS PARADE,2,2010-12-09 10:13:00,8.5,12481.0,Germany
542731,21627,ELEPHANT CARNIVAL POUFFE,3,2011-01-31 15:27:00,14.95,13600.0,United Kingdom
550331,85202,HANGING WOOD AND FELT HEART,1,2011-04-17 13:43:00,0.42,15555.0,United Kingdom
519656,84997C,BLUE 3 PIECE MINI DOTS CUTLERY SET,6,2010-08-19 10:58:00,3.75,12647.0,Germany
553189,23061,VINTAGE EMBOSSED HEART,6,2011-05-15 13:14:00,1.25,15033.0,United Kingdom
498090,21754,HOME BUILDING BLOCK WORD,2,2010-02-16 12:30:00,5.95,17287.0,United Kingdom
500695,35647,VINTAGE BEAD PINK SHADE ,1,2010-03-09 12:48:00,2.51,,United Kingdom
493812,21425,SKULLS STORAGE BOX LARGE,6,2010-01-07 11:52:00,2.95,13081.0,United Kingdom
565381,23077,DOUGHNUT LIP GLOSS ,20,2011-09-02 15:23:00,1.25,16173.0,United Kingdom
531922,84992,72 SWEETHEART FAIRY CAKE CASES,1,2010-11-10 12:09:00,0.55,17974.0,United Kingdom
538635,22640,SET OF 4 NAPKIN CHARMS 3 KEYS ,1,2010-12-13 13:32:00,2.55,17303.0,United Kingdom
564755,22591,CARDHOLDER GINGHAM CHRISTMAS TREE,3,2011-08-30 10:31:00,6.63,,United Kingdom
548707,22497,SET OF 2 TINS VINTAGE BATHROOM ,1,2011-04-03 12:08:00,4.25,13781.0,United Kingdom
547385,22845,VINTAGE CREAM CAT FOOD CONTAINER,1,2011-03-22 15:48:00,12.46,,United Kingdom
574040,21535,RED RETROSPOT SMALL MILK JUG,1,2011-11-02 13:01:00,2.55,14974.0,United Kingdom
559052,90118,PINK DAISY BAG CHARM,1,2011-07-05 16:53:00,2.46,,United Kingdom
506025,85119,WATERING CAN SINGLE HOOK PISTACHIO,8,2010-04-27 11:38:00,1.69,16543.0,United Kingdom
541423,84032A,CHARLIE+LOLA PINK HOT WATER BOTTLE,1,2011-01-17 17:54:00,3.29,,United Kingdom
512602,84832,ZINC WILLIE WINKIE  CANDLE STICK,12,2010-06-17 08:20:00,0.85,16492.0,United Kingdom
547385,47593B,SCOTTIE DOGS BABY BIB,1,2011-03-22 15:48:00,0.83,,United Kingdom
516184,85061W,WHITE JEWELLED HEART DECORATION,10,2010-07-18 15:45:00,0.85,14343.0,United Kingdom
543734,84755,COLOUR GLASS T-LIGHT HOLDER HANGING,144,2011-02-11 12:22:00,0.55,17512.0,United Kingdom
520825,22759,SET OF 3 NOTEBOOKS IN PARCEL,3,2010-08-31 12:35:00,1.65,14433.0,United Kingdom
525874,22750,FELTCRAFT PRINCESS LOLA DOLL,3,2010-10-07 14:06:00,3.75,14692.0,United Kingdom
528060,22666,RECIPE BOX PANTRY YELLOW DESIGN,1,2010-10-20 12:13:00,2.95,16776.0,United Kingdom
556255,48187,DOORMAT NEW ENGLAND,300,2011-06-09 17:27:00,4.58,18102.0,United Kingdom
576894,22752,SET 7 BABUSHKA NESTING BOXES,6,2011-11-17 08:35:00,8.5,12681.0,France
525227,21877,HOME SWEET HOME MUG,12,2010-10-04 13:35:00,1.25,17696.0,United Kingdom
513950,37502,TEA TIME MUG IN GIFT BOX,12,2010-06-29 13:52:00,2.95,15425.0,United Kingdom
517980,22218,CAKE STAND LACE WHITE,3,2010-08-03 14:42:00,4.25,14219.0,United Kingdom
519688,20725,LUNCH BAG RED SPOTTY,5,2010-08-19 13:06:00,1.65,17068.0,United Kingdom
532844,22086,PAPER CHAIN KIT 50'S CHRISTMAS ,80,2010-11-15 10:12:00,2.55,14585.0,United Kingdom
497899,22208,WOOD STAMP SET THANK YOU,12,2010-02-14 12:49:00,1.65,16136.0,United Kingdom
530060,22795,SWEETHEART RECIPE BOOK STAND,1,2010-11-01 11:35:00,13.57,,United Kingdom
568883,22469,HEART OF WICKER SMALL,12,2011-09-29 12:43:00,1.65,18198.0,United Kingdom
537237,90013C,GREEN VINTAGE EARRINGS ,1,2010-12-06 09:58:00,4.24,,United Kingdom
507453,47581B,FAIRY CAKE WICKER PICNIC BASKET ,2,2010-05-10 10:11:00,12.75,15674.0,United Kingdom
562549,22977,DOLLY GIRL CHILDRENS EGG CUP,12,2011-08-05 16:10:00,1.25,17092.0,United Kingdom
549309,22927,GREEN GIANT GARDEN THERMOMETER,2,2011-04-08 09:15:00,5.95,15114.0,United Kingdom
540154,84569D,PACK 6 HEART/ICE-CREAM PATCHES,1,2011-01-05 11:30:00,0.85,,United Kingdom
520724,20718,RED SPOTTY SHOPPER BAG,2,2010-08-29 15:07:00,1.25,17841.0,United Kingdom
509615,22029,SPACEBOY BIRTHDAY CARD,12,2010-05-25 09:34:00,0.42,12802.0,Netherlands
578017,85123A,WHITE HANGING HEART T-LIGHT HOLDER,3,2011-11-22 13:07:00,2.95,13569.0,United Kingdom
515508,21535,RED RETROSPOT SMALL MILK JUG,12,2010-07-13 11:49:00,2.55,14870.0,United Kingdom
550515,22227,HANGING HEART MIRROR DECORATION ,2,2011-04-18 17:29:00,0.65,14502.0,United Kingdom
517859,22112,CHOCOLATE HOT WATER BOTTLE,3,2010-08-02 14:02:00,4.95,13357.0,United Kingdom
551718,22423,REGENCY CAKESTAND 3 TIER,1,2011-05-03 16:06:00,24.96,,United Kingdom
514841,21977,PACK OF 60 PINK PAISLEY CAKE CASES,24,2010-07-06 15:05:00,0.55,12749.0,United Kingdom
577076,21070,VINTAGE BILLBOARD MUG ,1,2011-11-17 15:08:00,1.25,14362.0,United Kingdom
568896,23027,DRAWER KNOB VINTAGE GLASS HEXAGON,12,2011-09-29 13:13:00,2.08,16361.0,United Kingdom
565292,22952,60 CAKE CASES VINTAGE CHRISTMAS,24,2011-09-02 11:54:00,0.55,16102.0,United Kingdom
525928,84596B,SMALL DOLLY MIX DESIGN ORANGE BOWL,1,2010-10-07 16:48:00,1.25,16072.0,United Kingdom
537823,22082,RIBBON REEL STRIPES DESIGN ,2,2010-12-08 14:25:00,3.36,,United Kingdom
561513,85087,CANDY SPOT CUSHION COVER,3,2011-07-27 15:12:00,3.29,,United Kingdom
507025,85025C,PINK HEART SHAPE PHOTO FRAME,4,2010-05-05 14:42:00,3.36,,United Kingdom
534061,21430,SET/3 RED GINGHAM ROSE STORAGE BOX,4,2010-11-21 11:03:00,3.75,12967.0,United Kingdom
555540,85040A,S/4 PINK FLOWER CANDLES IN BOWL,3,2011-06-05 12:48:00,1.65,13668.0,United Kingdom
572227,23346,SPACEBOY BEAKER,2,2011-10-21 14:01:00,1.25,15051.0,United Kingdom
530793,22153,ANGEL DECORATION STARS ON DRESS,4,2010-11-04 12:18:00,0.42,15910.0,United Kingdom
496341,22236,CAKE STAND 3 TIER MAGIC GARDEN,2,2010-01-31 15:47:00,12.75,17107.0,United Kingdom
523744,21637,ASSORTED SANSKRIT MINI NOTEBOOK,18,2010-09-23 17:48:00,1.25,14992.0,United Kingdom
528954,22776,SWEETHEART CAKESTAND 3 TIER,12,2010-10-26 08:11:00,8.5,14156.0,EIRE
524944,22751,FELTCRAFT PRINCESS OLIVIA DOLL,1,2010-10-01 12:24:00,3.75,15276.0,United Kingdom
550631,22675,FRENCH KITCHEN SIGN BLUE METAL,12,2011-04-19 14:51:00,1.25,15225.0,United Kingdom
581437,22743,MAKE YOUR OWN FLOWERPOWER CARD KIT,12,2011-12-08 16:22:00,0.79,14621.0,United Kingdom
574856,23393,HOME SWEET HOME CUSHION COVER ,2,2011-11-07 12:06:00,10.79,,United Kingdom
575744,23394,POSTE FRANCE CUSHION COVER,4,2011-11-11 10:03:00,3.75,14035.0,United Kingdom
492529,21430,SET/3 RED GINGHAM ROSE STORAGE BOX,1,2009-12-17 12:46:00,3.75,17377.0,United Kingdom
495340,35004G,SET OF 3 GOLD FLYING DUCKS,4,2010-01-22 17:31:00,6.35,14031.0,United Kingdom
551340,85123A,WHITE HANGING HEART T-LIGHT HOLDER,2,2011-04-27 17:23:00,2.95,,United Kingdom
521839,22413,METAL SIGN TAKE IT OR LEAVE IT ,6,2010-09-09 10:50:00,2.95,12635.0,Germany
522089,22169,FAMILY ALBUM WHITE PICTURE FRAME,1,2010-09-12 12:41:00,8.5,16387.0,United Kingdom
493956,48138,DOOR MAT UNION FLAG,2,2010-01-08 14:16:00,6.75,15465.0,United Kingdom
547102,84819,DANISH ROSE ROUND SEWING BOX,3,2011-03-21 10:41:00,4.25,14245.0,United Kingdom
512709,21080,SET/20 RED SPOTTY PAPER NAPKINS ,3,2010-06-17 12:21:00,0.85,16115.0,United Kingdom
492417,84970L,SINGLE HEART ZINC T-LIGHT HOLDER,144,2009-12-16 17:22:00,0.79,16742.0,United Kingdom
540026,22131,FOOD CONTAINER SET 3 LOVE HEART ,1,2011-01-04 13:25:00,4.21,,United Kingdom
548400,21992,VINTAGE PAISLEY STATIONERY SET,3,2011-03-30 17:33:00,2.95,17400.0,United Kingdom
498055,22148,EASTER CRAFT 4 CHICKS ,6,2010-02-16 12:11:00,1.95,14669.0,United Kingdom
494228,48111,DOOR MAT 3 SMILEY CATS,2,2010-01-12 13:39:00,6.75,14861.0,United Kingdom
572484,23566,EGG CUP MILKMAID HEIDI,4,2011-10-24 13:50:00,1.25,17220.0,United Kingdom
501304,22467,GUMBALL COAT RACK,2,2010-03-15 17:14:00,2.55,17231.0,United Kingdom
572688,21933,PINK VINTAGE PAISLEY PICNIC BAG,20,2011-10-25 14:09:00,1.65,13028.0,United Kingdom
544460,21080,SET/20 RED RETROSPOT PAPER NAPKINS ,3,2011-02-20 14:01:00,0.85,16931.0,United Kingdom
575767,22971,QUEENS GUARD COFFEE MUG,3,2011-11-11 11:11:00,2.55,17348.0,United Kingdom
554278,21790,VINTAGE SNAP CARDS,3,2011-05-23 13:25:00,0.85,13831.0,United Kingdom
514967,22521,CHILDS GARDEN TROWEL PINK,2,2010-07-07 12:21:00,0.85,17110.0,United Kingdom
547786,82578,KITCHEN METAL SIGN,1,2011-03-25 11:44:00,0.55,14587.0,United Kingdom
536592,84970L,SINGLE HEART ZINC T-LIGHT HOLDER,3,2010-12-01 17:06:00,2.13,,United Kingdom
565795,21155,RED RETROSPOT PEG BAG,6,2011-09-07 09:57:00,2.55,17481.0,United Kingdom
568040,22904,CALENDAR PAPER CUT DESIGN,6,2011-09-23 12:09:00,2.95,12681.0,France
496407,21478,SILVER SKULL HOT WATER BOTTLE ,6,2010-02-01 12:01:00,3.75,15527.0,United Kingdom
558240,23309,SET OF 60 I LOVE LONDON CAKE CASES ,3,2011-06-27 15:27:00,1.25,,United Kingdom
525524,48138,DOORMAT UNION FLAG,1,2010-10-05 17:55:00,7.95,15750.0,United Kingdom
535953,21166,COOK WITH WINE METAL SIGN ,2,2010-11-29 12:13:00,1.95,15039.0,United Kingdom
579187,23534,WALL ART STOP FOR TEA ,3,2011-11-28 15:31:00,12.46,,United Kingdom
509452,85150,LADIES & GENTLEMEN METAL SIGN,12,2010-05-24 09:44:00,2.1,17448.0,United Kingdom
540953,22508,DOORSTOP RETROSPOT HEART,2,2011-01-12 13:16:00,3.75,14587.0,United Kingdom
555924,23203,JUMBO BAG DOILEY PATTERNS,2,2011-06-07 17:12:00,4.13,,United Kingdom
562158,22067,CHOC TRUFFLE GOLD TRINKET POT ,2,2011-08-03 11:45:00,1.65,15039.0,United Kingdom
564825,21935,SUKI  SHOULDER BAG,3,2011-08-30 12:26:00,1.63,,United Kingdom
526204,22588,CARD HOLDER GINGHAM HEART,6,2010-10-10 13:23:00,2.55,14040.0,United Kingdom
490142,20727,LUNCH BAG  BLACK SKULL.,30,2009-12-04 08:36:00,1.65,14258.0,United Kingdom
559671,47566B,TEA TIME PARTY BUNTING,1,2011-07-11 13:55:00,4.95,17811.0,United Kingdom
500306,84849D,HOT BATHS SOAP HOLDER,12,2010-03-07 11:01:00,1.69,13201.0,United Kingdom
552326,22200,FRYING PAN PINK POLKADOT,4,2011-05-09 10:02:00,4.25,15596.0,United Kingdom
575853,23456,MEDIUM PARLOUR FRAME ,4,2011-11-11 12:18:00,4.15,16912.0,United Kingdom
555649,22586,FELTCRAFT HAIRBAND PINK AND BLUE,12,2011-06-06 13:47:00,0.85,15386.0,United Kingdom
531728,82482,WOODEN PICTURE FRAME WHITE FINISH,2,2010-11-09 12:07:00,2.55,16223.0,United Kingdom
580053,23171,REGENCY TEA PLATE GREEN ,24,2011-12-01 13:03:00,1.65,12912.0,United Kingdom
573632,23355,HOT WATER BOTTLE KEEP CALM,4,2011-10-31 15:36:00,4.95,15329.0,United Kingdom
525221,22712,CARD DOLLY GIRL ,3,2010-10-04 12:51:00,0.85,,United Kingdom
546429,22746,POPPY'S PLAYHOUSE LIVINGROOM ,2,2011-03-13 15:25:00,2.1,17611.0,United Kingdom
578065,17084N,FAIRY DREAMS INCENSE ,18,2011-11-22 15:41:00,0.42,,United Kingdom
502869,20685,DOOR MAT RED SPOT,2,2010-03-28 16:13:00,7.49,13113.0,United Kingdom
580136,23103,JINGLE BELL HEART DECORATION,4,2011-12-01 19:42:00,1.65,17841.0,United Kingdom
513801,22386,JUMBO BAG PINK WITH WHITE SPOTS,10,2010-06-29 08:28:00,1.95,13577.0,United Kingdom
529813,22173,METAL 4 HOOK HANGER FRENCH CHATEAU,1,2010-10-31 11:09:00,2.95,13888.0,United Kingdom
521115,22197,SMALL POPCORN HOLDER,36,2010-09-02 11:30:00,0.85,14911.0,EIRE
522966,20723,STRAWBERRY CHARLOTTE BAG,2,2010-09-19 13:01:00,0.85,16007.0,United Kingdom
571258,20749,ASSORTED COLOUR MINI CASES,5,2011-10-14 17:23:00,7.95,17837.0,United Kingdom
568364,21892,TRADITIONAL WOODEN CATCH CUP GAME ,12,2011-09-26 15:43:00,1.25,16999.0,United Kingdom
519831,22303,COFFEE MUG APPLES DESIGN,6,2010-08-20 15:03:00,2.55,13911.0,United Kingdom
546760,22138,BAKING SET 9 PIECE RETROSPOT ,3,2011-03-16 14:00:00,4.95,12597.0,Spain
512112,22064,PINK DOUGHNUT TRINKET POT ,1,2010-06-13 14:40:00,1.65,17841.0,United Kingdom
580983,22899,CHILDREN'S APRON DOLLY GIRL ,1,2011-12-06 16:26:00,4.13,,United Kingdom
491750,37475,SET/4 COLOURFUL MIXING BOWLS,1,2009-12-14 11:48:00,9.95,14527.0,United Kingdom
579539,23175,REGENCY MILK JUG PINK ,4,2011-11-30 10:06:00,3.25,14911.0,EIRE
503498,47579,TEA TIME BREAKFAST BASKET,6,2010-04-01 12:10:00,2.1,16551.0,United Kingdom
524021,22951,72 CAKE CASES DOLLY GIRL DESIGN,24,2010-09-27 10:36:00,0.55,13015.0,United Kingdom
559342,85169A,IVORY LOVE BIRD CANDLE,12,2011-07-07 16:59:00,1.25,14493.0,United Kingdom
545078,21212,PACK OF 72 RETROSPOT CAKE CASES,1,2011-02-28 10:15:00,1.25,,United Kingdom
581015,21592,RETROSPOT CIGAR BOX MATCHES ,24,2011-12-07 09:35:00,0.39,13949.0,United Kingdom
507133,21559,STRAWBERRY LUNCH BOX WITH CUTLERY,3,2010-05-06 12:29:00,2.55,14461.0,United Kingdom
536551,20914,SET/5 RED RETROSPOT LID GLASS BOWLS,3,2010-12-01 14:34:00,2.95,17346.0,United Kingdom
525569,47567B,TEA TIME KITCHEN APRON,3,2010-10-06 10:00:00,5.95,13952.0,United Kingdom
540154,84913A,SOFT PINK ROSE TOWEL ,2,2011-01-05 11:30:00,3.36,,United Kingdom
494350,84580,MOUSE TOY WITH PINK T-SHIRT,1,2010-01-13 14:37:00,3.75,,United Kingdom
535407,21390,FILIGRIS HEART WITH BUTTERFLY,1,2010-11-26 11:20:00,2.51,,United Kingdom
526897,22627,MINT KITCHEN SCALES,2,2010-10-13 14:57:00,8.5,13663.0,United Kingdom
512776,22061,LARGE CAKE STAND  HANGING STRAWBERY,2,2010-06-17 17:41:00,9.95,15023.0,United Kingdom
573512,23319,BOX OF 6 MINI 50'S CRACKERS,12,2011-10-31 12:30:00,2.49,17951.0,United Kingdom
542098,22258,FELT FARM ANIMAL RABBIT,12,2011-01-25 13:04:00,1.25,16531.0,United Kingdom
561820,20726,LUNCH BAG WOODLAND,1,2011-07-29 16:00:00,4.13,,United Kingdom
540257,22767,TRIPLE PHOTO FRAME CORNICE ,4,2011-01-05 17:33:00,9.95,12748.0,United Kingdom
544406,21896,POTTING SHED TWINE,1,2011-02-18 13:26:00,2.1,16726.0,United Kingdom
530329,22837,HOT WATER BOTTLE BABUSHKA ,4,2010-11-02 13:45:00,4.65,16670.0,United Kingdom
499596,20980,36 PENCILS TUBE POSY,2,2010-03-01 12:21:00,1.25,16511.0,United Kingdom
547383,16237,SLEEPING CAT ERASERS,30,2011-03-22 15:42:00,0.21,12613.0,Germany
538148,22107,PIZZA PLATE IN BOX,1,2010-12-09 16:26:00,7.62,,United Kingdom
510119,82581,TOILET METAL SIGN,4,2010-05-27 12:03:00,0.55,15719.0,United Kingdom
569799,23326,HANGING MINI COLOURED BOTTLES,48,2011-10-06 11:47:00,0.63,13602.0,United Kingdom
530656,72807B,SET/3 OCEAN SCENT CANDLE JEWEL BOX,5,2010-11-04 09:59:00,4.25,15888.0,United Kingdom
533767,21876,POTTERING MUG,24,2010-11-18 15:29:00,1.25,18225.0,United Kingdom
550123,22708,WRAP DOLLY GIRL,25,2011-04-14 12:39:00,0.42,,United Kingdom
506794,84763,ZINC FINISH 15CM PLANTER POTS,12,2010-05-04 12:22:00,1.25,13143.0,United Kingdom
500025,22386,JUMBO BAG PINK WITH WHITE SPOTS,20,2010-03-04 11:11:00,1.95,15950.0,United Kingdom
562907,22568,FELTCRAFT CUSHION OWL,4,2011-08-10 12:44:00,3.75,14116.0,United Kingdom
570818,23301,GARDENERS KNEELING PAD KEEP CALM ,2,2011-10-12 12:47:00,1.65,17841.0,United Kingdom
549558,22979,PANTRY WASHING UP BRUSH,1,2011-04-10 13:21:00,1.45,15058.0,United Kingdom
491603,21486,PINK HEART DOTS HOT WATER BOTTLE,4,2009-12-11 13:31:00,3.75,17243.0,United Kingdom
564056,22467,GUMBALL COAT RACK,3,2011-08-22 14:13:00,2.55,14387.0,United Kingdom
539075,84029G,KNITTED UNION FLAG HOT WATER BOTTLE,4,2010-12-15 17:28:00,3.75,17189.0,United Kingdom
542729,22697,GREEN REGENCY TEACUP AND SAUCER,6,2011-01-31 15:17:00,2.95,15194.0,United Kingdom
513099,22508,DOORSTOP RETROSPOT HEART,2,2010-06-21 15:13:00,7.62,,United Kingdom
575481,22630,DOLLY GIRL LUNCH BOX,4,2011-11-09 16:28:00,1.95,15679.0,United Kingdom
521031,21391,FRENCH EMROIDR LAVENDER SCENT HEART,1,2010-09-01 17:17:00,4.21,,United Kingdom
536591,90214J,"LETTER ""J"" BLING KEY RING",2,2010-12-01 16:57:00,1.25,14606.0,United Kingdom
544323,20969,RED FLORAL FELTCRAFT SHOULDER BAG,1,2011-02-17 15:51:00,7.46,,United Kingdom
559297,23308,SET OF 60 VINTAGE LEAF CAKE CASES ,12,2011-07-07 12:36:00,0.55,16743.0,United Kingdom
533767,85049G,CHOCOLATE BOX RIBBONS ,24,2010-11-18 15:29:00,1.25,18225.0,United Kingdom
523696,22027,TEA PARTY BIRTHDAY CARD,1,2010-09-23 14:47:00,0.85,,United Kingdom
529850,22753,SMALL YELLOW BABUSHKA NOTEBOOK ,1,2010-10-31 13:35:00,0.85,16788.0,United Kingdom
516610,22582,PACK OF 6 SWEETIE GIFT BOXES,12,2010-07-21 14:41:00,2.55,13615.0,United Kingdom
562717,22819,"BIRTHDAY CARD, RETRO SPOT",1,2011-08-08 15:42:00,0.83,,United Kingdom
557849,23301,GARDENERS KNEELING PAD KEEP CALM ,12,2011-06-23 10:52:00,1.65,17613.0,United Kingdom
510483,22383,LUNCH BAG SUKI  DESIGN ,1,2010-06-01 11:27:00,1.65,16960.0,United Kingdom
565835,22203,MILK PAN RED RETROSPOT,1,2011-09-07 11:32:00,3.75,14452.0,United Kingdom
506794,35004C,SET OF 3 COLOURED  FLYING DUCKS,6,2010-05-04 12:22:00,5.45,13143.0,United Kingdom
539450,22748,POPPY'S PLAYHOUSE KITCHEN,4,2010-12-17 16:53:00,2.1,15570.0,United Kingdom
562113,23118,PARISIENNE JEWELLERY DRAWER ,2,2011-08-02 16:11:00,14.96,,United Kingdom
495380,21185, HOME SWEET HOME  BLACKBOARD,3,2010-01-24 13:51:00,6.35,16592.0,United Kingdom
547871,22520,CHILDS GARDEN TROWEL BLUE ,6,2011-03-27 14:28:00,0.85,16931.0,United Kingdom
575895,84347,ROTATING SILVER ANGELS T-LIGHT HLDR,2,2011-11-11 14:50:00,2.55,17052.0,United Kingdom
527561,21539,RED RETROSPOT BUTTER DISH,1,2010-10-18 13:30:00,4.95,14606.0,United Kingdom
567889,84832,ZINC WILLIE WINKIE  CANDLE STICK,48,2011-09-22 15:39:00,0.85,16633.0,United Kingdom
570598,23349,ROLL WRAP VINTAGE CHRISTMAS,12,2011-10-11 11:55:00,1.25,14175.0,United Kingdom
546851,22423,REGENCY CAKESTAND 3 TIER,3,2011-03-17 13:23:00,12.75,12480.0,Germany
544893,22699,ROSES REGENCY TEACUP AND SAUCER ,6,2011-02-24 12:01:00,2.95,17865.0,United Kingdom
555015,21314,SMALL GLASS HEART TRINKET POT,8,2011-05-31 10:45:00,2.1,16558.0,United Kingdom
565870,POST,POSTAGE,1,2011-09-07 15:10:00,15.0,16828.0,United Kingdom
572540,20711,JUMBO BAG TOYS ,6,2011-10-24 16:17:00,4.13,,United Kingdom
505056,79323P,PINK CHERRY LIGHTS,3,2010-04-19 14:59:00,6.75,14667.0,United Kingdom
524290,21669,BLUE STRIPE CERAMIC DRAWER KNOB,3,2010-09-28 12:54:00,1.25,14461.0,United Kingdom
492448,72802A,ROSE SCENT CANDLE IN JEWELLED BOX,6,2009-12-17 11:24:00,4.25,17243.0,United Kingdom
507705,21136,PAINTED METAL PEARS ASSORTED,80,2010-05-11 11:07:00,1.69,13695.0,United Kingdom
576771,23208,LUNCH BAG VINTAGE LEAF DESIGN,10,2011-11-16 13:19:00,1.65,13285.0,United Kingdom
552667,15056n,EDWARDIAN PARASOL NATURAL,1,2011-05-10 15:05:00,12.46,,United Kingdom
536363,22502,PICNIC BASKET WICKER SMALL,16,2010-11-30 19:27:00,4.95,13093.0,United Kingdom
540777,22423,REGENCY CAKESTAND 3 TIER,5,2011-01-11 11:15:00,12.75,13144.0,United Kingdom
543746,21668,RED STRIPE CERAMIC DRAWER KNOB,24,2011-02-11 13:50:00,1.25,17675.0,United Kingdom
504635,21623,VINTAGE UNION JACK MEMOBOARD,2,2010-04-15 13:52:00,9.95,15615.0,United Kingdom
574839,23456,MEDIUM PARLOUR PICTURE FRAME ,2,2011-11-07 11:40:00,4.15,15493.0,United Kingdom
575366,23191,BUNDLE OF 3 RETRO NOTE BOOKS,12,2011-11-09 15:02:00,1.65,14621.0,United Kingdom
505079,21922,UNION STRIPE WITH FRINGE  HAMMOCK,2,2010-04-20 09:45:00,7.95,15447.0,United Kingdom
579512,23211,RED ROCKING HORSE HAND PAINTED,1,2011-11-29 16:47:00,2.46,,United Kingdom
520847,82484,WOOD BLACK BOARD ANT WHITE FINISH,1,2010-08-31 12:48:00,6.45,16791.0,United Kingdom
510441,20677,PINK SPOTTY BOWL,3,2010-05-30 14:50:00,1.25,17961.0,United Kingdom
523647,22386,JUMBO BAG PINK POLKADOT,3,2010-09-23 12:33:00,1.95,14507.0,United Kingdom
509611,48188,DOOR MAT WELCOME PUPPIES,1,2010-05-25 09:03:00,13.57,,United Kingdom
580469,22123,PING MICROWAVE APRON,1,2011-12-04 12:32:00,0.79,14583.0,United Kingdom
537240,22173,METAL 4 HOOK HANGER FRENCH CHATEAU,1,2010-12-06 10:08:00,5.91,,United Kingdom
504924,21626,VINTAGE UNION JACK PENNANT,1,2010-04-19 10:49:00,4.21,,United Kingdom
C569485,23236,STORAGE TIN VINTAGE DOILY ,-1,2011-10-04 12:47:00,2.89,12705.0,Germany
513674,21609,SET 12 LAVENDER  BOTANICAL T-LIGHTS,6,2010-06-28 11:39:00,2.95,16012.0,United Kingdom
579171,22197,POPCORN HOLDER,12,2011-11-28 14:30:00,0.85,13030.0,United Kingdom
557298,47566,PARTY BUNTING,8,2011-06-19 13:55:00,4.95,17519.0,United Kingdom
493873,21535,RETRO SPOT SMALL MILK JUG,6,2010-01-07 18:34:00,2.55,13711.0,United Kingdom
566193,22961,JAM MAKING SET PRINTED,24,2011-09-09 13:37:00,1.45,14961.0,United Kingdom
575215,22674,FRENCH TOILET SIGN BLUE METAL,1,2011-11-09 11:04:00,1.25,18109.0,United Kingdom
554509,22200,FRYING PAN PINK POLKADOT,1,2011-05-24 15:45:00,4.25,17375.0,United Kingdom
536783,22454,MEASURING TAPE BABUSHKA RED,48,2010-12-02 15:19:00,2.55,15061.0,United Kingdom
534154,85231B,CINAMMON SET OF 9 T-LIGHTS,1,2010-11-21 12:29:00,0.85,16007.0,United Kingdom
521973,20711,JUMBO BAG TOYS ,4,2010-09-09 19:46:00,1.95,17366.0,United Kingdom
526215,22066,LOVE HEART TRINKET POT,2,2010-10-10 14:18:00,1.45,17085.0,United Kingdom
516856,21239,PINK  SPOTTY CUP,1,2010-07-23 12:02:00,0.85,,United Kingdom
540642,22730,ALARM CLOCK BAKELIKE IVORY,8,2011-01-10 13:22:00,3.75,12681.0,France
558240,21698,MOCK LOBSTER FRIDGE MAGNET,2,2011-06-27 15:27:00,1.63,,United Kingdom
542503,20727,LUNCH BAG  BLACK SKULL.,10,2011-01-28 11:58:00,1.65,16327.0,United Kingdom
534319,22326,ROUND SNACK BOXES SET OF4 WOODLAND ,1,2010-11-22 11:37:00,5.91,,United Kingdom
520044,22759,SET OF 3 NOTEBOOKS IN PARCEL,12,2010-08-23 14:35:00,1.65,16170.0,United Kingdom
540496,21519,GIN & TONIC DIET GREETING CARD ,12,2011-01-07 17:18:00,0.42,15485.0,United Kingdom
505585,22608,PENS ASSORTED FUNKY JEWELED ,36,2010-04-23 12:19:00,0.85,17448.0,United Kingdom
577893,23360,SET 8 CANDLES VINTAGE DOILY,2,2011-11-22 11:47:00,1.95,17073.0,United Kingdom
508501,85099C,JUMBO  BAG BAROQUE BLACK WHITE,100,2010-05-16 15:39:00,1.65,13798.0,United Kingdom
C564907,23296,SET OF 6 TEA TIME BAKING CASES,-3,2011-08-31 12:24:00,1.25,18225.0,United Kingdom
493074,22244,"HOOK, 3 HANGER ,MAGIC GARDEN",2,2009-12-22 09:45:00,4.3,,United Kingdom
574547,22579,WOODEN TREE CHRISTMAS SCANDINAVIAN,1,2011-11-04 15:08:00,0.29,17841.0,United Kingdom
502746,21967,PACK OF 12 SKULL TISSUES,1,2010-03-26 12:53:00,0.81,,United Kingdom
556095,22219,LOVEBIRD HANGING DECORATION WHITE ,6,2011-06-08 15:27:00,1.63,,United Kingdom
516884,37444A,YELLOW BREAKFAST CUP AND SAUCER,2,2010-07-23 14:15:00,2.95,15311.0,United Kingdom
495377,21535,RETRO SPOT SMALL MILK JUG,6,2010-01-24 13:36:00,2.55,14194.0,United Kingdom
527379,22153,ANGEL DECORATION STARS ON DRESS,23,2010-10-17 12:52:00,0.42,13527.0,United Kingdom
518064,22356,CHARLOTTE BAG PINK WITH WHITE SPOTS,5,2010-08-04 12:39:00,0.85,17841.0,United Kingdom
581420,22326,ROUND SNACK BOXES SET OF4 WOODLAND ,6,2011-12-08 15:09:00,2.95,16358.0,United Kingdom
496866,21333,CLASSIC WHITE FRAME,4,2010-02-04 12:22:00,2.95,15046.0,United Kingdom
529727,22594,CHRISTMAS GINGHAM TREE,2,2010-10-29 14:12:00,1.66,,United Kingdom
491155,20963,APPLE BATH SPONGE,4,2009-12-10 09:49:00,2.57,,United Kingdom
574940,23309,SET OF 60 I LOVE LONDON CAKE CASES ,24,2011-11-07 17:21:00,0.55,14929.0,United Kingdom
548728,22371,AIRLINE BAG VINTAGE TOKYO 78,4,2011-04-04 09:55:00,4.25,13198.0,United Kingdom
541516,20696,FLORAL SOFT CAR TOY,1,2011-01-18 17:34:00,3.29,,United Kingdom
545901,M,Manual,2,2011-03-07 17:52:00,1.25,15834.0,United Kingdom
503864,22353,LUNCHBOX WITH CUTLERY FAIRY CAKES ,6,2010-04-08 11:11:00,2.55,16053.0,United Kingdom
493467,90167,BEADED LOVE HEART JEWELLERY SET,12,2010-01-04 14:29:00,0.85,13004.0,United Kingdom
523972,21326,AGED GLASS SILVER T-LIGHT HOLDER,4,2010-09-26 13:55:00,0.65,15967.0,United Kingdom
557641,20718,RED RETROSPOT SHOPPER BAG,2,2011-06-21 16:35:00,3.29,,United Kingdom
525755,21826,EIGHT PIECE DINOSAUR SET,1,2010-10-07 10:23:00,2.51,,United Kingdom
501268,21340,CLASSIC METAL BIRDCAGE PLANT HOLDER,1,2010-03-15 13:06:00,9.95,15251.0,United Kingdom
570688,85099C,JUMBO  BAG BAROQUE BLACK WHITE,2,2011-10-11 16:29:00,4.13,,United Kingdom
565779,21982,PACK OF 12 SUKI TISSUES ,24,2011-09-06 15:14:00,0.39,15804.0,United Kingdom
507448,21121,SET/10 RED SPOTTY PARTY CANDLES,1,2010-05-10 09:55:00,2.51,,United Kingdom
559693,90175D,TIGRIS EYE CHUNKY CHARM BRACELET,1,2011-07-11 16:21:00,9.15,,United Kingdom
537638,85099B,JUMBO BAG RED RETROSPOT,1,2010-12-07 15:28:00,4.21,,United Kingdom
511450,21231,SWEETHEART CERAMIC TRINKET BOX,12,2010-06-08 12:36:00,1.25,16048.0,United Kingdom
543182,22066,LOVE HEART TRINKET POT,1,2011-02-04 10:40:00,3.29,,United Kingdom
523936,21447,12 IVORY ROSE PEG PLACE SETTINGS,12,2010-09-26 10:48:00,1.25,16168.0,United Kingdom
556903,23091,ZINC HERB GARDEN CONTAINER,1,2011-06-15 12:55:00,6.25,14527.0,United Kingdom
547239,21324,HANGING MEDINA LANTERN SMALL,1,2011-03-21 16:32:00,2.95,,United Kingdom
547063,84510A,SET OF 4 ENGLISH ROSE COASTERS,1,2011-03-20 13:33:00,1.25,14769.0,United Kingdom
538177,22284,HEN HOUSE DECORATION,3,2010-12-10 09:51:00,3.36,,United Kingdom
520076,20914,SET/5 RED SPOTTY LID GLASS BOWLS,6,2010-08-24 09:44:00,2.95,12472.0,Germany
577358,23526,WALL ART DOG LICENCE ,1,2011-11-18 15:59:00,12.46,,United Kingdom
509050,85150,LADIES & GENTLEMEN METAL SIGN,2,2010-05-20 10:56:00,2.55,13448.0,United Kingdom
571945,84378,SET OF 3 HEART COOKIE CUTTERS,60,2011-10-20 10:34:00,1.45,17354.0,United Kingdom
572475,23190,BUNDLE OF 3 SCHOOL EXERCISE BOOKS  ,1,2011-10-24 13:37:00,1.65,15271.0,United Kingdom
528126,85123A,WHITE HANGING HEART T-LIGHT HOLDER,5,2010-10-20 14:42:00,2.95,16797.0,United Kingdom
558993,22728,ALARM CLOCK BAKELIKE PINK,4,2011-07-05 11:49:00,3.75,16729.0,United Kingdom
574481,22037,ROBOT BIRTHDAY CARD,12,2011-11-04 12:45:00,0.42,18022.0,United Kingdom
571506,20679,EDWARDIAN PARASOL RED,2,2011-10-17 15:22:00,5.95,15355.0,United Kingdom
564539,20712,JUMBO BAG WOODLAND ANIMALS,10,2011-08-25 15:22:00,2.08,12715.0,Sweden
543735,22988,SOLDIERS EGG CUP ,24,2011-02-11 12:32:00,1.25,16191.0,United Kingdom
576068,22556,PLASTERS IN TIN CIRCUS PARADE ,12,2011-11-13 15:52:00,1.65,14788.0,United Kingdom
490709,20760,GARDEN PATH POCKET BOOK,1,2009-12-07 15:15:00,0.85,17884.0,United Kingdom
543309,21161,KEEP OUT BOYS DOOR HANGER ,1,2011-02-07 12:05:00,1.45,18118.0,United Kingdom
490953,82578,KITCHEN METAL SIGN,12,2009-12-08 14:56:00,0.55,13204.0,United Kingdom
570244,22625,RED KITCHEN SCALES,1,2011-10-09 16:05:00,8.5,14514.0,United Kingdom
494379,84975,HEART SHAPED MIRROR,1,2010-01-13 17:08:00,3.36,,United Kingdom
517400,85178,VICTORIAN SEWING KIT,12,2010-07-29 10:20:00,1.25,15358.0,United Kingdom
560394,23322,LARGE WHITE HEART OF WICKER,2,2011-07-18 13:35:00,2.95,14390.0,United Kingdom
513773,22425,ENAMEL COLANDER CREAM,2,2010-06-28 13:53:00,4.95,13831.0,United Kingdom
497683,85065,CREAM SWEETHEART TRAYS,10,2010-02-11 15:02:00,9.95,16839.0,United Kingdom
542084,84997C,BLUE 3 PIECE POLKADOT CUTLERY SET,24,2011-01-25 12:31:00,3.75,14680.0,United Kingdom
563950,23316,RED REFECTORY CLOCK ,2,2011-08-22 10:39:00,9.95,12471.0,Germany
507176,16161U,"WRAP,SUKI AND FRIENDS",25,2010-05-06 15:05:00,0.42,17069.0,United Kingdom
540848,85095,THREE CANVAS LUGGAGE TAGS,6,2011-01-12 09:26:00,1.28,,United Kingdom
555852,22192,BLUE DINER WALL CLOCK,2,2011-06-07 13:38:00,8.5,17429.0,United Kingdom
491715,20992,JAZZ HEARTS PURSE NOTEBOOK,12,2009-12-13 15:43:00,0.85,14277.0,France
541696,22970,LONDON BUS COFFEE MUG,1,2011-01-20 18:08:00,4.96,,United Kingdom
559513,15060B,FAIRY CAKE DESIGN UMBRELLA,1,2011-07-08 15:56:00,3.75,14534.0,United Kingdom
502248,21169,YOU'RE CONFUSING ME METAL SIGN ,1,2010-03-23 14:06:00,4.21,,United Kingdom
581492,90013A,MIDNIGHT BLUE VINTAGE EARRINGS,3,2011-12-09 10:03:00,3.73,,United Kingdom
545568,47574A,ENGLISH ROSE SCENTED HANGING FLOWER,1,2011-03-03 16:22:00,2.46,,United Kingdom
506901,21843,RED RETROSPOT CAKE STAND,1,2010-05-05 09:55:00,10.95,13591.0,United Kingdom
552000,22300,COFFEE MUG DOG + BALL DESIGN,1,2011-05-05 15:56:00,4.96,,United Kingdom
528919,47591D,PINK FAIRY CAKE CHILDRENS APRON,2,2010-10-25 14:27:00,1.95,16259.0,United Kingdom
580615,20963,APPLE BATH SPONGE,20,2011-12-05 12:05:00,1.25,16873.0,United Kingdom
561802,23076,ICE CREAM SUNDAE LIP GLOSS,48,2011-07-29 14:29:00,1.25,12748.0,United Kingdom
557019,22778,GLASS CLOCHE SMALL,1,2011-06-16 12:45:00,3.95,15907.0,United Kingdom
578827,23241,TREASURE TIN GYMKHANA DESIGN,8,2011-11-25 14:25:00,4.13,,United Kingdom
521647,85169D,PINK LOVE BIRD CANDLE,1,2010-09-07 13:25:00,1.25,14606.0,United Kingdom
526764,21242,RED RETROSPOT PLATE ,5,2010-10-13 11:10:00,1.69,17179.0,United Kingdom
538566,21042,RED RETROSPOT APRON ,1,2010-12-13 11:21:00,12.72,,United Kingdom
516194,22051,BLUE SCANDINAVIAN PAISLEY WRAP,25,2010-07-19 10:04:00,0.42,13881.0,United Kingdom
526846,22726,ALARM CLOCK BAKELIKE GREEN,4,2010-10-13 12:22:00,3.75,13319.0,United Kingdom
548194,16207A,PINK STRAWBERRY HANDBAG ,1,2011-03-29 15:30:00,3.29,,United Kingdom
519247,84755,COLOUR GLASS T-LIGHT HOLDER HANGING,32,2010-08-15 14:38:00,0.65,16101.0,United Kingdom
537334,22179,SET 10 LIGHTS NIGHT OWL,4,2010-12-06 12:06:00,6.75,16719.0,United Kingdom
573408,84879,ASSORTED COLOUR BIRD ORNAMENT,16,2011-10-30 15:59:00,1.69,16190.0,United Kingdom
491634,21935,SUKI  SHOULDER BAG,3,2009-12-11 15:40:00,1.65,17841.0,United Kingdom
542898,22109,FULL ENGLISH BREAKFAST PLATE,1,2011-02-01 14:01:00,3.75,16110.0,United Kingdom
544664,22715,CARD WEDDING DAY,12,2011-02-22 14:55:00,0.42,16045.0,United Kingdom
579807,84947,ANTIQUE SILVER TEA GLASS ENGRAVED,6,2011-11-30 15:50:00,1.25,15046.0,United Kingdom
489796,21490,SET OF THREE 50'S GIFT WRAPS ,6,2009-12-02 12:15:00,1.95,15680.0,United Kingdom
531374,84997B,RED 3 PIECE RETROSPOT CUTLERY SET,6,2010-11-07 15:50:00,3.75,13178.0,United Kingdom
580513,22940,FELTCRAFT CHRISTMAS FAIRY,1,2011-12-04 13:59:00,4.25,14456.0,United Kingdom
567189,23360,SET 8 CANDLES VINTAGE DOILY,12,2011-09-19 09:10:00,1.95,17069.0,United Kingdom
552714,22456,NATURAL SLATE CHALKBOARD LARGE ,3,2011-05-11 09:28:00,4.95,17164.0,United Kingdom
496490,22383,LUNCH BAG SUKI  DESIGN ,2,2010-02-01 17:18:00,3.36,,United Kingdom
520179,82578,KITCHEN METAL SIGN,2,2010-08-24 13:46:00,0.55,16550.0,United Kingdom
530844,21231,SWEETHEART CERAMIC TRINKET BOX,12,2010-11-04 14:21:00,1.25,16350.0,United Kingdom
579196,22899,CHILDREN'S APRON DOLLY GIRL ,1,2011-11-28 15:54:00,4.13,14096.0,United Kingdom
511113,22048,BIRTHDAY BANQUET GIFT WRAP,25,2010-06-07 10:24:00,0.42,14309.0,United Kingdom
551995,23182,TOILET SIGN OCCUPIED OR VACANT,2,2011-05-05 15:42:00,2.46,,United Kingdom
550351,84970L,SINGLE HEART ZINC T-LIGHT HOLDER,12,2011-04-18 10:20:00,0.95,15491.0,United Kingdom
580153,22396,MAGNETS PACK OF 4 RETRO PHOTO,12,2011-12-02 10:23:00,0.39,12762.0,Portugal
516454,21931,JUMBO STORAGE BAG SUKI,40,2010-07-20 13:34:00,1.95,14292.0,United Kingdom
580729,23243,SET OF TEA COFFEE SUGAR TINS PANTRY,1,2011-12-05 17:24:00,10.79,,United Kingdom
522116,21692,SILVER LATTICE VANILLA CANDLE POT,2,2010-09-12 16:08:00,3.75,17921.0,United Kingdom
529156,85130D,BEADED CRYSTAL HEART PINK LARGE,2,2010-10-26 16:47:00,1.65,16549.0,United Kingdom
C510809,22041,"RECORD FRAME 7"" SINGLE SIZE ",-4,2010-06-03 19:18:00,2.55,18223.0,United Kingdom
567673,22663,JUMBO BAG DOLLY GIRL DESIGN,1,2011-09-21 15:43:00,4.13,,United Kingdom
503365,48187,DOOR MAT NEW ENGLAND,1,2010-03-31 14:18:00,7.49,13219.0,United Kingdom
564093,22171,3 HOOK PHOTO SHELF ANTIQUE WHITE,2,2011-08-23 10:29:00,8.5,14930.0,Channel Islands
508753,22611,VINTAGE UNION JACK SHOPPING BAG,2,2010-05-18 11:50:00,4.95,13018.0,United Kingdom
559641,22334,DINOSAUR PARTY BAG + STICKER SET,1,2011-07-11 12:31:00,1.65,13184.0,United Kingdom
545429,21669,BLUE STRIPE CERAMIC DRAWER KNOB,12,2011-03-02 14:46:00,1.25,15031.0,United Kingdom
576837,84596F,SMALL MARSHMALLOWS PINK BOWL,1,2011-11-16 15:16:00,0.83,,United Kingdom
560209,23342,MINT DINER WALL CLOCK,1,2011-07-15 14:05:00,8.5,15004.0,United Kingdom
490461,21535,RETRO SPOT SMALL MILK JUG,2,2009-12-06 12:07:00,2.55,13736.0,United Kingdom
494384,20752,RETRO BLUE SPOTTY WASHING UP GLOVES,6,2010-01-14 08:30:00,2.1,16304.0,United Kingdom
538836,22470,HEART OF WICKER LARGE,1,2010-12-14 13:09:00,2.95,12748.0,United Kingdom
492251,84581,DOG TOY WITH PINK CROCHET SKIRT,4,2009-12-16 10:51:00,3.75,14156.0,EIRE
499980,21955,DOOR MAT UNION JACK GUNS AND ROSES,1,2010-03-03 15:28:00,13.57,,United Kingdom
565541,20724,RED RETROSPOT CHARLOTTE BAG,2,2011-09-05 12:00:00,0.85,14159.0,United Kingdom
512437,84993A,75 GREEN PETIT FOUR CASES,1,2010-06-15 16:17:00,0.84,,United Kingdom
541370,22386,JUMBO BAG PINK POLKADOT,10,2011-01-17 14:51:00,1.95,18179.0,United Kingdom
C524962,47422,ASSORTED MONKEY SUCTION CUP HOOK,-24,2010-10-01 13:43:00,0.42,12474.0,Germany
564750,22848,BREAD BIN DINER STYLE PINK,1,2011-08-30 09:36:00,16.95,17690.0,United Kingdom
551269,20727,LUNCH BAG  BLACK SKULL.,10,2011-04-27 12:21:00,1.65,12840.0,United Kingdom
577228,23156,SET OF 5 MINI GROCERY MAGNETS,1,2011-11-18 12:07:00,2.08,12391.0,Cyprus
567980,22414,DOORMAT NEIGHBOURHOOD WITCH ,1,2011-09-23 11:22:00,8.25,15311.0,United Kingdom
506399,85099F,JUMBO BAG STRAWBERRY,10,2010-04-29 13:32:00,1.95,13969.0,United Kingdom
561926,22966,GINGERBREAD MAN COOKIE CUTTER,12,2011-08-01 12:48:00,1.25,12749.0,United Kingdom
C571707,23194,GYMKHANA TREASURE BOOK BOX,-4,2011-10-18 15:33:00,2.25,14056.0,United Kingdom
543990,22384,LUNCH BAG PINK POLKADOT,10,2011-02-15 09:59:00,1.65,15122.0,United Kingdom
494018,21179,NO JUNK MAIL METAL SIGN,1,2010-01-11 09:37:00,1.7,,United Kingdom
554098,23174,REGENCY SUGAR BOWL GREEN,2,2011-05-22 13:01:00,4.15,14769.0,United Kingdom
529850,22749,FELTCRAFT PRINCESS CHARLOTTE DOLL,4,2010-10-31 13:35:00,3.75,16788.0,United Kingdom
490957,22139,RETRO SPOT TEA SET CERAMIC 11 PC ,3,2009-12-08 15:12:00,4.95,15823.0,United Kingdom
519759,84507B,STRIPES DESIGN MONKEY DOLL,6,2010-08-20 10:57:00,2.55,16503.0,United Kingdom
580721,23571,TRADITIONAL NAUGHTS & CROSSES,12,2011-12-05 16:57:00,1.65,15274.0,United Kingdom
526655,21209,MULTICOLOUR HONEYCOMB FAN,12,2010-10-12 14:34:00,1.65,16607.0,United Kingdom
575490,20759,CHRYSANTHEMUM POCKET BOOK ,3,2011-11-09 17:44:00,0.85,15031.0,United Kingdom
533369,21494,ROTATING LEAVES T-LIGHT HOLDER,12,2010-11-17 10:31:00,1.25,16835.0,United Kingdom
513943,90082B,DIAMANTE BOW BROOCH RED COLOUR,6,2010-06-29 13:13:00,6.35,14040.0,United Kingdom
520824,84975,HEART SHAPED MIRROR,1,2010-08-31 12:30:00,3.36,,United Kingdom
568675,22661,CHARLOTTE BAG DOLLY GIRL DESIGN,30,2011-09-28 13:32:00,0.72,14298.0,United Kingdom
518432,22588,CARD HOLDER GINGHAM HEART,6,2010-08-09 11:06:00,2.55,14625.0,United Kingdom
564647,23154,SET OF 4 JAM JAR MAGNETS,1,2011-08-26 13:56:00,2.08,17920.0,United Kingdom
514097,84970S,HANGING HEART ZINC T-LIGHT HOLDER,1,2010-06-30 12:27:00,2.13,,United Kingdom
548858,22780,LIGHT GARLAND BUTTERFILES PINK,4,2011-04-04 13:29:00,4.25,14911.0,EIRE
564642,22959,WRAP CHRISTMAS VILLAGE,25,2011-08-26 13:22:00,0.42,13527.0,United Kingdom
578344,22624,IVORY KITCHEN SCALES,1,2011-11-24 09:21:00,16.63,,United Kingdom
C522851,22198,LARGE POPCORN HOLDER ,-8,2010-09-17 11:20:00,1.65,14911.0,EIRE
575977,23173,REGENCY TEAPOT ROSES ,1,2011-11-13 13:27:00,9.95,17287.0,United Kingdom
511122,21955,DOOR MAT UNION JACK GUNS AND ROSES,1,2010-06-07 10:54:00,13.57,,United Kingdom
545568,22586,FELTCRAFT HAIRBAND PINK AND BLUE,1,2011-03-03 16:22:00,1.63,,United Kingdom
529072,22371,AIRLINE BAG VINTAGE TOKYO 78,2,2010-10-26 12:22:00,4.25,12577.0,France
498911,21223,SET/4 BADGES WOODLAND ANIMAL,10,2010-02-23 15:27:00,1.25,16702.0,United Kingdom
554511,15034,PAPER POCKET TRAVELING FAN ,1,2011-05-24 15:52:00,0.83,,United Kingdom
542600,22844,VINTAGE CREAM DOG FOOD CONTAINER,1,2011-01-30 11:11:00,8.5,16923.0,United Kingdom
551412,21873,IF YOU CAN'T STAND THE HEAT MUG,6,2011-04-28 13:31:00,1.25,15508.0,United Kingdom
523367,79000,MOROCCAN TEA GLASS,144,2010-09-21 18:16:00,0.65,18092.0,United Kingdom
549592,21205,MULTICOLOUR 3D BALLS GARLAND,6,2011-04-11 10:14:00,2.55,14311.0,United Kingdom
556107,23109,LED TEA LIGHTS,6,2011-06-08 17:09:00,2.89,17360.0,United Kingdom
559421,22131,FOOD CONTAINER SET 3 LOVE HEART ,6,2011-07-08 11:55:00,1.95,12648.0,Germany
517854,21035,SET/2 RED SPOTTY TEA TOWELS ,1,2010-08-02 13:48:00,5.91,,United Kingdom
518225,47591A,CAROUSEL CHILDRENS APRON,6,2010-08-05 14:35:00,1.65,,EIRE
547658,21454,PAINTED PINK RABBIT ,2,2011-03-24 13:04:00,0.85,13736.0,United Kingdom
569255,23534,STOP FOR TEA WALL ART,108,2011-10-03 11:01:00,3.88,18102.0,United Kingdom
557636,84968A,SET OF 16 VINTAGE ROSE CUTLERY,1,2011-06-21 15:41:00,12.75,17841.0,United Kingdom
548152,22840,ROUND CAKE TIN VINTAGE RED,2,2011-03-29 13:04:00,7.95,17398.0,United Kingdom
540468,85186A,EASTER BUNNY GARLAND OF FLOWERS,2,2011-01-07 13:55:00,0.85,,United Kingdom
537809,22508,DOORSTOP RETROSPOT HEART,4,2010-12-08 13:28:00,3.75,14217.0,United Kingdom
533381,22549,PICTURE DOMINOES,1,2010-11-17 10:55:00,1.45,14417.0,United Kingdom
537218,21210,SET OF 72 RETROSPOT PAPER  DOILIES,24,2010-12-05 15:46:00,1.45,12763.0,Japan
557621,85132C,CHARLIE AND LOLA FIGURES TINS,12,2011-06-21 14:00:00,1.95,12444.0,Norway
525801,21558,SKULL LUNCH BOX WITH CUTLERY ,1,2010-10-07 11:33:00,2.55,17249.0,United Kingdom
537034,22662,LUNCH BAG DOLLY GIRL DESIGN,20,2010-12-03 17:20:00,1.65,13081.0,United Kingdom
519610,21989,PACK OF 20 SKULL PAPER NAPKINS,3,2010-08-18 16:54:00,0.85,15494.0,United Kingdom
562143,20972,PINK CREAM FELT CRAFT TRINKET BOX ,36,2011-08-03 10:41:00,1.25,16422.0,United Kingdom
550712,21578,WOODLAND DESIGN  COTTON TOTE BAG,6,2011-04-20 11:06:00,2.25,15159.0,United Kingdom
535586,84029E,RED WOOLLY HOTTIE WHITE HEART.,4,2010-11-26 15:53:00,3.75,12928.0,United Kingdom
490526,84837,WHITE SWEETHEARTS CABINET 4 DRAWERS,2,2009-12-06 15:41:00,12.75,17858.0,United Kingdom
496597,21357,TOAST ITS - DINOSAUR,24,2010-02-02 16:16:00,1.25,16843.0,United Kingdom
546972,84029E,RED WOOLLY HOTTIE WHITE HEART.,1,2011-03-18 12:04:00,7.46,,United Kingdom
512437,90059D,DIAMANTE HAIR GRIP PACK/2 PERIDOT,1,2010-06-15 16:17:00,1.69,,United Kingdom
570087,82583,HOT BATHS METAL SIGN,2,2011-10-07 11:26:00,4.96,,United Kingdom
543990,22767,TRIPLE PHOTO FRAME CORNICE ,2,2011-02-15 09:59:00,9.95,15122.0,United Kingdom
556092,22630,DOLLY GIRL LUNCH BOX,1,2011-06-08 15:25:00,2.46,,United Kingdom
572540,22646,CERAMIC STRAWBERRY CAKE MONEY BANK,1,2011-10-24 16:17:00,4.13,,United Kingdom
514842,48138,DOOR MAT UNION FLAG,2,2010-07-06 15:12:00,7.49,13491.0,United Kingdom
556219,22427,ENAMEL FLOWER JUG CREAM,3,2011-06-09 14:19:00,5.95,17731.0,United Kingdom
520212,21621,VINTAGE UNION JACK BUNTING,2,2010-08-24 17:21:00,8.5,16033.0,United Kingdom
524409,22835,HOT WATER BOTTLE I AM SO POORLY,4,2010-09-29 09:46:00,4.65,12975.0,United Kingdom
516748,22335,HEART DECORATION PAINTED ZINC ,15,2010-07-22 15:06:00,1.28,,United Kingdom
510325,47568,ENGLISH ROSE DESIGN PEG BAG,6,2010-05-28 12:52:00,2.1,14395.0,United Kingdom
569261,23079,TOADSTOOL BEDSIDE LIGHT ,1,2011-10-03 11:34:00,8.95,17321.0,United Kingdom
559704,21936,RED RETROSPOT PICNIC BAG,5,2011-07-12 09:54:00,2.95,12669.0,France
563551,22197,POPCORN HOLDER,10,2011-08-17 13:04:00,0.85,17757.0,United Kingdom
572224,22910,PAPER CHAIN KIT VINTAGE CHRISTMAS,40,2011-10-21 13:46:00,2.55,16558.0,United Kingdom
541827,21709,FOLDING UMBRELLA CHOCOLATE POLKADOT,3,2011-01-21 17:05:00,3.29,,United Kingdom
547850,22266,EASTER DECORATION HANGING BUNNY,4,2011-03-27 12:06:00,0.65,14472.0,United Kingdom
540413,22457,NATURAL SLATE HEART CHALKBOARD ,6,2011-01-07 10:29:00,2.95,15194.0,United Kingdom
495331,85206A,CREAM FELT EASTER EGG BASKET,4,2010-01-22 16:28:00,1.65,17799.0,United Kingdom
545475,22539,MINI JIGSAW DOLLY GIRL,240,2011-03-03 10:59:00,0.36,12415.0,Australia
500363,72807C,SET/3 VANILLA SCENTED CANDLE IN BOX,1,2010-03-07 16:20:00,4.25,,United Kingdom
567327,22197,POPCORN HOLDER,48,2011-09-19 14:43:00,0.85,13102.0,United Kingdom
531123,22423,REGENCY CAKESTAND 3 TIER,6,2010-11-05 13:03:00,12.75,14911.0,EIRE
533799,22539,MINI JIGSAW DOLLY GIRL,24,2010-11-18 19:14:00,0.42,12759.0,Netherlands
572569,23493,VINTAGE DOILY TRAVEL SEWING KIT,1,2011-10-25 10:32:00,1.95,17870.0,United Kingdom
C507486,20703,BLUE PADDED SOFT MOBILE,-3,2010-05-10 11:58:00,4.25,12474.0,Germany
525761,22593,CHRISTMAS GINGHAM STAR,24,2010-10-07 10:37:00,0.85,16325.0,United Kingdom
506724,84839,SWEETHEART KEY CABINET,2,2010-05-04 10:02:00,12.72,,United Kingdom
499914,85097B,BLUE ROCKING SINGING CANARY,6,2010-03-03 12:10:00,3.75,13097.0,United Kingdom
500353,21238,RED SPOTTY CUP,8,2010-03-07 15:25:00,0.85,12668.0,Germany
528319,22423,REGENCY CAKESTAND 3 TIER,5,2010-10-21 12:43:00,12.75,17483.0,United Kingdom
563360,22690,DOORMAT HOME SWEET HOME BLUE ,1,2011-08-15 15:06:00,7.95,15023.0,United Kingdom
493960,72799E,IVORY PILLAR CANDLE SILVER FLOCK,6,2010-01-08 15:01:00,2.95,16556.0,United Kingdom
539453,90133,TEAL/FUSCHIA COL BEAD NECKLACE,1,2010-12-17 17:08:00,5.09,,United Kingdom
573379,23301,GARDENERS KNEELING PAD KEEP CALM ,12,2011-10-30 14:03:00,1.65,15680.0,United Kingdom
528613,84032A,CHARLIE+LOLA PINK HOT WATER BOTTLE,2,2010-10-22 15:57:00,3.36,,United Kingdom
580541,23293,SET OF 12 FAIRY CAKE BAKING CASES,8,2011-12-05 09:03:00,0.83,15358.0,United Kingdom
560913,85035B,CHOCOLATE 3 WICK MORRIS BOX CANDLE,1,2011-07-21 18:07:00,4.25,17961.0,United Kingdom
515635,84839,SWEETHEART KEY CABINET,2,2010-07-14 10:41:00,6.75,17714.0,United Kingdom
570016,23314,VINTAGE CHRISTMAS TABLECLOTH,2,2011-10-07 10:06:00,12.5,14911.0,EIRE
490401,21255,"FRENCH BOTTLE , LAVENDER",2,2009-12-06 10:51:00,1.65,17150.0,United Kingdom
558045,22621,TRADITIONAL KNITTING NANCY,12,2011-06-24 13:35:00,1.65,12615.0,France
538523,85183B,CHARLIE & LOLA WASTEPAPER BIN FLORA,6,2010-12-13 09:29:00,3.75,13198.0,United Kingdom
571465,21990,MODERN FLORAL STATIONERY SET,1,2011-10-17 14:29:00,1.25,14830.0,United Kingdom
568243,21411,GINGHAM HEART  DOORSTOP RED,3,2011-09-26 12:12:00,4.25,14217.0,United Kingdom
572550,84510A,SET OF 4 ENGLISH ROSE COASTERS,1,2011-10-24 17:06:00,2.46,,United Kingdom
535407,22945,CHRISTMAS METAL TAGS ASSORTED ,5,2010-11-26 11:20:00,11.02,,United Kingdom
574353,23582,VINTAGE DOILY JUMBO BAG RED ,5,2011-11-04 10:46:00,2.08,14659.0,United Kingdom
538197,22747,POPPY'S PLAYHOUSE BATHROOM,3,2010-12-10 10:56:00,2.1,14419.0,United Kingdom
552857,16258A,SWIRLY CIRCULAR RUBBERS IN BAG,1,2011-05-11 15:34:00,0.83,,United Kingdom
525753,47559B,TEA TIME OVEN GLOVE,1,2010-10-07 10:19:00,2.51,,United Kingdom
559362,23159,SET OF 5 PANCAKE DAY MAGNETS,12,2011-07-08 08:43:00,2.08,12635.0,Germany
573584,82482,WOODEN PICTURE FRAME WHITE FINISH,36,2011-10-31 14:36:00,2.55,16705.0,United Kingdom
562598,22691,DOORMAT WELCOME SUNRISE,4,2011-08-08 10:00:00,7.95,15152.0,United Kingdom
575674,22179,SET 10 NIGHT OWL LIGHTS,2,2011-11-10 15:06:00,6.75,13468.0,United Kingdom
581439,22514,CHILDS GARDEN SPADE BLUE,1,2011-12-08 16:30:00,4.13,,United Kingdom
493073,20972,PINK CREAM FELT CRAFT TRINKET BOX ,2,2009-12-22 09:41:00,2.57,,United Kingdom
575628,22119,PEACE WOODEN BLOCK LETTERS,1,2011-11-10 13:31:00,6.95,12844.0,United Kingdom
578074,23247,BISCUIT TIN 50'S CHRISTMAS,2,2011-11-22 16:06:00,2.89,17590.0,United Kingdom
537802,22798,ANTIQUE GLASS DRESSING TABLE POT,8,2010-12-08 13:11:00,2.95,13455.0,United Kingdom
556491,23281,FOLDING BUTTERFLY MIRROR RED  ,3,2011-06-12 14:15:00,0.83,16794.0,United Kingdom
535421,22966,GINGERBREAD MAN COOKIE CUTTER,1,2010-11-26 11:50:00,1.25,13555.0,United Kingdom
578933,21258,VICTORIAN SEWING BOX LARGE,6,2011-11-27 12:47:00,12.75,16923.0,United Kingdom
572675,23318,BOX OF 6 MINI VINTAGE CRACKERS,1,2011-10-25 13:20:00,2.49,17917.0,United Kingdom
498736,22383,LUNCH BAG SUKI  DESIGN ,6,2010-02-22 16:04:00,1.65,12748.0,United Kingdom
516885,20897,VINTAGE NOTEBOOK PARIS DAYS,6,2010-07-23 14:16:00,2.95,12615.0,France
561359,22149,FELTCRAFT 6 FLOWER FRIENDS,6,2011-07-26 15:29:00,2.1,17160.0,United Kingdom
499422,22309,TEA COSY RED  STRIPE,1,2010-02-26 16:33:00,5.06,,United Kingdom
539595,22342,HOME GARLAND PAINTED ZINC ,1,2010-12-20 13:43:00,3.36,,United Kingdom
516475,21733,RED HANGING HEART T-LIGHT HOLDER,6,2010-07-20 16:23:00,2.95,14040.0,United Kingdom
550527,22192,BLUE DINER WALL CLOCK,4,2011-04-19 10:48:00,8.5,12476.0,Germany
561651,23169,CLASSIC GLASS COOKIE JAR,2,2011-07-28 15:36:00,8.29,,United Kingdom
557233,22997,TRAVEL CARD WALLET UNION JACK,5,2011-06-17 14:44:00,0.42,15356.0,United Kingdom
503538,22315,200 RED + WHITE BENDY STRAWS,1,2010-04-01 14:04:00,1.25,14692.0,United Kingdom
532301,POST,POSTAGE,1,2010-11-11 14:04:00,4.95,16827.0,United Kingdom
554968,22666,RECIPE BOX PANTRY YELLOW DESIGN,1,2011-05-27 16:24:00,2.95,17961.0,United Kingdom
521839,POST,POSTAGE,4,2010-09-09 10:50:00,18.0,12635.0,Germany
579446,22745,POPPY'S PLAYHOUSE BEDROOM ,6,2011-11-29 13:43:00,2.1,14121.0,United Kingdom
578347,15056N,EDWARDIAN PARASOL NATURAL,1,2011-11-24 09:26:00,12.46,,United Kingdom
513963,85099C,JUMBO  BAG BAROQUE BLACK WHITE,200,2010-06-29 15:17:00,1.65,13694.0,United Kingdom
502847,22450,SILK PURSE RUSSIAN DOLL BLUE,2,2010-03-28 13:47:00,3.35,14572.0,United Kingdom
567043,22197,POPCORN HOLDER,10,2011-09-16 11:27:00,0.85,13268.0,United Kingdom
502749,22023,EMPIRE BIRTHDAY CARD,12,2010-03-26 13:08:00,0.42,18245.0,United Kingdom
526462,21621,VINTAGE UNION JACK BUNTING,2,2010-10-11 16:14:00,8.5,15024.0,United Kingdom
534652,21871,SAVE THE PLANET MUG,1,2010-11-23 13:26:00,1.25,14170.0,United Kingdom
540245,22755,SMALL PURPLE BABUSHKA NOTEBOOK ,12,2011-01-05 15:42:00,0.85,13082.0,United Kingdom
541371,22197,SMALL POPCORN HOLDER,6,2011-01-17 14:51:00,0.85,13983.0,United Kingdom
503941,85071C,"CHARLIE+LOLA""EXTREMELY BUSY"" SIGN",96,2010-04-08 15:04:00,0.38,13044.0,United Kingdom
574352,22470,HEART OF WICKER LARGE,120,2011-11-04 10:38:00,1.97,18102.0,United Kingdom
534814,21900,"KEY FOB , SHED",4,2010-11-24 12:45:00,0.65,16794.0,United Kingdom
511643,84991,60 TEATIME FAIRY CAKE CASES,120,2010-06-09 13:37:00,0.42,14135.0,United Kingdom
554098,22993,SET OF 4 PANTRY JELLY MOULDS,6,2011-05-22 13:01:00,1.25,14769.0,United Kingdom
517454,47563A,RETRO LONGBOARD IRONING BOARD COVER,1,2010-07-29 11:22:00,5.91,,United Kingdom
559466,21931,JUMBO STORAGE BAG SUKI,10,2011-07-08 13:31:00,2.08,15679.0,United Kingdom
560359,22630,DOLLY GIRL LUNCH BOX,1,2011-07-18 11:47:00,1.95,14159.0,United Kingdom
530372,22697,GREEN REGENCY TEACUP AND SAUCER,1,2010-11-02 16:20:00,2.95,17276.0,United Kingdom
515303,85064,CREAM SWEETHEART LETTER RACK,2,2010-07-09 15:46:00,5.45,15283.0,United Kingdom
555133,23203,JUMBO BAG DOILEY PATTERNS,10,2011-05-31 15:32:00,2.08,16810.0,United Kingdom
504704,21670,BLUE SPOT CERAMIC DRAWER KNOB,6,2010-04-15 19:22:00,1.25,15031.0,United Kingdom
564224,22570,FELTCRAFT CUSHION RABBIT,4,2011-08-24 09:56:00,3.75,15249.0,United Kingdom
571905,22779,WOODEN OWLS LIGHT GARLAND ,4,2011-10-19 14:51:00,4.25,12370.0,Cyprus
519613,90186B,CRYSTAL HOOP EARRING FLORAL LEAF,6,2010-08-18 17:43:00,2.95,15154.0,United Kingdom
490396,21667,GLASS CAKE COVER AND PLATE,1,2009-12-06 10:26:00,16.95,13589.0,United Kingdom
566603,22303,COFFEE MUG APPLES DESIGN,1,2011-09-13 16:12:00,4.96,,United Kingdom
581098,22083,PAPER CHAIN KIT RETROSPOT,6,2011-12-07 11:42:00,2.95,14911.0,EIRE
503972,21231,SWEETHEART CERAMIC TRINKET BOX,8,2010-04-08 17:44:00,1.25,17180.0,United Kingdom
575947,84997a,CHILDRENS CUTLERY POLKADOT GREEN ,2,2011-11-13 11:50:00,8.29,,United Kingdom
492303,16047,POP ART PEN CASE & PENS,1,2009-12-16 11:57:00,1.7,,United Kingdom
526155,20975,12 PENCILS SMALL TUBE RED RETROSPOT,768,2010-10-08 15:56:00,0.65,17404.0,Sweden
569494,23101,SILVER STARS TABLE DECORATION,72,2011-10-04 13:42:00,0.72,15739.0,United Kingdom
576098,22139,RETROSPOT TEA SET CERAMIC 11 PC ,6,2011-11-14 10:01:00,4.95,14862.0,United Kingdom
493413,21723,ALPHABET HEARTS STICKER SHEET,1,2010-01-04 09:54:00,0.85,,United Kingdom
531759,22197,SMALL POPCORN HOLDER,4,2010-11-09 13:34:00,0.85,16740.0,United Kingdom
564090,23294,SET OF 6 SNACK LOAF BAKING CASES,8,2011-08-23 09:53:00,0.83,17041.0,United Kingdom
571277,23490,T-LIGHT HOLDER HANGING LOVE BIRD,6,2011-10-16 12:40:00,3.75,16934.0,United Kingdom
503940,22262,FELT EGG COSY CHICKEN,1,2010-04-08 14:47:00,1.66,,United Kingdom
540352,47594A,CAROUSEL DESIGN WASHBAG,1,2011-01-06 14:27:00,1.66,,United Kingdom
489814,84991,60 TEATIME FAIRY CAKE CASES,24,2009-12-02 13:06:00,0.55,14669.0,United Kingdom
539436,22187,GREEN CHRISTMAS TREE CARD HOLDER,2,2010-12-17 14:49:00,4.25,,United Kingdom
506900,20983,12 PENCILS TALL TUBE RED SPOTTY,12,2010-05-05 09:43:00,0.85,14175.0,United Kingdom
532382,22470,HEART OF WICKER LARGE,11,2010-11-11 18:24:00,2.95,16081.0,United Kingdom
535349,21187,WHITE BELL HONEYCOMB PAPER GARLAND ,12,2010-11-25 16:52:00,1.65,18245.0,United Kingdom
576191,23583,LUNCH BAG PAISLEY PARK  ,2,2011-11-14 11:54:00,1.65,17377.0,United Kingdom
560090,90200E,GREEN SWEETHEART BRACELET,1,2011-07-14 16:46:00,4.15,,United Kingdom
513574,22619,SET OF 6 SOLDIER SKITTLES,2,2010-06-25 15:13:00,7.62,,United Kingdom
504339,82484,WOOD BLACK BOARD ANT WHITE FINISH,6,2010-04-12 16:44:00,6.45,16705.0,United Kingdom
524211,22189,CREAM HEART CARD HOLDER,4,2010-09-28 10:42:00,3.95,14423.0,United Kingdom
492303,35840,FLAT GLASS  BAUBLE WHITE FLOCK ,2,2009-12-16 11:57:00,6.91,,United Kingdom
500370,21561,DINOSAUR LUNCHBOX WITH CUTLERY,6,2010-03-08 08:45:00,2.55,17063.0,United Kingdom
495406,82613C,"METAL SIGN,CUPCAKE SINGLE HOOK",1,2010-01-25 09:54:00,2.51,,United Kingdom
525235,21116,OWL DOORSTOP,1,2010-10-04 14:30:00,8.47,,United Kingdom
C543768,22794,SWEETHEART WIRE MAGAZINE RACK,-1,2011-02-11 15:20:00,7.95,14497.0,United Kingdom
561463,21217,RED RETROSPOT ROUND CAKE TINS,1,2011-07-27 12:38:00,9.95,14527.0,United Kingdom
512939,85160B,BLACK BIRD GARDEN DESIGN MUG,6,2010-06-20 13:43:00,1.25,17618.0,United Kingdom
570680,21933,PINK VINTAGE PAISLEY PICNIC BAG,3,2011-10-11 15:36:00,1.65,13969.0,United Kingdom
507682,71053,WHITE METAL LANTERN,24,2010-05-11 09:48:00,3.39,16323.0,United Kingdom
509431,22221,CAKE STAND LOVEBIRD 2 TIER PINK,2,2010-05-23 14:25:00,9.95,15394.0,United Kingdom
545715,21428,SET3 BOOK BOX GREEN GINGHAM FLOWER ,1,2011-03-07 10:13:00,8.29,,United Kingdom
543806,82582,AREA PATROLLED METAL SIGN,2,2011-02-13 12:48:00,2.1,17085.0,United Kingdom
552624,23158,SET OF 5 LUCKY CAT MAGNETS ,5,2011-05-10 12:53:00,2.08,14505.0,United Kingdom
569214,16219,HOUSE SHAPE PENCIL SHARPENER,288,2011-10-02 12:22:00,0.06,14533.0,United Kingdom
527495,20679,EDWARDIAN PARASOL RED,2,2010-10-18 12:07:00,5.95,14796.0,United Kingdom
530288,22840,ROUND CAKE TIN VINTAGE RED,1,2010-11-02 12:16:00,7.95,14593.0,United Kingdom
530818,21667,GLASS CAKE COVER AND PLATE,1,2010-11-04 13:14:00,16.95,13772.0,United Kingdom
513620,21381,MINI WOODEN HAPPY BIRTHDAY GARLAND,4,2010-06-27 12:51:00,1.69,14532.0,United Kingdom
574077,72122,COFFEE SCENT PILLAR CANDLE,2,2011-11-02 15:56:00,0.95,17999.0,United Kingdom
539955,21481,FAWN BLUE HOT WATER BOTTLE,5,2010-12-23 12:13:00,6.77,,United Kingdom
504936,21314,SMALL GLASS HEART TRINKET POT,2,2010-04-19 11:23:00,4.21,,United Kingdom
506251,37500,TEA TIME TEAPOT IN GIFT BOX,2,2010-04-28 13:40:00,9.95,14344.0,United Kingdom
490679,72529W,WHITE ADVENT CANDLE,1,2009-12-07 13:24:00,2.12,18162.0,United Kingdom
C502744,35400,WOODEN BOX ADVENT CALENDAR ,-2,2010-03-26 12:40:00,8.95,14994.0,United Kingdom
550911,22839,3 TIER CAKE TIN GREEN AND CREAM,1,2011-04-21 13:11:00,14.95,12354.0,Spain
502746,90129B,TURQUOISE GLASS TASSLE BAG CHARM ,2,2010-03-26 12:53:00,1.66,,United Kingdom
495951,21637,ASSORTED SANSKRIT MINI NOTEBOOK,3,2010-01-27 17:44:00,2.51,,United Kingdom
537265,21479,WHITE SKULL HOT WATER BOTTLE ,1,2010-12-06 11:26:00,3.75,15919.0,United Kingdom
507649,M,Manual,1,2010-05-10 15:52:00,864.59,,United Kingdom
553768,84519A,TOMATO CHARLIE+LOLA COASTER SET,1,2011-05-19 10:47:00,5.79,,United Kingdom
570688,22738,RIBBON REEL SNOWY VILLAGE,1,2011-10-11 16:29:00,3.29,,United Kingdom
548167,72349b,SET/6 PURPLE BUTTERFLY T-LIGHTS,1,2011-03-29 13:45:00,4.13,,United Kingdom
511285,21411,GINGHAM HEART  DOORSTOP RED,9,2010-06-07 14:46:00,4.25,15260.0,United Kingdom
554489,22622,BOX OF VINTAGE ALPHABET BLOCKS,4,2011-05-24 13:46:00,11.95,17272.0,United Kingdom
567957,23012,GLASS APOTHECARY BOTTLE PERFUME,4,2011-09-23 09:00:00,3.95,16136.0,United Kingdom
517714,20774,GREEN FERN NOTEBOOK,3,2010-08-01 11:22:00,1.65,13869.0,United Kingdom
571183,85116,BLACK CANDELABRA T-LIGHT HOLDER,3,2011-10-14 11:08:00,0.65,14796.0,United Kingdom
563935,21042,RED RETROSPOT APRON ,1,2011-08-21 16:24:00,5.95,15547.0,United Kingdom
565839,22413,METAL SIGN TAKE IT OR LEAVE IT ,12,2011-09-07 11:46:00,2.95,13186.0,United Kingdom
528327,22943,CHRISTMAS LIGHTS 10 VINTAGE BAUBLES,1,2010-10-21 13:20:00,4.95,16065.0,United Kingdom
506467,22083,PAPER CHAIN KIT RETRO SPOT,400,2010-04-30 09:06:00,2.55,16754.0,United Kingdom
510534,21742,LARGE ROUND WICKER PLATTER ,4,2010-06-01 14:18:00,5.95,16347.0,United Kingdom
495390,22078,RIBBON REEL LACE DESIGN ,5,2010-01-24 15:23:00,2.1,17142.0,United Kingdom
527349,22645,CERAMIC HEART FAIRY CAKE MONEY BANK,12,2010-10-15 16:00:00,1.45,16232.0,United Kingdom
496882,20727,LUNCH BAG  BLACK SKULL.,1,2010-02-04 14:13:00,1.65,15167.0,United Kingdom
512589,22055,MINI CAKE STAND  HANGING STRAWBERY,1,2010-06-16 16:04:00,3.36,,United Kingdom
577142,22348,TEA BAG PLATE RED RETROSPOT,12,2011-11-18 09:19:00,0.85,13985.0,United Kingdom
550144,22669,RED BABY BUNTING ,3,2011-04-14 14:14:00,2.95,16520.0,United Kingdom
567626,21790,VINTAGE SNAP CARDS,4,2011-09-21 12:56:00,0.85,15311.0,United Kingdom
571219,22699,ROSES REGENCY TEACUP AND SAUCER ,6,2011-10-14 13:35:00,2.95,15601.0,United Kingdom
505969,22243,"HOOK, 5 HANGER ,MAGIC TOADSTOOL RED",4,2010-04-26 16:36:00,1.65,17231.0,United Kingdom
580675,22086,PAPER CHAIN KIT 50'S CHRISTMAS ,12,2011-12-05 14:35:00,2.95,15640.0,United Kingdom
503611,47505,MINATURE COLOURED GARDENING SET,10,2010-04-06 10:43:00,4.95,18173.0,United Kingdom
503185,22287,"DECORATION , WOBBLY CHICKEN, METAL ",1,2010-03-30 14:29:00,3.36,,United Kingdom
529828,20717,STRAWBERRY SHOPPER BAG,2,2010-10-31 12:00:00,1.25,17609.0,United Kingdom
557628,21163,DO NOT TOUCH MY STUFF DOOR HANGER ,2,2011-06-21 14:31:00,1.45,15311.0,United Kingdom
570108,23493,VINTAGE DOILY TRAVEL SEWING KIT,10,2011-10-07 12:25:00,1.95,13004.0,United Kingdom
547906,21874,GIN AND TONIC MUG,1,2011-03-28 12:13:00,1.25,14410.0,United Kingdom
540026,84031A,CHARLIE+LOLA RED HOT WATER BOTTLE ,1,2011-01-04 13:25:00,4.21,,United Kingdom
578258,21872,GLAMOROUS  MUG,2,2011-11-23 13:01:00,1.25,13263.0,United Kingdom
502230,21260,FIRST AID TIN,1,2010-03-23 12:13:00,3.25,14596.0,United Kingdom
562540,84877D,BLUE ROUND COMPACT MIRROR,2,2011-08-05 15:38:00,1.25,17400.0,United Kingdom
551724,22966,GINGERBREAD MAN COOKIE CUTTER,2,2011-05-03 17:12:00,1.25,15976.0,United Kingdom
525921,85136A,YELLOW SHARK HELICOPTER,2,2010-10-07 16:36:00,7.95,13280.0,United Kingdom
559541,22185,SLATE TILE NATURAL HANGING,36,2011-07-10 12:40:00,1.45,18024.0,United Kingdom
555853,22469,HEART OF WICKER SMALL,2,2011-06-07 13:44:00,1.65,14375.0,United Kingdom
492016,82483,WOOD 2 DRAWER CABINET WHITE FINISH,4,2009-12-15 12:03:00,5.95,17233.0,United Kingdom
510291,21474,SWEETHEART CREAM STEEL FOLDIN BENCH,2,2010-05-28 11:47:00,19.95,13338.0,United Kingdom
533280,21975,PACK OF 60 DINOSAUR CAKE CASES,240,2010-11-16 15:27:00,0.42,15523.0,United Kingdom
509647,15058A,BLUE WHITE SPOTS GARDEN PARASOL,10,2010-05-25 11:41:00,3.95,14527.0,United Kingdom
575930,90198A,VINTAGE ROSE BEAD BRACELET RASPBERR,1,2011-11-11 17:58:00,4.15,,United Kingdom
532435,22127,PARTY CONES CARNIVAL ASSORTED,12,2010-11-12 10:51:00,1.25,17076.0,United Kingdom
575656,22186,RED STAR CARD HOLDER,12,2011-11-10 14:29:00,1.95,13319.0,United Kingdom
581334,22475,SKULL DESIGN TV DINNER TRAY,10,2011-12-08 12:07:00,1.95,17841.0,United Kingdom
500827,21716,BOYS VINTAGE TIN SEASIDE BUCKET,1,2010-03-10 11:10:00,5.06,,United Kingdom
520484,22366,DOORMAT AIRMAIL ,2,2010-08-26 11:43:00,7.49,14930.0,Channel Islands
542506,22730,ALARM CLOCK BAKELIKE IVORY,4,2011-01-28 12:06:00,3.75,16523.0,United Kingdom
569948,85048,15CM CHRISTMAS GLASS BALL 20 LIGHTS,4,2011-10-06 18:23:00,7.95,14959.0,United Kingdom
560547,22566,FELTCRAFT HAIRBAND PINK AND PURPLE,12,2011-07-19 12:39:00,0.85,17419.0,United Kingdom
556318,20728,LUNCH BAG CARS BLUE,10,2011-06-10 10:49:00,1.65,16767.0,United Kingdom
574723,23470,CARD HOLDER LOVE BIRD LARGE ,4,2011-11-06 14:45:00,6.25,15150.0,United Kingdom
490100,21355,TOAST ITS - I LOVE YOU ,2,2009-12-03 16:21:00,1.25,13001.0,United Kingdom
511522,85066,CREAM SWEETHEART MINI CHEST,1,2010-06-08 16:47:00,12.75,16072.0,United Kingdom
539981,21155,RED RETROSPOT PEG BAG,6,2010-12-23 14:35:00,2.1,13304.0,United Kingdom
522093,35970,ZINC FOLKART SLEIGH BELLS,6,2010-09-12 13:06:00,1.69,15406.0,United Kingdom
542892,22151,PLACE SETTING WHITE HEART,432,2011-02-01 13:28:00,0.36,13784.0,United Kingdom
561455,22699,ROSES REGENCY TEACUP AND SAUCER ,12,2011-07-27 11:58:00,2.95,15095.0,United Kingdom
543652,20674,GREEN POLKADOT BOWL,8,2011-02-11 10:15:00,1.25,15544.0,United Kingdom
578324,23479,WIRE EGG BASKET ,2,2011-11-23 17:32:00,7.85,17530.0,United Kingdom
543553,21500,PINK POLKADOT WRAP ,25,2011-02-10 10:08:00,0.42,16359.0,United Kingdom
525172,22384,LUNCH BAG PINK POLKADOT,10,2010-10-04 12:22:00,1.65,15596.0,United Kingdom
530161,22412,METAL SIGN NEIGHBOURHOOD WITCH ,4,2010-11-01 17:05:00,2.1,15456.0,United Kingdom
537041,22629,SPACEBOY LUNCH BOX ,1,2010-12-05 10:36:00,1.95,16033.0,United Kingdom
538529,84816,DANISH ROSE BEDSIDE CABINET,1,2010-12-13 10:24:00,39.95,14290.0,United Kingdom
524224,82482,WOODEN PICTURE FRAME WHITE FINISH,6,2010-09-28 10:58:00,2.55,14243.0,United Kingdom
489604,21153,RED SPOTTY TABLECLOTH ,1,2009-12-01 14:47:00,21.7,,United Kingdom
491173,21172,PARTY METAL SIGN ,4,2009-12-10 11:42:00,1.45,15858.0,United Kingdom
502423,22027,TEA PARTY BIRTHDAY CARD,12,2010-03-24 12:23:00,0.42,15601.0,United Kingdom
519177,84991,60 TEATIME FAIRY CAKE CASES,6,2010-08-13 14:40:00,0.55,17589.0,United Kingdom
539421,22445,PENCIL CASE LIFE IS BEAUTIFUL,6,2010-12-17 14:21:00,2.95,14016.0,EIRE
554961,20828,GLITTER BUTTERFLY CLIPS,1,2011-05-27 15:19:00,4.96,,United Kingdom
578043,23389,SPACEBOY MINI BACKPACK,4,2011-11-22 14:39:00,4.15,12474.0,Germany
565667,22169,FAMILY ALBUM WHITE PICTURE FRAME,2,2011-09-06 08:34:00,8.5,17449.0,United Kingdom
506578,22243,"HOOK, 5 HANGER ,MAGIC TOADSTOOL RED",12,2010-04-30 13:52:00,1.65,12708.0,Germany
529763,22892,SET OF SALT AND PEPPER TOADSTOOLS,2,2010-10-29 15:00:00,1.25,14081.0,United Kingdom
560875,84836,ZINC METAL HEART DECORATION,12,2011-07-21 15:12:00,1.25,13562.0,United Kingdom
506269,79192A,RETRO PLASTIC 70'S TRAY,12,2010-04-28 15:00:00,1.25,15101.0,United Kingdom
536592,84086C,PINK/PURPLE RETRO RADIO,1,2010-12-01 17:06:00,4.21,,United Kingdom
580729,84884A,ANT WHITE WIRE HEART SPIRAL,1,2011-12-05 17:24:00,8.29,,United Kingdom
581238,22166,WALL MIRROR RECTANGLE DIAMANTE PINK,1,2011-12-08 10:53:00,15.79,,United Kingdom
577502,20750,RED RETROSPOT MINI CASES,6,2011-11-20 12:34:00,7.95,12598.0,France
519395,21507,"ELEPHANT, BIRTHDAY CARD, ",24,2010-08-16 15:31:00,0.42,14379.0,United Kingdom
576339,21974,SET OF 36 PAISLEY FLOWER DOILIES,1,2011-11-14 15:27:00,2.92,14096.0,United Kingdom
501853,21827,EIGHT PIECE CREEPY CRAWLIE SET,1,2010-03-21 11:07:00,1.25,16782.0,United Kingdom
502444,21379,CAMPHOR WOOD PORTOBELLO MUSHROOM,2,2010-03-24 13:30:00,1.25,14729.0,United Kingdom
573509,23344,JUMBO BAG 50'S CHRISTMAS ,10,2011-10-31 12:21:00,2.08,16169.0,United Kingdom
549983,22449,SILK PURSE BABUSHKA PINK,1,2011-04-13 15:55:00,3.35,16348.0,United Kingdom
513596,21238,RED SPOTTY CUP,8,2010-06-27 11:15:00,0.85,16258.0,United Kingdom
515533,21624,VINTAGE UNION JACK DOORSTOP,1,2010-07-13 12:08:00,5.95,15719.0,United Kingdom
577106,84536A,ENGLISH ROSE NOTEBOOK A7 SIZE,2,2011-11-17 17:18:00,0.42,14456.0,United Kingdom
531479,22563,HAPPY STENCIL CRAFT,24,2010-11-08 14:24:00,1.25,13485.0,United Kingdom
574840,84596B,SMALL DOLLY MIX DESIGN ORANGE BOWL,1,2011-11-07 11:41:00,0.42,12748.0,United Kingdom
577545,23191,BUNDLE OF 3 RETRO NOTE BOOKS,6,2011-11-20 14:43:00,1.65,16931.0,United Kingdom
521691,21871,SAVE THE PLANET MUG,1,2010-09-07 17:19:00,3.36,,United Kingdom
503579,21777,RECIPE BOX WITH METAL HEART,2,2010-04-01 16:40:00,7.95,15768.0,United Kingdom
546861,16237,SLEEPING CAT ERASERS,30,2011-03-17 15:03:00,0.21,14911.0,EIRE
575687,23298,SPOTTY BUNTING,21,2011-11-10 16:03:00,4.95,16126.0,United Kingdom
505712,82486,WOOD S/3 CABINET ANT WHITE FINISH,2,2010-04-25 12:43:00,7.95,13527.0,United Kingdom
528087,21056,DOCTOR'S BAG SOFT TOY,1,2010-10-20 13:09:00,8.95,16521.0,United Kingdom
575176,22208,WOOD STAMP SET THANK YOU,1,2011-11-08 18:29:00,3.29,,United Kingdom
491971,21851,LILAC DIAMANTE PEN IN GIFT BOX,1,2009-12-14 18:37:00,4.3,,United Kingdom
499422,48129,DOOR MAT TOPIARY,1,2010-02-26 16:33:00,13.57,,United Kingdom
548546,21403,BLUE EGG  SPOON,24,2011-03-31 19:20:00,0.12,16600.0,United Kingdom
575152,23215,JINGLE BELL HEART ANTIQUE SILVER,8,2011-11-08 16:12:00,2.08,16284.0,United Kingdom
540026,21882,SKULLS TAPE,11,2011-01-04 13:25:00,0.43,,United Kingdom
556032,22669,RED BABY BUNTING ,5,2011-06-08 12:35:00,2.95,15159.0,United Kingdom
519905,21242,RED SPOTTY PLATE ,8,2010-08-22 13:36:00,1.69,14855.0,United Kingdom
521950,21110,LARGE CAKE TOWEL PINK SPOTS,4,2010-09-09 17:19:00,6.75,15150.0,United Kingdom
524311,22806,SET OF 6 T-LIGHTS WEDDING CAKE ,1,2010-09-28 14:09:00,2.95,17841.0,United Kingdom
531485,22645,CERAMIC HEART FAIRY CAKE MONEY BANK,12,2010-11-08 14:51:00,1.45,15992.0,United Kingdom
492724,22148,EASTER CRAFT 4 CHICKS ,120,2009-12-18 10:59:00,1.65,14646.0,Netherlands
537638,84913B,MINT GREEN ROSE TOWEL,3,2010-12-07 15:28:00,3.36,,United Kingdom
514198,21429,RED GINGHAM ROSE JEWELLERY BOX,1,2010-06-30 15:55:00,3.36,,United Kingdom
489857,21548,CERAMIC BIRDHOUSE FINCH BLUE ROOF,1,2009-12-02 14:43:00,6.04,,United Kingdom
553356,23199,JUMBO BAG APPLES,10,2011-05-16 14:05:00,2.08,14038.0,United Kingdom
490612,85196,EASTER BUNNIES ON A STICK,12,2009-12-07 11:46:00,0.55,17508.0,Greece
573585,22905,CALENDAR IN SEASON DESIGN,5,2011-10-31 14:41:00,2.46,,United Kingdom
C542097,22701,PINK DOG BOWL,-4,2011-01-25 12:52:00,2.95,14215.0,United Kingdom
560366,23310,BUBBLEGUM RING ASSORTED,36,2011-07-18 12:19:00,0.42,16859.0,United Kingdom
555523,22077,6 RIBBONS RUSTIC CHARM,12,2011-06-05 11:36:00,1.65,12468.0,Germany
532354,21259,VICTORIAN SEWING BOX SMALL ,24,2010-11-11 16:40:00,4.95,13316.0,United Kingdom
540418,DOT,DOTCOM POSTAGE,1,2011-01-07 11:04:00,369.95,,United Kingdom
538345,22791,T-LIGHT GLASS FLUTED ANTIQUE,12,2010-12-10 14:45:00,1.25,13787.0,United Kingdom
490393,21186,WHITE DOVE HONEYCOMB PAPER GARLAND,12,2009-12-05 16:01:00,1.65,17642.0,United Kingdom
C496320,85048,15CM CHRISTMAS GLASS BALL 20 LIGHTS,-1,2010-01-31 12:36:00,7.95,15751.0,United Kingdom
543448,22660,DOORMAT I LOVE LONDON,1,2011-02-08 12:12:00,12.46,,United Kingdom
523839,21928,JUMBO BAG SCANDINAVIAN PAISLEY,30,2010-09-24 12:08:00,1.95,14001.0,United Kingdom
555284,23212,HEART WREATH DECORATION WITH BELL,24,2011-06-02 09:37:00,1.04,14298.0,United Kingdom
522310,85016,SET OF 6 VINTAGE NOTELETS KIT,1,2010-09-13 15:12:00,2.51,,United Kingdom
507238,22406,MONEY BOX KINGS CHOICE DESIGN,12,2010-05-07 09:40:00,1.25,15680.0,United Kingdom
541810,21174,POTTERING IN THE SHED METAL SIGN,1,2011-01-21 15:00:00,4.13,,United Kingdom
563731,22989,SET 2 PANTRY DESIGN TEA TOWELS,2,2011-08-18 17:44:00,3.25,17576.0,United Kingdom
573345,22812,PACK 3 BOXES CHRISTMAS PANNETONE,3,2011-10-30 12:14:00,1.95,17609.0,United Kingdom
523944,21507,"ELEPHANT, BIRTHDAY CARD, ",12,2010-09-26 11:20:00,0.42,15581.0,United Kingdom
500663,21303,FILIGREE WALL MIRROR  ANTIQUE WHITE,1,2010-03-09 12:10:00,16.95,17700.0,United Kingdom
514097,15044D,RED PAPER PARASOL,1,2010-06-30 12:27:00,5.91,,United Kingdom
578308,23320,GIANT 50'S CHRISTMAS CRACKER,2,2011-11-23 16:09:00,2.89,12748.0,United Kingdom
513773,22424,ENAMEL BREAD BIN CREAM,2,2010-06-28 13:53:00,12.75,13831.0,United Kingdom
562574,23029,DRAWER KNOB CRACKLE GLAZE GREEN,6,2011-08-07 12:42:00,1.65,14903.0,United Kingdom
540856,22728,ALARM CLOCK BAKELIKE PINK,4,2011-01-12 10:16:00,3.75,16655.0,United Kingdom
508193,22071,SMALL WHITE RETROSPOT MUG IN BOX ,2,2010-05-13 13:23:00,3.75,16906.0,United Kingdom
574950,84951B,SET OF 4 BLACK LOVEBIRD COASTERS,1,2011-11-08 09:29:00,2.46,,United Kingdom
497909,21339,MARAKESH LANTERN LARGE,1,2010-02-14 13:39:00,19.95,15272.0,United Kingdom
525765,22652,TRAVEL SEWING KIT,10,2010-10-07 10:41:00,1.65,13013.0,United Kingdom
519656,22077,6 RIBBONS RUSTIC CHARM,24,2010-08-19 10:58:00,1.65,12647.0,Germany
508581,72349B,SET/6 PURPLE BUTTERFLY T-LIGHTS,48,2010-05-17 11:55:00,1.69,18287.0,United Kingdom
500091,35971,ROSE FOLKART HEART DECORATIONS,4,2010-03-04 12:06:00,2.51,,United Kingdom
494013,70007,HI TEC ALPINE HAND WARMER,1,2010-01-11 09:32:00,1.7,,United Kingdom
546913,22189,CREAM HEART CARD HOLDER,3,2011-03-17 20:18:00,3.95,15861.0,United Kingdom
578065,22153,ANGEL DECORATION STARS ON DRESS,1,2011-11-22 15:41:00,0.83,,United Kingdom
503340,22582,PACK OF 6 SWEETIE GIFT BOXES,2,2010-03-31 12:52:00,2.55,13059.0,United Kingdom
530559,21986,PACK OF 12 PINK POLKADOT TISSUES,24,2010-11-03 13:44:00,0.29,13686.0,United Kingdom
579416,22728,ALARM CLOCK BAKELIKE PINK,8,2011-11-29 13:00:00,3.75,12471.0,Germany
525482,22077,6 RIBBONS RUSTIC CHARM,48,2010-10-05 15:43:00,1.65,15782.0,United Kingdom
492425,21107,CREAM SLICE FLANNEL PINK SPOT ,10,2009-12-16 17:58:00,6.04,,United Kingdom
570024,23322,LARGE WHITE HEART OF WICKER,2,2011-10-07 10:29:00,2.95,17975.0,United Kingdom
538205,22941,CHRISTMAS LIGHTS 10 REINDEER,1,2010-12-10 11:24:00,8.5,12748.0,United Kingdom
546891,22356,CHARLOTTE BAG PINK POLKADOT,1,2011-03-17 18:18:00,1.63,,United Kingdom
545914,20725,LUNCH BAG RED RETROSPOT,20,2011-03-08 11:39:00,1.65,13340.0,United Kingdom
550193,22796,PHOTO FRAME 3 CLASSIC HANGING,4,2011-04-15 09:27:00,9.95,13952.0,United Kingdom
530883,21770,,-52,2010-11-04 15:06:00,0.0,,United Kingdom
577141,23312,VINTAGE CHRISTMAS GIFT SACK,4,2011-11-18 09:11:00,4.15,13269.0,United Kingdom
541792,22522,CHILDS GARDEN FORK BLUE ,12,2011-01-21 13:09:00,0.85,17094.0,United Kingdom
555542,22721,SET OF 3 CAKE TINS SKETCHBOOK,3,2011-06-05 12:51:00,4.95,15108.0,European Community
538053,22867,HAND WARMER BIRD DESIGN,60,2010-12-09 13:34:00,1.85,15856.0,United Kingdom
501002,20897,VINTAGE NOTEBOOK PARIS DAYS,2,2010-03-11 14:03:00,2.95,14878.0,United Kingdom
507996,22616,PACK OF 12 LONDON TISSUES ,48,2010-05-12 10:56:00,0.29,17511.0,United Kingdom
495889,17003,BROCADE RING PURSE ,36,2010-01-27 12:19:00,0.21,17604.0,United Kingdom
555744,35965,FOLKART HEART NAPKIN RINGS,24,2011-06-07 10:44:00,0.79,18072.0,United Kingdom
535662,21755,LOVE BUILDING BLOCK WORD,1,2010-11-28 11:37:00,5.95,16782.0,United Kingdom
534512,82482,WOODEN PICTURE FRAME WHITE FINISH,6,2010-11-23 11:51:00,2.55,14679.0,United Kingdom
546117,21547,CERAMIC BIRDHOUSE CRESTED TIT SMALL,3,2011-03-09 13:56:00,2.95,16771.0,United Kingdom
573038,22560,TRADITIONAL MODELLING CLAY,3,2011-10-27 13:48:00,1.25,17545.0,United Kingdom
564817,22659,LUNCH BOX I LOVE LONDON,1,2011-08-30 12:02:00,4.13,,United Kingdom
520849,85163A,WHITE BAROQUE WALL CLOCK ,1,2010-08-31 12:57:00,12.75,13863.0,United Kingdom
531382,21166,COOK WITH WINE METAL SIGN ,4,2010-11-07 16:29:00,1.95,16549.0,United Kingdom
559656,47504K,ENGLISH ROSE GARDEN SECATEURS,12,2011-07-11 12:57:00,0.79,13675.0,United Kingdom
581023,22867,HAND WARMER BIRD DESIGN,1,2011-12-07 10:35:00,4.96,,United Kingdom
523461,21519,GIN & TONIC DIET GREETING CARD ,12,2010-09-22 11:32:00,0.36,17850.0,United Kingdom
536551,84970L,SINGLE HEART ZINC T-LIGHT HOLDER,1,2010-12-01 14:34:00,0.95,17346.0,United Kingdom
537208,22467,GUMBALL COAT RACK,1,2010-12-05 15:12:00,2.55,15889.0,United Kingdom
552229,22245,"HOOK, 1 HANGER ,MAGIC GARDEN",1,2011-05-06 15:40:00,1.63,,United Kingdom
536255,22867,HAND WARMER BIRD DESIGN,12,2010-11-30 15:02:00,2.1,13267.0,United Kingdom
495805,77101A,UNION FLAG WINDSOCK,1,2010-01-26 17:51:00,2.51,,United Kingdom
502486,21242,RED SPOTTY PLATE ,2,2010-03-24 17:43:00,3.36,,United Kingdom
508074,20990,SPRING FLOWER CHOPSTICKS SET/5,1,2010-05-12 16:03:00,1.95,17897.0,United Kingdom
491691,22142,CHRISTMAS CRAFT WHITE FAIRY ,1,2009-12-13 13:17:00,1.45,17211.0,United Kingdom
C540391,22274,FELTCRAFT DOLL EMILY,-1,2011-01-06 18:02:00,2.95,13047.0,United Kingdom
534210,22335,HEART DECORATION PAINTED ZINC ,4,2010-11-21 15:56:00,0.65,18069.0,United Kingdom
533737,84988,SET OF 72 PINK HEART PAPER DOILIES,3,2010-11-18 13:55:00,2.98,,United Kingdom
522601,20974,12 PENCILS SMALL TUBE SKULL,96,2010-09-15 13:35:00,0.65,16422.0,United Kingdom
545708,22287,"DECORATION , WOBBLY CHICKEN, METAL ",12,2011-03-07 09:39:00,1.65,14915.0,United Kingdom
577782,23365,SET 12 COLOUR PENCILS LOVE LONDON,2,2011-11-21 16:17:00,0.65,16549.0,United Kingdom
526268,16011,ANIMAL STICKERS,1,2010-10-11 10:58:00,0.21,14651.0,United Kingdom
505556,22607,WOODEN ROUNDERS GARDEN SET ,1,2010-04-23 10:02:00,8.5,,United Kingdom
491082,21351,CINAMMON & ORANGE WREATH,4,2009-12-09 13:16:00,6.75,16709.0,United Kingdom
539434,22287,"DECORATION , WOBBLY CHICKEN, METAL ",1,2010-12-17 14:41:00,3.36,,United Kingdom
514462,21429,RED GINGHAM ROSE JEWELLERY BOX,3,2010-07-02 12:43:00,1.65,14963.0,United Kingdom
540351,22644,CERAMIC CHERRY CAKE MONEY BANK,12,2011-01-06 14:26:00,1.45,12735.0,France
531493,22219,LOVEBIRD HANGING DECORATION WHITE ,5,2010-11-08 15:12:00,0.85,17984.0,United Kingdom
566482,21292,SMALL STRIPES CHOCOLATE GIFT BAG ,16,2011-09-13 09:43:00,0.85,16609.0,United Kingdom
566008,21166,COOK WITH WINE METAL SIGN ,1,2011-09-08 12:04:00,2.08,16426.0,United Kingdom
506958,21586,KINGS CHOICE GIANT TUBE MATCHES,8,2010-05-05 11:54:00,2.55,14878.0,United Kingdom
552857,21071,VINTAGE BILLBOARD DRINK ME MUG,1,2011-05-11 15:34:00,2.46,,United Kingdom
524706,85049e,SCANDINAVIAN REDS RIBBONS,2,2010-09-30 12:33:00,3.36,,United Kingdom
564646,22775,PURPLE DRAWERKNOB ACRYLIC EDWARDIAN,6,2011-08-26 13:39:00,2.46,,United Kingdom
562031,22362,GLASS JAR PEACOCK BATH SALTS,2,2011-08-01 17:37:00,2.95,16984.0,United Kingdom
568135,72817,SET OF 2 CHRISTMAS DECOUPAGE CANDLE,2,2011-09-23 17:04:00,1.63,,United Kingdom
572058,22867,HAND WARMER BIRD DESIGN,1,2011-10-20 12:43:00,2.1,18252.0,United Kingdom
538177,22677,FRENCH BLUE METAL DOOR SIGN 2,1,2010-12-10 09:51:00,2.51,,United Kingdom
511270,21243,PINK  SPOTTY PLATE ,2,2010-06-07 13:03:00,1.69,14159.0,United Kingdom
576391,23208,LUNCH BAG VINTAGE LEAF DESIGN,3,2011-11-15 10:13:00,4.96,,United Kingdom
545024,22961,JAM MAKING SET PRINTED,1,2011-02-25 14:38:00,3.29,,United Kingdom
502429,84997B,RED 3 PIECE MINI DOTS CUTLERY SET,6,2010-03-24 12:43:00,3.75,12742.0,United Arab Emirates
508986,21429,RED GINGHAM ROSE JEWELLERY BOX,8,2010-05-19 11:59:00,1.65,14235.0,United Kingdom
491118,84406B,CREAM CUPID HEARTS COAT HANGER,3,2009-12-09 15:03:00,3.25,16933.0,United Kingdom
505704,21755,LOVE BUILDING BLOCK WORD,1,2010-04-25 11:51:00,5.95,12844.0,United Kingdom
503192,37450,CERAMIC CAKE BOWL + HANGING CAKES,6,2010-03-30 15:20:00,2.95,13952.0,United Kingdom
566952,22734,SET OF 6 RIBBONS VINTAGE CHRISTMAS,1,2011-09-15 16:37:00,5.79,,United Kingdom
558355,23104,IVORY CAFE HANGING LAMP ,2,2011-06-28 14:58:00,12.5,13614.0,United Kingdom
536833,22576,SWALLOW WOODEN CHRISTMAS DECORATION,12,2010-12-02 17:48:00,0.85,18239.0,United Kingdom
540026,22716,CARD CIRCUS PARADE,1,2011-01-04 13:25:00,0.85,,United Kingdom
540178,22966,GINGERBREAD MAN COOKIE CUTTER,12,2011-01-05 12:42:00,1.25,12681.0,France
521486,22444,GROW YOUR OWN PLANT IN A CAN ,1,2010-09-06 13:36:00,2.51,,United Kingdom
545690,72741,GRAND CHOCOLATECANDLE,9,2011-03-06 12:46:00,1.45,13263.0,United Kingdom
537375,84997C,BLUE 3 PIECE POLKADOT CUTLERY SET,2,2010-12-06 12:55:00,3.75,17019.0,United Kingdom
542995,48194,DOORMAT HEARTS,2,2011-02-02 12:09:00,7.95,13728.0,United Kingdom
561201,22749,FELTCRAFT PRINCESS CHARLOTTE DOLL,2,2011-07-25 15:08:00,3.75,14692.0,United Kingdom
525995,21584,RETROSPOT SMALL TUBE MATCHES,1,2010-10-08 11:31:00,1.65,17196.0,United Kingdom
529133,20973,12 PENCIL SMALL TUBE WOODLAND,3,2010-10-26 14:47:00,1.28,,United Kingdom
537806,22196,SMALL HEART MEASURING SPOONS,10,2010-12-08 13:21:00,0.85,13113.0,United Kingdom
531734,22456,NATURAL SLATE CHALKBOARD LARGE ,2,2010-11-09 12:27:00,4.95,15719.0,United Kingdom
497873,22173,METAL 4 HOOK HANGER FRENCH CHATEAU,1,2010-02-12 17:03:00,5.91,,United Kingdom
581023,23389,SPACEBOY MINI BACKPACK,1,2011-12-07 10:35:00,8.29,,United Kingdom
499405,21506,"FANCY FONT BIRTHDAY CARD, ",24,2010-02-26 14:35:00,0.42,14739.0,United Kingdom
527416,21175,GIN + TONIC DIET METAL SIGN,48,2010-10-17 15:34:00,1.85,13798.0,United Kingdom
555340,22349,DOG BOWL CHASING BALL DESIGN,2,2011-06-02 11:33:00,3.75,13334.0,United Kingdom
C562438,22423,REGENCY CAKESTAND 3 TIER,-1,2011-08-04 17:58:00,12.75,14621.0,United Kingdom
557850,22333,RETROSPOT PARTY BAG + STICKER SET,8,2011-06-23 10:56:00,1.65,12720.0,Germany
579146,22602,RETROSPOT WOODEN HEART DECORATION,1,2011-11-28 13:14:00,0.85,16347.0,United Kingdom
505453,21212,PACK OF 72 RETRO SPOT CAKE CASES,24,2010-04-22 11:33:00,0.55,12625.0,Germany
557787,23321,SMALL WHITE HEART OF WICKER,1,2011-06-22 16:16:00,1.65,15041.0,United Kingdom
C538701,22644,CERAMIC CHERRY CAKE MONEY BANK,-1,2010-12-14 10:25:00,1.45,16863.0,United Kingdom
577599,20983,12 PENCILS TALL TUBE RED RETROSPOT,24,2011-11-21 08:26:00,0.85,15738.0,United Kingdom
572653,20717,STRAWBERRY SHOPPER BAG,2,2011-10-25 12:12:00,1.25,15861.0,United Kingdom
571705,23008,DOLLY GIRL BABY GIFT SET,2,2011-10-18 15:22:00,16.95,12360.0,Austria
511801,21878,PACK OF 6 SANDCASTLE FLAGS ASSORTED,12,2010-06-10 15:14:00,0.85,13999.0,United Kingdom
566256,21208,PASTEL COLOUR HONEYCOMB FAN,12,2011-09-11 12:27:00,0.39,12680.0,France
513021,22558,CLOTHES PEGS RETROSPOT PACK 24 ,5,2010-06-21 12:05:00,1.25,16815.0,United Kingdom
540848,85049H,URBAN BLACK RIBBONS ,7,2011-01-12 09:26:00,0.85,,United Kingdom
528147,21591,COSY HOUR CIGAR BOX MATCHES ,10,2010-10-20 16:04:00,1.25,17038.0,United Kingdom
566075,20982,12 PENCILS TALL TUBE SKULLS,12,2011-09-09 09:03:00,0.85,16173.0,United Kingdom
533070,22619,SET OF 6 SOLDIER SKITTLES,1,2010-11-15 17:37:00,3.75,13148.0,United Kingdom
513080,22461,SAVOY ART DECO CLOCK,2,2010-06-21 14:25:00,12.75,13982.0,United Kingdom
494685,46776C,WOVEN FROST CUSHION COVER,1,2010-01-18 11:39:00,4.21,,United Kingdom
492785,20754,RETRO RED SPOTTY WASHING UP GLOVES,12,2009-12-18 17:30:00,2.1,15856.0,United Kingdom
C508132,20972,PINK CREAM FELT CRAFT TRINKET BOX ,-500,2010-05-13 10:54:00,1.06,12931.0,United Kingdom
508470,21397,BLUE  SPOTTY EGG CUP ,5,2010-05-16 11:24:00,1.25,16922.0,United Kingdom
515146,POST,POSTAGE,3,2010-07-08 14:26:00,18.0,12592.0,Germany
580730,22355,CHARLOTTE BAG SUKI DESIGN,11,2011-12-05 17:28:00,1.63,,United Kingdom
532351,85048,15CM CHRISTMAS GLASS BALL 20 LIGHTS,9,2010-11-11 16:29:00,7.95,14379.0,United Kingdom
509536,47590B,PINK HAPPY BIRTHDAY BUNTING,3,2010-05-24 12:21:00,5.45,14911.0,EIRE
568949,22866,HAND WARMER SCOTTY DOG DESIGN,1,2011-09-29 15:13:00,4.13,,United Kingdom
537638,22715,CARD WEDDING DAY,1,2010-12-07 15:28:00,0.85,,United Kingdom
537823,84006,MAGIC TREE -PAPER FLOWERS,4,2010-12-08 14:25:00,1.66,,United Kingdom
577297,22587,FELTCRAFT HAIRBAND RED AND BLUE,2,2011-11-18 12:48:00,0.85,14593.0,United Kingdom
496290,DOT,DOTCOM POSTAGE,1,2010-01-29 17:55:00,265.66,,United Kingdom
543118,22815,CARD PSYCHEDELIC APPLES,12,2011-02-03 13:31:00,0.42,13842.0,United Kingdom
C500865,21212,PACK OF 72 RETRO SPOT CAKE CASES,-48,2010-03-10 13:00:00,0.55,14680.0,United Kingdom
503685,21212,PACK OF 72 RETRO SPOT CAKE CASES,120,2010-04-06 12:41:00,0.42,13881.0,United Kingdom
491726,20753,RETRO PINK SPOT WASHING UP GLOVES,6,2009-12-14 08:40:00,2.1,12439.0,Cyprus
527042,22759,SET OF 3 NOTEBOOKS IN PARCEL,12,2010-10-14 12:31:00,1.65,14911.0,EIRE
508470,22623,BOX OF VINTAGE JIGSAW BLOCKS ,1,2010-05-16 11:24:00,4.95,16922.0,United Kingdom
553172,23049,RECYCLED ACAPULCO MAT RED,4,2011-05-13 17:15:00,8.25,14031.0,United Kingdom
560872,22663,JUMBO BAG DOLLY GIRL DESIGN,10,2011-07-21 14:41:00,2.08,14745.0,United Kingdom
535959,21479,WHITE SKULL HOT WATER BOTTLE ,12,2010-11-29 12:35:00,3.75,15498.0,United Kingdom
564718,23131,MISTLETOE HEART WREATH CREAM,6,2011-08-28 11:25:00,4.15,13301.0,United Kingdom
573342,22487,WHITE WOOD GARDEN PLANT LADDER,2,2011-10-30 11:56:00,9.95,14582.0,United Kingdom
554098,23162,REGENCY TEA STRAINER,4,2011-05-22 13:01:00,3.75,14769.0,United Kingdom
524505,84987,SET OF 36 TEATIME PAPER DOILIES,12,2010-09-29 12:39:00,1.45,16654.0,United Kingdom
504156,84792,ENCHANTED BIRD COATHANGER 5 HOOK,1,2010-04-11 15:20:00,4.65,16372.0,United Kingdom
561709,22219,LOVEBIRD HANGING DECORATION WHITE ,10,2011-07-29 11:35:00,0.85,17790.0,United Kingdom
525840,22470,HEART OF WICKER LARGE,6,2010-10-07 12:39:00,2.95,12903.0,United Kingdom
576236,21479,WHITE SKULL HOT WATER BOTTLE ,1,2011-11-14 13:31:00,4.25,13755.0,United Kingdom
514514,84327A,PINK JUMPER LARRY THE LAMB,1,2010-07-04 13:59:00,2.1,15976.0,United Kingdom
555945,23283,DOORMAT VINTAGE LEAVES DESIGN ,2,2011-06-08 10:36:00,7.95,17409.0,United Kingdom
496882,85054,FRENCH ENAMEL POT W LID,1,2010-02-04 14:13:00,2.95,15167.0,United Kingdom
523591,22959,WRAP CHRISTMAS VILLAGE,25,2010-09-23 10:06:00,0.42,13635.0,United Kingdom
563176,22075,6 RIBBONS ELEGANT CHRISTMAS ,10,2011-08-12 14:02:00,1.65,17293.0,United Kingdom
545085,21755,LOVE BUILDING BLOCK WORD,2,2011-02-28 11:19:00,5.95,15039.0,United Kingdom
536031,22699,ROSES REGENCY TEACUP AND SAUCER ,5,2010-11-29 16:45:00,5.91,,United Kingdom
555276,21900,"KEY FOB , SHED",1,2011-06-01 17:28:00,1.63,,United Kingdom
537638,84946,ANTIQUE SILVER TEA GLASS ETCHED,54,2010-12-07 15:28:00,2.51,,United Kingdom
517853,22629,SPACEBOY LUNCH BOX ,12,2010-08-02 13:45:00,1.95,16843.0,United Kingdom
539395,22728,ALARM CLOCK BAKELIKE PINK,12,2010-12-17 11:52:00,3.75,12471.0,Germany
570177,23076,ICE CREAM SUNDAE LIP GLOSS,24,2011-10-07 14:17:00,1.25,17509.0,United Kingdom
575627,79190B,RETRO PLASTIC POLKA TRAY,20,2011-11-10 13:28:00,0.42,17977.0,United Kingdom
502259,21651,HANGING GLASS ETCHED TEALIGHT,12,2010-03-23 15:11:00,1.65,16578.0,United Kingdom
491105,21485,RED SPOT HEART HOT WATER BOTTLE,1,2009-12-09 14:25:00,4.95,16755.0,United Kingdom
564817,21907,I'M ON HOLIDAY METAL SIGN,1,2011-08-30 12:02:00,4.13,,United Kingdom
519946,22410,MONEY BOX HOUSEKEEPING DESIGN,12,2010-08-23 10:38:00,1.25,14156.0,EIRE
555149,20981,12 PENCILS TALL TUBE WOODLAND,11,2011-05-31 15:49:00,1.63,,United Kingdom
568313,21770,OPEN CLOSED METAL SIGN,2,2011-09-26 12:56:00,4.95,14908.0,United Kingdom
531861,22308,TEA COSY BLUE STRIPE,6,2010-11-10 10:45:00,2.55,17511.0,United Kingdom
561911,21124,SET/10 BLUE POLKADOT PARTY CANDLES,24,2011-08-01 10:26:00,1.25,12534.0,Germany
549789,22993,SET OF 4 PANTRY JELLY MOULDS,12,2011-04-12 12:00:00,1.25,17160.0,United Kingdom
509191,22189,CREAM HEART CARD HOLDER,8,2010-05-20 17:43:00,3.95,15660.0,United Kingdom
499467,47567B,TEA TIME KITCHEN APRON,1,2010-02-28 11:36:00,5.95,18046.0,United Kingdom
580729,22465,HANGING METAL STAR LANTERN,2,2011-12-05 17:24:00,3.29,,United Kingdom
563100,23108,SET OF 10 LED DOLLY LIGHTS,2,2011-08-12 09:57:00,6.25,12381.0,Norway
496033,22327,ROUND SNACK BOXES SET OF 4 SKULLS,2,2010-01-28 14:19:00,2.95,12872.0,United Kingdom
495804,21673,WHITE SPOT BLUE CERAMIC DRAWER KNOB,8,2010-01-26 17:48:00,2.51,,United Kingdom
540073,21669,BLUE STRIPE CERAMIC DRAWER KNOB,6,2011-01-04 14:47:00,1.25,16814.0,United Kingdom
503156,22514,CHILDS GARDEN SPADE BLUE,1,2010-03-30 12:36:00,2.1,15862.0,United Kingdom
561631,23307,SET OF 60 PANTRY DESIGN CAKE CASES ,24,2011-07-28 14:27:00,0.55,14911.0,EIRE
549277,22920,HERB MARKER BASIL,1,2011-04-07 13:11:00,0.65,16469.0,United Kingdom
511262,20914,SET/5 RED SPOTTY LID GLASS BOWLS,3,2010-06-07 12:43:00,2.95,16655.0,United Kingdom
541094,22613,PACK OF 20 SPACEBOY NAPKINS,4,2011-01-13 13:36:00,0.85,13246.0,United Kingdom
559940,23174,REGENCY SUGAR BOWL GREEN,10,2011-07-14 10:20:00,3.75,17396.0,United Kingdom
497508,85226C,BLUE PULL BACK RACING CAR,8,2010-02-10 11:46:00,0.55,16768.0,United Kingdom
512659,M,Manual,1,2010-06-17 11:26:00,5.0,17884.0,United Kingdom
494357,22329,ROUND CONTAINER SET OF 5 RETROSPOT,48,2010-01-13 15:06:00,1.45,12647.0,Germany
580997,48188,DOORMAT WELCOME PUPPIES,1,2011-12-06 17:23:00,8.25,15023.0,United Kingdom
568397,22111,SCOTTIE DOG HOT WATER BOTTLE,3,2011-09-27 10:24:00,4.95,15745.0,United Kingdom
530938,22690,DOORMAT HOME SWEET HOME BLUE ,2,2010-11-04 17:36:00,7.95,17469.0,United Kingdom
507845,82482,WOODEN PICTURE FRAME WHITE FINISH,36,2010-05-11 14:00:00,2.1,15497.0,United Kingdom
494012,21193,WHITE HONEYCOMB PAPER FAN ,3,2010-01-11 09:31:00,4.3,,United Kingdom
540013,21034,REX CASH+CARRY JUMBO SHOPPER,1,2011-01-04 11:30:00,0.95,16255.0,United Kingdom
536532,22866,HAND WARMER SCOTTY DOG DESIGN,12,2010-12-01 13:24:00,2.1,12433.0,Norway
556812,22557,PLASTERS IN TIN VINTAGE PAISLEY ,1,2011-06-14 17:25:00,3.29,,United Kingdom
526197,22625,RED KITCHEN SCALES,2,2010-10-10 12:53:00,8.5,17757.0,United Kingdom
536522,47504H,ENGLISH ROSE SPIRIT LEVEL ,1,2010-12-01 12:49:00,1.95,15012.0,United Kingdom
557431,23108,SET OF 10 LED DOLLY LIGHTS,2,2011-06-20 12:37:00,6.25,18260.0,United Kingdom
569640,23159,SET OF 5 PANCAKE DAY MAGNETS,24,2011-10-05 12:25:00,2.08,12471.0,Germany
C493445,21343,GOLD JEWELERY BOX,-2,2010-01-04 14:00:00,16.95,16296.0,United Kingdom
560689,21794,CLASSIC FRENCH STYLE BASKET NATURAL,1,2011-07-20 11:55:00,3.95,15039.0,United Kingdom
547788,48194,DOORMAT HEARTS,1,2011-03-25 12:00:00,15.79,,United Kingdom
531252,22649,STRAWBERRY FAIRY CAKE TEAPOT,1,2010-11-07 11:11:00,4.95,16206.0,United Kingdom
562949,35648,VINTAGE BEAD PINK PURSE ,24,2011-08-11 09:47:00,0.83,14346.0,United Kingdom
505067,22460,EMBOSSED GLASS TEALIGHT HOLDER,1,2010-04-19 16:48:00,1.25,14606.0,United Kingdom
497901,85123A,WHITE HANGING HEART T-LIGHT HOLDER,3,2010-02-14 12:52:00,2.95,12872.0,United Kingdom
507289,84688,BEACH HUT DESIGN BLACKBOARD,1,2010-05-07 14:02:00,4.25,14535.0,United Kingdom
574690,21212,PACK OF 72 RETROSPOT CAKE CASES,24,2011-11-06 13:11:00,0.55,12638.0,Sweden
547964,21402,RED  EGG  SPOON,1,2011-03-28 15:45:00,0.42,,United Kingdom
511867,21497,FANCY FONTS BIRTHDAY WRAP,25,2010-06-11 10:30:00,0.42,15254.0,United Kingdom
578926,21980,PACK OF 12 RED RETROSPOT TISSUES ,12,2011-11-27 12:24:00,0.39,18156.0,United Kingdom
536531,22193,RED DINER WALL CLOCK,4,2010-12-01 13:23:00,8.5,15485.0,United Kingdom
579297,23404,HOME SWEET HOME BLACKBOARD,1,2011-11-29 11:23:00,10.79,,United Kingdom
502829,20658,RED SPOTTY LUGGAGE TAG,1,2010-03-28 12:20:00,1.25,17827.0,United Kingdom
C512530,85124C,GREEN JUICY FRUIT PHOTO FRAME,-5,2010-06-16 11:58:00,2.55,13078.0,United Kingdom
508979,21974,SET OF 36 PAISLEY FLOWER DOILIES,1,2010-05-19 11:55:00,2.98,,United Kingdom
535807,84347,ROTATING SILVER ANGELS T-LIGHT HLDR,12,2010-11-28 15:09:00,2.55,18003.0,United Kingdom
495375,20726,LUNCH BAG WOODLAND,20,2010-01-24 13:14:00,1.65,16523.0,United Kingdom
578344,47504H,ENGLISH ROSE SPIRIT LEVEL ,1,2011-11-24 09:21:00,3.29,,United Kingdom
513371,21210,SET OF 72 RETRO SPOT PAPER  DOILIES,4,2010-06-24 11:35:00,2.98,,United Kingdom
560259,22491,PACK OF 12 COLOURED PENCILS,12,2011-07-17 13:29:00,0.85,13654.0,United Kingdom
554956,21327,SKULLS WRITING SET ,1,2011-05-27 15:17:00,2.46,,United Kingdom
495389,15034,PAPER POCKET TRAVELING FAN ,2,2010-01-24 15:14:00,0.14,14044.0,United Kingdom
517635,21714,CITRONELLA CANDLE GARDEN POT,4,2010-07-30 12:46:00,2.51,,United Kingdom
532420,20679,EDWARDIAN PARASOL RED,3,2010-11-12 09:30:00,5.95,16019.0,United Kingdom
569734,23313,VINTAGE CHRISTMAS BUNTING,5,2011-10-06 10:31:00,4.95,14538.0,United Kingdom
568650,20981,12 PENCILS TALL TUBE WOODLAND,24,2011-09-28 11:56:00,0.85,13505.0,Switzerland
504100,22062,CERAMIC BOWL WITH LOVE HEART DESIGN,6,2010-04-09 14:38:00,2.95,13802.0,United Kingdom
576254,20677,PINK POLKADOT BOWL,72,2011-11-14 14:02:00,1.06,16422.0,United Kingdom
576300,22979,PANTRY WASHING UP BRUSH,1,2011-11-14 14:39:00,1.45,15058.0,United Kingdom
513374,37340,MULTICOLOUR SPRING FLOWER MUG,1,2010-06-24 11:35:00,8.47,,United Kingdom
490709,21912,VINTAGE SNAKES & LADDERS,1,2009-12-07 15:15:00,3.75,17884.0,United Kingdom
557639,21931,JUMBO STORAGE BAG SUKI,2,2011-06-21 16:13:00,2.08,12933.0,United Kingdom
574561,22161,HEART DECORATION RUSTIC HANGING ,4,2011-11-04 15:52:00,0.79,,United Kingdom
577104,82484,WOOD BLACK BOARD ANT WHITE FINISH,12,2011-11-17 17:13:00,6.75,12747.0,United Kingdom
498104,21888,BINGO SET,4,2010-02-16 13:49:00,3.75,13503.0,United Kingdom
573122,22667,RECIPE BOX RETROSPOT ,4,2011-10-27 16:23:00,2.95,14357.0,United Kingdom
569373,21621,VINTAGE UNION JACK BUNTING,4,2011-10-03 16:12:00,8.5,12971.0,United Kingdom
565150,21931,JUMBO STORAGE BAG SUKI,40,2011-09-01 14:26:00,1.79,14298.0,United Kingdom
532614,21430,SET/3 RED GINGHAM ROSE STORAGE BOX,3,2010-11-12 15:21:00,7.62,,United Kingdom
533731,22427,ENAMEL FLOWER JUG CREAM,3,2010-11-18 13:30:00,5.95,15071.0,United Kingdom
577516,85049E,SCANDINAVIAN REDS RIBBONS,1,2011-11-20 13:08:00,1.25,16533.0,United Kingdom
568326,20679,EDWARDIAN PARASOL RED,3,2011-09-26 14:00:00,5.95,13200.0,United Kingdom
523893,22810,SET OF 6 T-LIGHTS SNOWMEN,12,2010-09-24 14:56:00,2.95,13381.0,United Kingdom
491702,47503J,SET/3 FLORAL GARDEN TOOLS IN BAG,6,2009-12-13 13:53:00,7.95,,EIRE
562574,22118,JOY WOODEN BLOCK LETTERS,1,2011-08-07 12:42:00,4.95,14903.0,United Kingdom
523097,21329,DINOSAURS  WRITING SET ,3,2010-09-20 12:21:00,1.65,17055.0,United Kingdom
540646,84915,HAND TOWEL PINK FLOWER AND DAISY,1,2011-01-10 14:32:00,4.21,,United Kingdom
564336,21162,TOXIC AREA  DOOR HANGER ,1,2011-08-24 14:28:00,0.39,12748.0,United Kingdom
522136,22023,EMPIRE BIRTHDAY CARD,2,2010-09-13 10:28:00,0.85,,United Kingdom
567853,22208,WOOD STAMP SET THANK YOU,48,2011-09-22 13:31:00,0.83,15484.0,United Kingdom
561794,23199,JUMBO BAG APPLES,10,2011-07-29 13:11:00,2.08,12921.0,United Kingdom
557957,23237,SET OF 4 KNICK KNACK TINS LEAVES ,3,2011-06-23 19:20:00,4.15,13969.0,United Kingdom
494016,21780,MA CAMPAGNE 4 DRAWER WALL SHELF,13,2010-01-11 09:35:00,11.26,,United Kingdom
496725,84378,SET OF 3 HEART COOKIE CUTTERS,1,2010-02-03 14:16:00,1.25,13619.0,United Kingdom
532063,21949,SET OF 6 STRAWBERRY CHOPSTICKS,2,2010-11-10 14:48:00,2.51,,United Kingdom
573892,22617,BAKING SET SPACEBOY DESIGN,3,2011-11-01 13:57:00,4.95,14911.0,EIRE
501129,47590A,BLUE HAPPY BIRTHDAY BUNTING,3,2010-03-12 16:18:00,5.45,17754.0,United Kingdom
537135,84029G,KNITTED UNION FLAG HOT WATER BOTTLE,2,2010-12-05 12:35:00,3.75,17059.0,United Kingdom
573131,23534,STOP FOR TEA WALL ART,3,2011-10-27 16:44:00,5.95,15622.0,United Kingdom
575177,22621,TRADITIONAL KNITTING NANCY,3,2011-11-08 18:41:00,3.29,,United Kingdom
547389,22855,FINE WICKER HEART ,4,2011-03-22 16:08:00,1.25,16721.0,United Kingdom
538437,22804,CANDLEHOLDER PINK HANGING HEART,2,2010-12-12 12:18:00,2.95,16010.0,United Kingdom
556822,23080,RED METAL BOX TOP SECRET,1,2011-06-15 10:22:00,8.25,17155.0,United Kingdom
575195,23207,LUNCH BAG ALPHABET DESIGN,10,2011-11-09 09:40:00,1.65,16767.0,United Kingdom
517154,84077,WORLD WAR 2 GLIDERS ASSTD DESIGNS,96,2010-07-27 10:48:00,0.21,13722.0,United Kingdom
510798,21240,BLUE  SPOTTY CUP,8,2010-06-03 17:21:00,0.85,17675.0,United Kingdom
C539072,20718,RED RETROSPOT SHOPPER BAG,-10,2010-12-15 17:05:00,1.25,15664.0,United Kingdom
571502,23458,DOLLY CABINET 3 DRAWERS ,2,2011-10-17 15:18:00,14.95,14422.0,United Kingdom
574722,22161,HEART DECORATION RUSTIC HANGING ,15,2011-11-06 14:45:00,0.19,14502.0,United Kingdom
547095,22748,POPPY'S PLAYHOUSE KITCHEN,6,2011-03-21 09:03:00,2.1,13018.0,United Kingdom
522826,20727,LUNCH BAG  BLACK SKULL.,10,2010-09-17 10:16:00,1.65,13564.0,United Kingdom
506962,21127,COLOURFUL FISHING GNOME,3,2010-05-05 12:26:00,5.95,14936.0,Channel Islands
573348,22153,ANGEL DECORATION STARS ON DRESS,10,2011-10-30 12:27:00,0.42,14487.0,United Kingdom
573397,22818,CARD CHRISTMAS VILLAGE,12,2011-10-30 15:19:00,0.42,15547.0,United Kingdom
498851,21673,WHITE SPOT BLUE CERAMIC DRAWER KNOB,12,2010-02-23 12:02:00,1.25,13319.0,United Kingdom
569545,21739,COSY SLIPPER SHOES SMALL GREEN,1,2011-10-04 16:37:00,2.46,,United Kingdom
581433,21108,FAIRY CAKE FLANNEL ASSORTED COLOUR,18,2011-12-08 15:54:00,0.79,14911.0,EIRE
521044,84832,ZINC WILLIE WINKIE  CANDLE STICK,12,2010-09-02 10:04:00,0.85,13916.0,United Kingdom
564191,22795,SWEETHEART RECIPE BOOK STAND,1,2011-08-23 16:16:00,6.75,17315.0,United Kingdom
536030,22442,GROW YOUR OWN FLOWERS SET OF 3,2,2010-11-29 16:41:00,7.95,15828.0,United Kingdom
511080,84327A,PINK JUMPER LARRY THE LAMB,2,2010-06-06 14:01:00,2.1,15976.0,United Kingdom
543546,22219,LOVEBIRD HANGING DECORATION WHITE ,1,2011-02-09 16:52:00,1.63,,United Kingdom
496487,21259,VICTORIAN SEWING BOX SMALL ,1,2010-02-01 17:13:00,12.72,,United Kingdom
564516,22456,NATURAL SLATE CHALKBOARD LARGE ,1,2011-08-25 14:45:00,9.96,,United Kingdom
516767,47503J,SET/3 FLORAL GARDEN TOOLS IN BAG,6,2010-07-22 17:21:00,7.95,13433.0,United Kingdom
525458,21116,OWL DOORSTOP,1,2010-10-05 14:45:00,8.47,,United Kingdom
533771,84818,DANISH ROSE PHOTO FRAME,2,2010-11-18 15:34:00,2.55,17315.0,United Kingdom
523759,84991,60 TEATIME FAIRY CAKE CASES,2,2010-09-23 20:07:00,0.55,,United Kingdom
522501,22679,"FRENCH BLUE METAL DOOR SIGN, 4",1,2010-09-15 11:07:00,1.25,15039.0,United Kingdom
516927,22083,PAPER CHAIN KIT RETRO SPOT,4,2010-07-25 12:19:00,2.95,12841.0,United Kingdom
516485,22494,EMERGENCY FIRST AID TIN ,12,2010-07-21 09:46:00,1.25,12720.0,Germany
529309,22476,EMPIRE UNION JACK TV DINNER TRAY,3,2010-10-27 12:57:00,4.95,14496.0,United Kingdom
508463,22316,200 BENDY SKULL STRAWS,1,2010-05-16 10:29:00,1.25,13259.0,United Kingdom
492319,22114,HOT WATER BOTTLE TEA AND SYMPATHY,1,2009-12-16 12:17:00,3.95,15499.0,United Kingdom
496333,82585,SWEET VALENCIA CANDLE+CUP,2,2010-01-31 14:25:00,1.25,15338.0,United Kingdom
524214,84548,CROCHET BEAR RED/BLUE  KEYRING,4,2010-09-28 10:49:00,1.65,17348.0,United Kingdom
581219,47593B,SCOTTIE DOGS BABY BIB,5,2011-12-08 09:28:00,0.83,,United Kingdom
580997,23165,LARGE CERAMIC TOP STORAGE JAR,3,2011-12-06 17:23:00,1.65,15023.0,United Kingdom
532671,22639,SET OF 4 NAPKIN CHARMS HEARTS,4,2010-11-14 11:50:00,2.55,16923.0,United Kingdom
580005,21429,RED GINGHAM ROSE JEWELLERY BOX,1,2011-12-01 11:38:00,1.95,16376.0,United Kingdom
560779,20711,JUMBO BAG TOYS ,4,2011-07-21 09:30:00,4.13,,United Kingdom
526375,22157,ANGEL DECORATION WITH LACE PADDED,24,2010-10-11 12:26:00,0.85,18245.0,United Kingdom
496488,20941,FROG CANDLE,1,2010-02-01 17:16:00,1.25,14606.0,United Kingdom
504154,85042,ANTIQUE LILY FAIRY LIGHTS,1,2010-04-11 14:28:00,4.95,15443.0,United Kingdom
542398,22789,T-LIGHT HOLDER SWEETHEART HANGING,4,2011-01-27 15:36:00,1.95,13174.0,United Kingdom
557892,21902,"KEY FOB , FRONT  DOOR ",1,2011-06-23 14:11:00,0.65,14534.0,United Kingdom
527145,22632,HAND WARMER RED RETROSPOT,96,2010-10-15 10:24:00,1.85,12409.0,Switzerland
565386,84927F,PSYCHEDELIC TILE HOOK,1,2011-09-02 15:48:00,0.39,17997.0,United Kingdom
534687,22168,ORGANISER WOOD ANTIQUE WHITE ,1,2010-11-23 15:07:00,8.5,13077.0,United Kingdom
511303,22570,FELTCRAFT CUSHION RABBIT,1,2010-06-07 15:40:00,3.75,15720.0,United Kingdom
527520,22865,HAND WARMER OWL DESIGN,7,2010-10-18 13:18:00,4.21,,United Kingdom
511301,21658,GLASS  BEURRE DISH,3,2010-06-07 15:32:00,3.95,14871.0,United Kingdom
577016,23397,FOOT STOOL HOME SWEET HOME ,2,2011-11-17 12:21:00,9.95,17095.0,United Kingdom
504878,37502,TEA TIME MUG IN GIFT BOX,1,2010-04-18 12:46:00,2.95,15768.0,United Kingdom
543546,22430,ENAMEL WATERING CAN CREAM,1,2011-02-09 16:52:00,9.96,,United Kingdom
526427,85123A,WHITE HANGING HEART T-LIGHT HOLDER,6,2010-10-11 15:08:00,2.95,12747.0,United Kingdom
525167,22569,FELTCRAFT CUSHION BUTTERFLY,4,2010-10-04 12:14:00,3.75,12486.0,Sweden
C570867,23166,MEDIUM CERAMIC TOP STORAGE JAR,-12,2011-10-12 16:17:00,1.25,12607.0,USA
526236,22067,CHOC TRUFFLE GOLD TRINKET POT ,2,2010-10-10 16:08:00,1.65,14723.0,United Kingdom
501029,22300,COFFEE MUG DOG + BALL DESIGN,6,2010-03-11 17:21:00,2.55,16011.0,United Kingdom
537685,22653,BUTTON BOX ,6,2010-12-08 10:21:00,1.95,18077.0,United Kingdom
571418,85123A,WHITE HANGING HEART T-LIGHT HOLDER,5,2011-10-17 12:35:00,2.95,16412.0,United Kingdom
552229,22616,PACK OF 12 LONDON TISSUES ,2,2011-05-06 15:40:00,0.83,,United Kingdom
494685,90177A,CLASSIC DIAMANTE EARRINGS JET,1,2010-01-18 11:39:00,2.96,,United Kingdom
568676,23293,SET OF 12 FAIRY CAKE BAKING CASES,8,2011-09-28 13:43:00,0.83,18242.0,United Kingdom
519738,21878,PACK OF 6 SANDCASTLE FLAGS ASSORTED,2,2010-08-20 09:28:00,1.66,,United Kingdom
519514,21877,HOME SWEET HOME MUG,216,2010-08-18 09:19:00,1.06,14156.0,EIRE
547910,21397,BLUE POLKADOT EGG CUP ,6,2011-03-28 12:23:00,0.39,14159.0,United Kingdom
571676,22696,WICKER WREATH LARGE,2,2011-10-18 13:29:00,1.95,16910.0,United Kingdom
500891,17091A,LAVENDER INCENSE IN TIN,5,2010-03-10 16:24:00,2.51,,United Kingdom
538168,21484,CHICK GREY HOT WATER BOTTLE,2,2010-12-09 19:23:00,3.45,14702.0,United Kingdom
530808,22557,PLASTERS IN TIN VINTAGE PAISLEY ,12,2010-11-04 13:01:00,1.65,18172.0,United Kingdom
568528,22474,SPACEBOY TV DINNER TRAY,3,2011-09-27 13:32:00,4.95,13979.0,United Kingdom
514806,22399,MAGNETS PACK OF 4 CHILDHOOD MEMORY,2,2010-07-06 11:21:00,1.25,16393.0,United Kingdom
535346,21471,STRAWBERRY RAFFIA FOOD COVER,3,2010-11-25 16:44:00,3.75,12961.0,United Kingdom
559814,21243,PINK  POLKADOT PLATE ,8,2011-07-12 15:49:00,1.69,15544.0,United Kingdom
529746,21238,RED RETROSPOT CUP,4,2010-10-29 14:18:00,2.51,,United Kingdom
567186,22150,3 STRIPEY MICE FELTCRAFT,2,2011-09-18 16:04:00,1.95,17073.0,United Kingdom
543399,22087,PAPER BUNTING WHITE LACE,1,2011-02-08 11:07:00,5.79,,United Kingdom
499508,21590,KINGS CHOICE CIGAR BOX MATCHES ,5,2010-02-28 16:14:00,1.25,18069.0,United Kingdom
559912,22295,HEART FILIGREE DOVE LARGE,12,2011-07-13 15:04:00,1.65,14221.0,United Kingdom
546910,37482P,CUBIC MUG PINK POLKADOT,2,2011-03-17 19:46:00,0.39,13969.0,United Kingdom
501641,21126,SET OF 6 GIRLS CELEBRATION CANDLES,2,2010-03-18 12:14:00,1.25,13057.0,United Kingdom
538009,22112,CHOCOLATE HOT WATER BOTTLE,6,2010-12-09 12:17:00,4.95,14911.0,EIRE
546863,17003,BROCADE RING PURSE ,720,2011-03-17 15:41:00,0.25,16377.0,United Kingdom
494019,21986,PACK OF 12 PINK SPOT TISSUES ,1,2010-01-11 09:38:00,0.83,,United Kingdom
505709,21327,SKULLS WRITING SET ,1,2010-04-25 12:34:00,1.65,13050.0,United Kingdom
523947,22662,LUNCH BAG DOLLY GIRL DESIGN,1,2010-09-26 11:49:00,1.65,17596.0,United Kingdom
564760,22726,ALARM CLOCK BAKELIKE GREEN,1,2011-08-30 10:47:00,7.46,,United Kingdom
542112,22926,IVORY GIANT GARDEN THERMOMETER,2,2011-01-25 13:55:00,5.95,13168.0,United Kingdom
536573,84755,COLOUR GLASS T-LIGHT HOLDER HANGING,16,2010-12-01 15:45:00,0.65,17025.0,United Kingdom
561600,22279,POCKET BAG BLUE PAISLEY RED SPOT,2,2011-07-28 11:29:00,1.25,15861.0,United Kingdom
580678,84032B,CHARLIE + LOLA RED HOT WATER BOTTLE,2,2011-12-05 14:49:00,0.79,18015.0,United Kingdom
575884,22728,ALARM CLOCK BAKELIKE PINK,4,2011-11-11 13:46:00,3.75,12685.0,France
514374,20972,PINK CREAM FELT CRAFT TRINKET BOX ,12,2010-07-02 09:47:00,1.25,13394.0,United Kingdom
579536,22508,DOORSTOP RETROSPOT HEART,4,2011-11-30 09:53:00,3.75,12957.0,United Kingdom
523658,48129,DOORMAT TOPIARY,1,2010-09-23 13:38:00,7.95,15023.0,United Kingdom
526504,22150,3 STRIPEY MICE FELTCRAFT,6,2010-10-12 10:38:00,1.95,15062.0,United Kingdom
519929,22112,CHOCOLATE HOT WATER BOTTLE,2,2010-08-22 15:39:00,4.95,17589.0,United Kingdom
567672,22086,PAPER CHAIN KIT 50'S CHRISTMAS ,2,2011-09-21 15:39:00,2.95,16085.0,United Kingdom
518660,22088,PAPER BUNTING COLOURED LACE,5,2010-08-10 14:03:00,5.91,,United Kingdom
571737,23301,GARDENERS KNEELING PAD KEEP CALM ,12,2011-10-19 10:31:00,1.65,14367.0,United Kingdom
549563,82011C,BATHROOM SCALES FOOTPRINTS IN SAND,1,2011-04-10 14:02:00,3.75,14030.0,United Kingdom
512827,21395,BLUE SPOTTY BEAKER ,10,2010-06-18 11:34:00,1.95,15981.0,United Kingdom
522981,21175,GIN + TONIC DIET METAL SIGN,24,2010-09-19 14:03:00,2.1,18094.0,United Kingdom
559816,21231,SWEETHEART CERAMIC TRINKET BOX,1,2011-07-12 16:11:00,2.46,,United Kingdom
573585,22603,CHRISTMAS RETROSPOT TREE WOOD,4,2011-10-31 14:41:00,1.63,,United Kingdom
511559,22198,LARGE POPCORN HOLDER ,12,2010-06-09 10:38:00,1.65,16592.0,United Kingdom
559171,22356,CHARLOTTE BAG PINK POLKADOT,10,2011-07-07 08:21:00,0.85,17651.0,United Kingdom
513956,22078,RIBBON REEL LACE DESIGN ,5,2010-06-29 14:49:00,2.1,15808.0,United Kingdom
554704,21754,HOME BUILDING BLOCK WORD,3,2011-05-26 10:09:00,5.95,15658.0,United Kingdom
492303,21813,GARLAND WITH STARS AND BELLS,1,2009-12-16 11:57:00,10.39,,United Kingdom
551284,23003,TRAVEL CARD WALLET VINTAGE ROSE ,5,2011-04-27 14:05:00,0.42,15005.0,United Kingdom
536670,22469,HEART OF WICKER SMALL,40,2010-12-02 12:09:00,1.45,15260.0,United Kingdom
568411,21823,PAINTED METAL HEART WITH HOLLY BELL,1,2011-09-27 10:52:00,2.92,,United Kingdom
544278,21508,VINTAGE KID DOLLY CARD ,12,2011-02-17 12:01:00,0.42,15382.0,United Kingdom
508175,84510B,SET OF 4 FAIRY CAKES COASTERS ,13,2010-05-13 11:58:00,1.25,14714.0,United Kingdom
490805,22104,MIRROR MOSAIC CANDLE PLATE,12,2009-12-08 12:12:00,1.45,14861.0,United Kingdom
571275,21876,POTTERING MUG,6,2011-10-16 12:28:00,1.65,15994.0,United Kingdom
541018,48185,DOORMAT FAIRY CAKE,2,2011-01-13 12:03:00,7.95,14978.0,United Kingdom
540126,21111,"SWISS ROLL TOWEL, CHOCOLATE  SPOTS",96,2011-01-05 10:45:00,1.25,13798.0,United Kingdom
550471,21992,VINTAGE PAISLEY STATIONERY SET,2,2011-04-18 13:52:00,2.46,,United Kingdom
518406,22596,CHRISTMAS STAR WISH LIST CHALKBOARD,10,2010-08-08 14:26:00,0.85,17802.0,United Kingdom
492687,21291,SMALL SPOTTY CHOCOLATE GIFT BAG ,1,2009-12-17 18:41:00,0.85,17961.0,United Kingdom
496399,21181,PLEASE ONE PERSON  METAL SIGN,6,2010-02-01 11:55:00,2.1,15416.0,United Kingdom
C571637,22379,RECYCLING BAG RETROSPOT ,-39,2011-10-18 11:55:00,1.85,14688.0,United Kingdom
545318,84077,WORLD WAR 2 GLIDERS ASSTD DESIGNS,96,2011-03-01 14:26:00,0.29,14676.0,United Kingdom
550560,85066,CREAM SWEETHEART MINI CHEST,2,2011-04-19 11:46:00,12.75,14242.0,United Kingdom
490063,90178A,AMBER CHUNKY GLASS+BEAD NECKLACE,1,2009-12-03 13:49:00,11.95,17271.0,United Kingdom
498055,35915C,PEACH KNITTED HEN ,3,2010-02-16 12:11:00,1.65,14669.0,United Kingdom
537262,71477,COLOUR GLASS. STAR T-LIGHT HOLDER,1,2010-12-06 11:26:00,3.25,15039.0,United Kingdom
501144,22149,FELTCRAFT 6 FLOWER FRIENDS,4,2010-03-14 12:37:00,2.1,14161.0,United Kingdom
525222,46000M,POLYESTER FILLER PAD 45x45cm,2,2010-10-04 12:54:00,1.55,,United Kingdom
510772,84684,BEACH HUT PHOTO FRAME,1,2010-06-03 14:02:00,5.06,,United Kingdom
516920,21123,SET/10 IVORY SPOTTY PARTY CANDLES,24,2010-07-25 11:37:00,1.25,14092.0,United Kingdom
564062,22103,MIRROR MOSAIC T-LIGHT HOLDER ROUND,12,2011-08-22 14:41:00,1.65,17706.0,United Kingdom
572305,23462,ROCOCO WALL MIRROR WHITE,1,2011-10-23 15:09:00,19.95,17131.0,United Kingdom
556263,23242,TREASURE TIN BUFFALO BILL ,1,2011-06-09 18:41:00,2.08,13969.0,United Kingdom
524087,84032A,CHARLIE+LOLA PINK HOT WATER BOTTLE,1,2010-09-27 11:41:00,5.91,,United Kingdom
547397,22200,FRYING PAN PINK POLKADOT,1,2011-03-22 16:55:00,8.29,,United Kingdom
490741,22347,PIZZA SLICE DISH,2,2009-12-07 17:56:00,2.57,,United Kingdom
524109,22554,PLASTERS IN TIN WOODLAND ANIMALS,12,2010-09-27 13:17:00,1.65,12471.0,Germany
552250,22561,WOODEN SCHOOL COLOURING SET,1,2011-05-06 19:55:00,1.65,12748.0,United Kingdom
565617,21090,SET/6 COLLAGE PAPER PLATES,2,2011-09-05 15:30:00,0.83,,United Kingdom
534744,22367,CHILDRENS APRON SPACEBOY DESIGN,8,2010-11-24 09:46:00,1.95,14291.0,United Kingdom
531843,22208,WOOD STAMP SET THANK YOU,1,2010-11-10 09:34:00,3.36,,United Kingdom
528959,22664,TOY TIDY DOLLY GIRL DESIGN,5,2010-10-26 09:25:00,2.1,12411.0,Australia
520714,22079,RIBBON REEL HEARTS DESIGN ,10,2010-08-29 13:49:00,1.65,14422.0,United Kingdom
501558,84510A,SET OF 4 ENGLISH ROSE COASTERS,1,2010-03-17 16:35:00,2.51,,United Kingdom
574348,22726,ALARM CLOCK BAKELIKE GREEN,12,2011-11-04 10:28:00,3.75,13756.0,United Kingdom
537227,21212,PACK OF 72 RETROSPOT CAKE CASES,120,2010-12-06 08:42:00,0.42,17677.0,United Kingdom
490087,22219,LOVEBIRD HANGING DECORATION WHITE ,12,2009-12-03 15:49:00,0.85,15601.0,United Kingdom
569803,85071A,BLUE CHARLIE+LOLA PERSONAL DOORSIGN,24,2011-10-06 11:48:00,0.39,13090.0,United Kingdom
525569,47566,PARTY BUNTING,10,2010-10-06 10:00:00,4.65,13952.0,United Kingdom
574063,21175,GIN + TONIC DIET METAL SIGN,2,2011-11-02 14:31:00,2.55,13271.0,United Kingdom
509422,21622,VINTAGE UNION JACK CUSHION COVER,6,2010-05-23 13:03:00,4.95,14249.0,United Kingdom
537131,22638,SET OF 4 NAPKIN CHARMS CROWNS ,1,2010-12-05 12:26:00,2.55,15716.0,United Kingdom
508864,20978,36 PENCILS TUBE SKULLS,6,2010-05-18 16:09:00,1.25,17589.0,United Kingdom
580109,23571,TRADITIONAL NAUGHTS & CROSSES,36,2011-12-01 15:46:00,1.65,17350.0,United Kingdom
546007,20685,DOORMAT RED RETROSPOT,1,2011-03-08 15:34:00,15.79,,United Kingdom
544673,22083,PAPER CHAIN KIT RETROSPOT,1,2011-02-22 15:46:00,2.95,13421.0,United Kingdom
561334,21888,BINGO SET,2,2011-07-26 14:27:00,3.75,15440.0,United Kingdom
546465,22148,EASTER CRAFT 4 CHICKS ,6,2011-03-14 10:57:00,1.95,14395.0,United Kingdom
580140,22748,POPPY'S PLAYHOUSE KITCHEN,6,2011-12-02 09:19:00,2.1,14895.0,United Kingdom
537038,21755,LOVE BUILDING BLOCK WORD,3,2010-12-05 10:12:00,5.95,15465.0,United Kingdom
550835,22925,BLUE GIANT GARDEN THERMOMETER,2,2011-04-21 10:52:00,5.95,15034.0,United Kingdom
507156,22558,CLOTHES PEGS RETROSPOT PACK 24 ,12,2010-05-06 13:41:00,1.25,12682.0,France
504107,21548,CERAMIC BIRDHOUSE FINCH BLUE ROOF,2,2010-04-09 14:56:00,5.91,,United Kingdom
519180,22361,GLASS JAR DAISY FRESH COTTON WOOL,1,2010-08-13 14:46:00,5.91,,United Kingdom
549789,20718,RED RETROSPOT SHOPPER BAG,10,2011-04-12 12:00:00,1.25,17160.0,United Kingdom
503063,22088,PAPER BUNTING COLOURED LACE,6,2010-03-29 17:17:00,2.95,17664.0,United Kingdom
529340,85049G,CHOCOLATE BOX RIBBONS ,12,2010-10-27 16:32:00,1.25,18225.0,United Kingdom
542862,21156,RETROSPOT CHILDRENS APRON,1,2011-02-01 11:51:00,1.95,14606.0,United Kingdom
572753,21172,PARTY METAL SIGN ,10,2011-10-25 17:29:00,1.45,15856.0,United Kingdom
564647,84580,MOUSE TOY WITH PINK T-SHIRT,3,2011-08-26 13:56:00,3.75,17920.0,United Kingdom
493283,84032B,CHARLIE + LOLA RED HOT WATER BOTTLE,2,2009-12-22 15:12:00,6.04,,United Kingdom
505013,22524,CHILDRENS GARDEN GLOVES BLUE,12,2010-04-19 13:29:00,1.25,13115.0,United Kingdom
548210,22227,HANGING HEART MIRROR DECORATION ,3,2011-03-29 17:23:00,0.65,14606.0,United Kingdom
549829,22926,IVORY GIANT GARDEN THERMOMETER,2,2011-04-12 12:56:00,5.95,16713.0,United Kingdom
571305,21929,JUMBO BAG PINK VINTAGE PAISLEY,1,2011-10-17 09:55:00,4.13,,United Kingdom
516963,22284,HEN HOUSE DECORATION,12,2010-07-26 09:07:00,1.65,13001.0,United Kingdom
557118,22747,POPPY'S PLAYHOUSE BATHROOM,6,2011-06-16 17:05:00,2.1,14849.0,United Kingdom
564060,21617,4 LILY  BOTANICAL DINNER CANDLES,3,2011-08-22 14:37:00,3.75,17073.0,United Kingdom
553657,22875,NUMBER TILE COTTAGE GARDEN 7,1,2011-05-18 11:28:00,1.95,14583.0,United Kingdom
529336,21544,SKULLS  WATER TRANSFER TATTOOS ,12,2010-10-27 15:40:00,0.85,14904.0,United Kingdom
521353,21730,GLASS STAR FROSTED T-LIGHT HOLDER,4,2010-09-03 14:41:00,4.95,18036.0,United Kingdom
510241,21035,SET/2 RED SPOTTY TEA TOWELS ,6,2010-05-28 10:08:00,2.95,15254.0,United Kingdom
491809,72756,FAIRY CAKE CANDLES,9,2009-12-14 13:19:00,1.49,17965.0,United Kingdom
548894,22292,HANGING CHICK  YELLOW DECORATION,2,2011-04-04 16:01:00,2.92,,United Kingdom
552725,23201,JUMBO BAG ALPHABET,10,2011-05-11 10:30:00,1.95,13418.0,United Kingdom
567899,22424,ENAMEL BREAD BIN CREAM,1,2011-09-22 16:26:00,12.75,14911.0,EIRE
559364,22384,LUNCH BAG PINK POLKADOT,10,2011-07-08 08:48:00,1.65,17735.0,United Kingdom
492425,90177D,DROP DIAMANTE EARRINGS PURPLE,1,2009-12-16 17:58:00,3.03,,United Kingdom
573982,21787,RAIN PONCHO RETROSPOT,360,2011-11-02 11:07:00,0.85,12901.0,United Kingdom
529129,22176,BLUE OWL SOFT TOY,1,2010-10-26 14:37:00,2.95,14963.0,United Kingdom
532449,21166,COOK WITH WINE METAL SIGN ,12,2010-11-12 11:33:00,1.95,15476.0,United Kingdom
545087,22433,WATERING CAN GREEN DINOSAUR,6,2011-02-28 11:46:00,1.95,16422.0,United Kingdom
528325,22212,FOUR HOOK  WHITE LOVEBIRDS,6,2010-10-21 13:02:00,2.1,15680.0,United Kingdom
540468,84931A,PINK SCOTTIE DOG W FLOWER PATTERN,3,2011-01-07 13:55:00,1.66,,United Kingdom
579187,21878,PACK OF 6 SANDCASTLE FLAGS ASSORTED,1,2011-11-28 15:31:00,1.63,,United Kingdom
500280,84937,KASHMIR FOLKART TUMBLERS,1,2010-03-05 14:53:00,11.02,,United Kingdom
578719,23489,VINTAGE BELLS GARLAND,2,2011-11-25 11:25:00,2.89,17348.0,United Kingdom
521794,22505,MEMO BOARD COTTAGE DESIGN,2,2010-09-08 13:52:00,4.95,17068.0,United Kingdom
520685,84849D,HOT BATHS SOAP HOLDER,1,2010-08-27 15:49:00,3.36,,United Kingdom
531453,22561,WOODEN SCHOOL COLOURING SET,4,2010-11-08 13:16:00,1.65,13984.0,United Kingdom
576053,22834,HAND WARMER BABUSHKA DESIGN,1,2011-11-13 14:53:00,2.1,16726.0,United Kingdom
539496,20727,LUNCH BAG  BLACK SKULL.,10,2010-12-20 10:38:00,1.65,13050.0,United Kingdom
538709,22469,HEART OF WICKER SMALL,2,2010-12-14 10:46:00,1.65,16442.0,United Kingdom
532139,22812,PACK 3 BOXES CHRISTMAS PANNETONE,1,2010-11-11 11:18:00,4.21,,United Kingdom
489572,21472,LADYBIRD + BEE RAFFIA FOOD COVER,1,2009-12-01 13:29:00,3.75,17611.0,United Kingdom
519121,22208,WOOD STAMP SET THANK YOU,6,2010-08-13 12:05:00,1.65,14550.0,United Kingdom
559107,85071B,RED CHARLIE+LOLA PERSONAL DOORSIGN,4,2011-07-06 11:22:00,0.39,15334.0,United Kingdom
C554336,22433,WATERING CAN GREEN DINOSAUR,-1,2011-05-23 17:20:00,1.95,12474.0,Germany
541406,22228,BUNNY WOODEN PAINTED WITH BIRD ,3,2011-01-17 15:19:00,0.85,14657.0,United Kingdom
523580,22197,SMALL POPCORN HOLDER,1512,2010-09-22 16:41:00,0.72,17949.0,United Kingdom
575063,22423,REGENCY CAKESTAND 3 TIER,2,2011-11-08 12:32:00,12.75,16764.0,United Kingdom
561396,21411,GINGHAM HEART  DOORSTOP RED,6,2011-07-27 10:40:00,4.25,13458.0,United Kingdom
506003,48185,DOOR MAT FAIRY CAKE,10,2010-04-27 11:15:00,6.35,16652.0,United Kingdom
495070,16254,TRANSPARENT ACRYLIC TAPE DISPENSER,1,2010-01-20 17:50:00,1.66,,United Kingdom
544434,22963,JAM JAR WITH GREEN LID,2,2011-02-18 16:12:00,1.63,,United Kingdom
576595,C2,CARRIAGE,1,2011-11-15 14:56:00,50.0,14911.0,EIRE
580727,21625,VINTAGE UNION JACK APRON,3,2011-12-05 17:17:00,14.13,14096.0,United Kingdom
536592,22619,SET OF 6 SOLDIER SKITTLES,1,2010-12-01 17:06:00,7.62,,United Kingdom
570223,21908,CHOCOLATE THIS WAY METAL SIGN,1,2011-10-09 13:11:00,2.1,15787.0,United Kingdom
551346,20750,RED RETROSPOT MINI CASES,2,2011-04-28 09:12:00,7.95,12362.0,Belgium
549749,85099B,JUMBO BAG RED RETROSPOT,10,2011-04-12 10:45:00,2.08,12928.0,United Kingdom
530654,21041,RED RETROSPOT OVEN GLOVE DOUBLE,2,2010-11-04 09:41:00,5.91,,United Kingdom
540255,85131B,BEADED CRYSTAL HEART GREEN ON STICK,2,2011-01-05 16:50:00,0.85,,United Kingdom
512122,22381,TOY TIDY PINK RETROSPOT  ,5,2010-06-13 15:54:00,2.1,15633.0,United Kingdom
581196,23461,SWEETHEART BIRD HOUSE,4,2011-12-07 17:25:00,4.15,12935.0,United Kingdom
564642,16011,ANIMAL STICKERS,24,2011-08-26 13:22:00,0.21,13527.0,United Kingdom
563557,21984,PACK OF 12 PINK PAISLEY TISSUES ,24,2011-08-17 13:33:00,0.29,15786.0,United Kingdom
C580764,22667,RECIPE BOX RETROSPOT ,-12,2011-12-06 10:38:00,2.95,14562.0,United Kingdom
494875,21428,SET3 BOOK BOX GREEN GINGHAM FLOWER ,16,2010-01-19 12:31:00,3.75,17511.0,United Kingdom
540957,20725,LUNCH BAG RED RETROSPOT,4,2011-01-12 13:30:00,1.65,15311.0,United Kingdom
540943,21667,GLASS CAKE COVER AND PLATE,2,2011-01-12 12:31:00,14.95,17841.0,United Kingdom
494918,90130B,TURQ STONE/CRYSTAL EARRINGS,2,2010-01-19 17:49:00,2.96,,United Kingdom
C528449,22862,LOVE HEART NAPKIN BOX ,-2,2010-10-22 11:12:00,4.25,13703.0,United Kingdom
537823,22379,RECYCLING BAG RETROSPOT ,2,2010-12-08 14:25:00,4.21,,United Kingdom
535952,22456,NATURAL SLATE CHALKBOARD LARGE ,1,2010-11-29 12:06:00,10.17,,United Kingdom
547497,22482,BLUE TEA TOWEL CLASSIC DESIGN,5,2011-03-23 12:15:00,1.25,14461.0,United Kingdom
568346,85049H,URBAN BLACK RIBBONS ,2,2011-09-26 15:28:00,0.83,14096.0,United Kingdom
494379,84396,6 HOOK JEWELLERY STAND BLACK DRESS,1,2010-01-13 17:08:00,8.47,,United Kingdom
510992,82583,HOT BATHS METAL SIGN,24,2010-06-04 13:22:00,2.1,17696.0,United Kingdom
492543,21902,"KEY FOB , FRONT  DOOR ",2,2009-12-17 13:41:00,0.65,,United Kingdom
536984,21918,SET 12 KIDS COLOUR  CHALK STICKS,1,2010-12-03 14:35:00,0.42,17841.0,United Kingdom
511452,22520,CHILDS GARDEN TROWEL BLUE ,1,2010-06-08 12:44:00,1.66,,United Kingdom
543527,20728,LUNCH BAG CARS BLUE,10,2011-02-09 12:08:00,1.65,15970.0,United Kingdom
537830,84341B,SMALL PINK MAGIC CHRISTMAS TREE,2,2010-12-08 14:46:00,0.85,13649.0,United Kingdom
536638,84031A,CHARLIE+LOLA RED HOT WATER BOTTLE ,3,2010-12-02 11:41:00,4.65,16244.0,United Kingdom
521646,21791,VINTAGE HEADS AND TAILS CARD GAME ,4,2010-09-07 13:20:00,2.51,,United Kingdom
559043,22077,6 RIBBONS RUSTIC CHARM,1,2011-07-05 15:35:00,4.13,,United Kingdom
531752,84750A,PINK SMALL GLASS CAKE STAND,4,2010-11-09 13:12:00,1.95,,France
534859,90214R,"LETTER ""R"" BLING KEY RING",3,2010-11-24 13:56:00,0.85,,United Kingdom
567545,22077,6 RIBBONS RUSTIC CHARM,24,2011-09-21 10:27:00,1.95,13155.0,United Kingdom
556768,23184,BULL DOG BOTTLE OPENER,6,2011-06-14 12:21:00,4.95,17243.0,United Kingdom
501853,21590,KINGS CHOICE CIGAR BOX MATCHES ,1,2010-03-21 11:07:00,1.25,16782.0,United Kingdom
509976,22429,ENAMEL MEASURING JUG CREAM,4,2010-05-26 13:47:00,4.25,16170.0,United Kingdom
516112,22295,HEART FILIGREE DOVE LARGE,12,2010-07-16 13:53:00,1.65,13958.0,United Kingdom
539920,22784,LANTERN CREAM GAZEBO ,2,2010-12-23 11:06:00,4.95,14085.0,United Kingdom
493953,85123A,WHITE HANGING HEART T-LIGHT HOLDER,6,2010-01-08 14:04:00,2.95,14327.0,United Kingdom
551721,21272,SALLE DE BAIN HOOK,2,2011-05-03 16:49:00,1.25,14711.0,United Kingdom
576665,47566,PARTY BUNTING,3,2011-11-16 11:46:00,4.95,17841.0,United Kingdom
528094,47591D,PINK FAIRY CAKE CHILDRENS APRON,8,2010-10-20 13:25:00,1.95,13506.0,United Kingdom
573576,22464,HANGING METAL HEART LANTERN,1,2011-10-31 14:09:00,3.29,14096.0,United Kingdom
517982,84832,ZINC WILLIE WINKIE  CANDLE STICK,96,2010-08-03 14:54:00,0.72,16133.0,United Kingdom
536876,22651,GENTLEMAN SHIRT REPAIR KIT ,3,2010-12-03 11:36:00,1.66,,United Kingdom
524955,22138,BAKING SET 9 PIECE RETROSPOT ,3,2010-10-01 13:21:00,4.95,16606.0,United Kingdom
495395,21217,RED SPOTTY ROUND CAKE TINS,2,2010-01-24 15:54:00,9.95,14986.0,United Kingdom
530906,85023B,EAU DE NILE JEWELLED PHOTOFRAME,2,2010-11-04 15:40:00,2.55,17965.0,United Kingdom
524299,22042,CHRISTMAS CARD SINGING ANGEL,12,2010-09-28 13:13:00,0.42,14911.0,EIRE
517513,21524,DOORMAT SPOTTY HOME SWEET HOME,2,2010-07-29 13:28:00,7.49,15023.0,United Kingdom
561874,22723,SET OF 6 HERB TINS SKETCHBOOK,2,2011-07-31 12:02:00,3.95,16255.0,United Kingdom
566562,21239,PINK  POLKADOT CUP,2,2011-09-13 12:18:00,0.85,17365.0,United Kingdom
524618,22577,WOODEN HEART CHRISTMAS SCANDINAVIAN,24,2010-09-30 10:29:00,0.85,14911.0,EIRE
533841,22952,60 CAKE CASES VINTAGE CHRISTMAS,1,2010-11-19 11:12:00,0.55,17269.0,United Kingdom
569834,22993,SET OF 4 PANTRY JELLY MOULDS,12,2011-10-06 13:00:00,1.25,14383.0,United Kingdom
503064,22288,"DECORATION , HANGING METAL RABBIT",1,2010-03-29 17:44:00,1.25,12748.0,United Kingdom
494784,46776F,WOVEN ROSE GARDEN CUSHION COVER ,3,2010-01-18 13:20:00,4.21,,United Kingdom
540471,22801,ANTIQUE GLASS PEDESTAL BOWL,4,2011-01-07 14:21:00,3.75,15601.0,United Kingdom
499756,84691,PACK 20 DOLLY PEGS,12,2010-03-02 12:17:00,0.85,13797.0,United Kingdom
542649,22665,RECIPE BOX BLUE SKETCHBOOK DESIGN,3,2011-01-31 11:46:00,2.95,17373.0,United Kingdom
543182,22197,SMALL POPCORN HOLDER,9,2011-02-04 10:40:00,1.63,,United Kingdom
542906,84992,72 SWEETHEART FAIRY CAKE CASES,10,2011-02-01 15:12:00,1.25,,United Kingdom
573397,21259,VICTORIAN SEWING BOX SMALL ,2,2011-10-30 15:19:00,5.95,15547.0,United Kingdom
568046,23329,DECORATIVE WICKER HEART LARGE,1,2011-09-23 12:16:00,1.65,18118.0,United Kingdom
578356,22993,SET OF 4 PANTRY JELLY MOULDS,48,2011-11-24 10:14:00,1.25,14866.0,United Kingdom
508100,47566,PARTY BUNTING,5,2010-05-13 09:57:00,4.65,15805.0,United Kingdom
577791,22578,WOODEN STAR CHRISTMAS SCANDINAVIAN,24,2011-11-21 16:36:00,0.29,17100.0,United Kingdom
566875,23130,MISTLETOE HEART WREATH GREEN,4,2011-09-15 13:43:00,4.15,17669.0,United Kingdom
537638,22149,FELTCRAFT 6 FLOWER FRIENDS,2,2010-12-07 15:28:00,4.21,,United Kingdom
494018,21379, CAMPHOR WOOD PORTOBELLO MUSHROOM,7,2010-01-11 09:37:00,2.57,,United Kingdom
530018,85099B,JUMBO BAG RED RETROSPOT,10,2010-11-01 10:51:00,1.95,17612.0,United Kingdom
522612,82494L,WOODEN FRAME ANTIQUE WHITE ,6,2010-09-15 14:30:00,2.95,16979.0,United Kingdom
547794,22983,CARD BILLBOARD FONT,12,2011-03-25 12:13:00,0.42,14085.0,United Kingdom
541424,85039B,S/4 IVORY MINI ROSE CANDLE IN BOWL,1,2011-01-17 17:57:00,1.63,,United Kingdom
505509,21204,DAISIES  HONEYCOMB GARLAND ,12,2010-04-22 14:31:00,1.65,14156.0,EIRE
567163,84380,SET OF 3 BUTTERFLY COOKIE CUTTERS,12,2011-09-18 11:31:00,1.45,13247.0,United Kingdom
532143,84997C,BLUE 3 PIECE POLKADOT CUTLERY SET,2,2010-11-11 11:44:00,3.75,16782.0,United Kingdom
555420,22382,LUNCH BAG SPACEBOY DESIGN ,10,2011-06-03 10:29:00,1.65,13458.0,United Kingdom
523696,22602,CHRISTMAS RETROSPOT HEART WOOD,2,2010-09-23 14:47:00,1.66,,United Kingdom
499246,20719,WOODLAND CHARLOTTE BAG,1,2010-02-25 13:40:00,1.66,,United Kingdom
548164,85099B,JUMBO BAG RED RETROSPOT,4,2011-03-29 13:44:00,4.13,,United Kingdom
501369,21137,BLACK RECORD COVER FRAME,5,2010-03-16 10:58:00,3.75,17243.0,United Kingdom
528087,21758,VINTAGE SHELLS PRINT,1,2010-10-20 13:09:00,6.45,16521.0,United Kingdom
498124,84691,PACK 20 DOLLY PEGS,4,2010-02-16 15:47:00,0.85,17931.0,United Kingdom
507116,22293,"SPRING DEC , HANGING CHICK  GREEN",1,2010-05-06 11:30:00,2.98,,United Kingdom
531132,22830,UTILTY CABINET WITH HOOKS,1,2010-11-05 13:56:00,26.95,12749.0,United Kingdom
544181,22457,NATURAL SLATE HEART CHALKBOARD ,6,2011-02-16 14:56:00,2.95,17175.0,United Kingdom
577700,23583,LUNCH BAG PAISLEY PARK  ,1,2011-11-21 12:06:00,1.65,14449.0,United Kingdom
572859,23351,ROLL WRAP 50'S CHRISTMAS,2,2011-10-26 12:39:00,1.25,16418.0,United Kingdom
579553,84429A,MEDIUM PINK BUDDHA HEAD ,6,2011-11-30 10:54:00,2.95,14156.0,EIRE
511134,22444,GROW YOUR OWN PLANT IN A CAN ,24,2010-06-07 11:32:00,1.25,17897.0,United Kingdom
576650,23194,GYMKHANA TREASURE BOOK BOX,8,2011-11-16 10:34:00,2.25,14286.0,United Kingdom
C546773,22941,CHRISTMAS LIGHTS 10 REINDEER,-2,2011-03-16 15:42:00,8.5,14505.0,United Kingdom
561515,84031B,CHARLIE LOLA BLUE HOT WATER BOTTLE ,1,2011-07-27 15:16:00,4.13,,United Kingdom
489597,85124A,PINK JUICY FRUIT PHOTO FRAME,1,2009-12-01 14:28:00,5.17,,United Kingdom
545759,22468,BABUSHKA LIGHTS STRING OF 10,2,2011-03-07 11:56:00,6.75,16316.0,United Kingdom
566959,23211,RED ROCKING HORSE HAND PAINTED,8,2011-09-15 17:00:00,1.25,17530.0,United Kingdom
508492,71459,HANGING JAM JAR T-LIGHT HOLDER,24,2010-05-16 13:23:00,0.85,14264.0,United Kingdom
531922,21578,WOODLAND DESIGN  COTTON TOTE BAG,1,2010-11-10 12:09:00,2.25,17974.0,United Kingdom
568408,23207,LUNCH BAG ALPHABET DESIGN,2,2011-09-27 10:40:00,4.96,,United Kingdom
490534,85049D,BRIGHT BLUES RIBBONS ,2,2009-12-06 16:17:00,1.25,17530.0,United Kingdom
538877,21955,DOORMAT UNION JACK GUNS AND ROSES,2,2010-12-14 15:29:00,16.98,,United Kingdom
528758,21977,PACK OF 60 PINK PAISLEY CAKE CASES,1,2010-10-24 15:29:00,0.55,18116.0,United Kingdom
563376,20719,WOODLAND CHARLOTTE BAG,1,2011-08-16 10:36:00,0.85,15752.0,United Kingdom
489597,22054,MINI CAKE STAND HANGING HEARTS,1,2009-12-01 14:28:00,3.43,,United Kingdom
491966,20990,SPRING FLOWER CHOPSTICKS SET/5,2,2009-12-14 17:16:00,4.3,,United Kingdom
502234,20727,LUNCH BAG  BLACK SKULL.,10,2010-03-23 12:24:00,1.65,16327.0,United Kingdom
524286,85150,LADIES & GENTLEMEN METAL SIGN,2,2010-09-28 12:35:00,2.55,16919.0,United Kingdom
505962,22334,DINOSAUR PARTY BAG + STICKER SET,1,2010-04-26 15:17:00,1.65,17841.0,United Kingdom
494443,20712,JUMBO BAG WOODLAND ANIMALS,3,2010-01-14 13:03:00,1.95,15898.0,United Kingdom
561091,22212,FOUR HOOK  WHITE LOVEBIRDS,1,2011-07-25 09:55:00,4.13,,United Kingdom
567296,20725,LUNCH BAG RED RETROSPOT,20,2011-09-19 12:19:00,1.65,12682.0,France
539958,22117,METAL SIGN HER DINNER IS SERVED ,1,2010-12-23 13:26:00,1.66,,United Kingdom
541682,84032A,CHARLIE+LOLA PINK HOT WATER BOTTLE,6,2011-01-20 15:00:00,2.95,14770.0,United Kingdom
548169,21559,STRAWBERRY LUNCH BOX WITH CUTLERY,10,2011-03-29 13:48:00,2.55,14680.0,United Kingdom
577768,21668,RED STRIPE CERAMIC DRAWER KNOB,1,2011-11-21 15:18:00,3.29,,United Kingdom
542519,22729,ALARM CLOCK BAKELIKE ORANGE,8,2011-01-28 12:19:00,3.75,15159.0,United Kingdom
515621,20728,LUNCH BAG CARS BLUE,30,2010-07-14 09:54:00,1.65,14258.0,United Kingdom
565836,85152,HAND OVER THE CHOCOLATE   SIGN ,48,2011-09-07 11:41:00,1.85,17511.0,United Kingdom
570496,22629,SPACEBOY LUNCH BOX ,12,2011-10-11 09:05:00,1.95,16422.0,United Kingdom
540976,22915,ASSORTED BOTTLE TOP  MAGNETS ,24,2011-01-12 15:00:00,0.42,12652.0,France
515792,22131,FOOD CONTAINER SET 3 LOVE HEART ,1,2010-07-14 15:56:00,1.95,,United Kingdom
525750,22149,FELTCRAFT 6 FLOWER FRIENDS,12,2010-10-07 09:53:00,2.1,14682.0,United Kingdom
513571,47598,,4,2010-06-25 14:46:00,0.0,,United Kingdom
536544,21844,RED RETROSPOT MUG,2,2010-12-01 14:32:00,5.91,,United Kingdom
509136,21621,VINTAGE UNION JACK BUNTING,2,2010-05-20 12:19:00,8.5,16497.0,United Kingdom
490479,35443,RASTA IN BATH W SPLIFF ASHTRAY,1,2009-12-06 12:42:00,0.85,16779.0,United Kingdom
551470,21937,STRAWBERRY   PICNIC BAG,5,2011-04-28 16:39:00,2.95,16782.0,United Kingdom
542231,22750,FELTCRAFT PRINCESS LOLA DOLL,1,2011-01-26 13:40:00,3.75,16714.0,United Kingdom
513972,85104,SILVER GLASS T-LIGHT SET,1,2010-06-29 16:13:00,2.95,15532.0,United Kingdom
489598,47591D,PINK FAIRY CAKE CHILD'S APRON,8,2009-12-01 14:35:00,1.95,16620.0,United Kingdom
559027,22915,ASSORTED BOTTLE TOP  MAGNETS ,36,2011-07-05 14:24:00,0.42,17046.0,United Kingdom
499922,22354,RETRO SPOT PADDED SEAT CUSHION,10,2010-03-03 12:21:00,3.75,14911.0,EIRE
553890,84952A,CLEAR LOVE BIRD T-LIGHT HOLDER,1,2011-05-19 16:32:00,7.46,,United Kingdom
576274,17003,BROCADE RING PURSE ,72,2011-11-14 14:24:00,0.39,17793.0,United Kingdom
514532,21937,STRAWBERRY   PICNIC BAG,1,2010-07-05 10:07:00,5.91,,United Kingdom
538177,22948,METAL DECORATION NAUGHTY CHILDREN ,2,2010-12-10 09:51:00,6.77,,United Kingdom
558237,22274,FELTCRAFT DOLL EMILY,2,2011-06-27 15:04:00,2.95,12867.0,United Kingdom
506268,22423,REGENCY CAKESTAND 3 TIER,3,2010-04-28 15:00:00,12.75,15445.0,United Kingdom
501425,72741,GRAND CHOCOLATECANDLE,9,2010-03-16 12:00:00,1.45,17774.0,United Kingdom
542001,22503,CABIN BAG VINTAGE PAISLEY,3,2011-01-25 10:56:00,12.75,14298.0,United Kingdom
572035,20712,JUMBO BAG WOODLAND ANIMALS,100,2011-10-20 12:03:00,1.79,14646.0,Netherlands
537224,21556,CERAMIC STRAWBERRY MONEY BOX,2,2010-12-05 16:24:00,2.55,13174.0,United Kingdom
532642,22886,NUMBER TILE VINTAGE FONT 7,1,2010-11-12 17:00:00,1.95,,United Kingdom
580504,22710,WRAP I LOVE LONDON ,25,2011-12-04 13:32:00,0.42,17936.0,United Kingdom
511329,21232,STRAWBERRY CERAMIC TRINKET BOX,12,2010-06-08 10:16:00,1.25,12928.0,United Kingdom
508336,37495,FAIRY CAKE BIRTHDAY CANDLE SET,1,2010-05-14 12:06:00,3.75,16081.0,United Kingdom
568192,22666,RECIPE BOX PANTRY YELLOW DESIGN,6,2011-09-25 14:37:00,2.95,14235.0,United Kingdom
543111,21430,SET/3 RED GINGHAM ROSE STORAGE BOX,2,2011-02-03 12:44:00,3.75,15719.0,United Kingdom
528736,22382,LUNCH BAG SPACEBOY DESIGN ,10,2010-10-24 14:06:00,1.65,13073.0,United Kingdom
553356,20677,PINK POLKADOT BOWL,8,2011-05-16 14:05:00,1.25,14038.0,United Kingdom
C510224,21656,RIDGED GLASS POSY VASE ,-2,2010-05-28 08:44:00,1.45,17169.0,United Kingdom
531726,22863,SOAP DISH BROCANTE,4,2010-11-09 12:06:00,2.95,17274.0,United Kingdom
573159,21790,VINTAGE SNAP CARDS,12,2011-10-28 08:58:00,0.85,16648.0,United Kingdom
505705,22487,WHITE WOOD GARDEN PLANT LADDER,1,2010-04-25 11:52:00,9.95,16068.0,United Kingdom
498905,21534,DAIRY MAID LARGE MILK JUG,4,2010-02-23 14:40:00,4.95,12854.0,United Kingdom
566616,21210,SET OF 72 RETROSPOT PAPER  DOILIES,12,2011-09-14 08:35:00,1.45,12895.0,United Kingdom
545667,20733,GOLD MINI TAPE MEASURE ,1,2011-03-04 16:07:00,0.83,,United Kingdom
536408,85014A,BLACK/BLUE POLKADOT UMBRELLA,3,2010-12-01 11:41:00,5.95,14307.0,United Kingdom
575144,23469,CARD HOLDER LOVE BIRD SMALL,6,2011-11-08 15:38:00,4.15,12540.0,Spain
566934,48194,DOORMAT HEARTS,500,2011-09-15 15:34:00,4.58,18102.0,United Kingdom
538113,22585,PACK OF 6 BIRDY GIFT TAGS,12,2010-12-09 15:29:00,1.25,15811.0,United Kingdom
518150,72131,COLUMBIAN CANDLE RECTANGLE,24,2010-08-04 17:39:00,0.38,13571.0,United Kingdom
576370,23204,CHARLOTTE BAG APPLES DESIGN,20,2011-11-15 08:00:00,0.85,15981.0,United Kingdom
581451,23575,SNACK TRAY PAISLEY PARK,8,2011-12-08 17:57:00,1.95,17144.0,United Kingdom
565919,22905,CALENDAR IN SEASON DESIGN,1,2011-09-07 16:48:00,2.46,,United Kingdom
530648,22713,CARD I LOVE LONDON ,24,2010-11-04 08:41:00,0.42,14062.0,United Kingdom
540567,22973,CHILDREN'S CIRCUS PARADE MUG,12,2011-01-10 11:09:00,1.65,16850.0,United Kingdom
581219,21822,GLITTER CHRISTMAS TREE WITH BELLS,2,2011-12-08 09:28:00,1.63,,United Kingdom
514479,85049G,CHOCOLATE BOX RIBBONS ,2,2010-07-02 13:36:00,1.25,13246.0,United Kingdom
563920,21745,GAOLERS KEYS DECORATIVE GARDEN ,4,2011-08-21 14:00:00,3.75,16407.0,United Kingdom
501897,22292,"SPRING DEC , HANGING CHICK  YELLOW",24,2010-03-21 15:23:00,1.45,17539.0,United Kingdom
514565,21068,VINTAGE BILLBOARD LOVE/HATE MUG,6,2010-07-05 11:54:00,1.06,17850.0,United Kingdom
518681,20726,LUNCH BAG WOODLAND,3,2010-08-10 17:09:00,1.65,17799.0,United Kingdom
550458,22435,SET OF 9 HEART SHAPED BALLOONS,1,2011-04-18 13:13:00,2.46,,United Kingdom
566447,48138,DOORMAT UNION FLAG,12,2011-09-12 15:43:00,7.08,12989.0,United Kingdom
550470,21715,GIRLS VINTAGE TIN SEASIDE BUCKET,1,2011-04-18 13:49:00,4.96,,United Kingdom
493719,21533,RETRO SPOT LARGE MILK JUG,3,2010-01-06 10:17:00,4.95,14210.0,United Kingdom
489833,72802A,ROSE SCENT CANDLE IN JEWELLED BOX,1,2009-12-02 14:09:00,4.25,14980.0,United Kingdom
528507,21672,WHITE SPOT RED CERAMIC DRAWER KNOB,30,2010-10-22 12:29:00,1.25,17841.0,United Kingdom
509453,22621,TRADITIONAL KNITTING NANCY,12,2010-05-24 09:49:00,1.45,13381.0,United Kingdom
565670,22728,ALARM CLOCK BAKELIKE PINK,8,2011-09-06 09:23:00,3.75,14944.0,United Kingdom
489536,21789,KIDS RAIN MAC PINK,1,2009-12-01 12:13:00,0.85,16393.0,United Kingdom
513762,84997A,GREEN 3 PIECE MINI DOTS CUTLERY SET,6,2010-06-28 12:58:00,3.75,12451.0,Switzerland
502242,22111,SCOTTIE DOG HOT WATER BOTTLE,2,2010-03-23 13:26:00,4.95,14958.0,United Kingdom
539309,20713,JUMBO BAG OWLS,10,2010-12-16 17:49:00,1.95,16945.0,United Kingdom
544160,22291,HANGING CHICK CREAM DECORATION,24,2011-02-16 12:49:00,1.45,16494.0,United Kingdom
566737,22652,TRAVEL SEWING KIT,10,2011-09-14 14:26:00,1.65,13430.0,United Kingdom
562219,84596L,BISCUITS SMALL BOWL LIGHT BLUE,16,2011-08-03 14:14:00,0.42,15089.0,United Kingdom
570404,21034,REX CASH+CARRY JUMBO SHOPPER,3,2011-10-10 12:50:00,0.95,16395.0,United Kingdom
537638,21803,CHRISTMAS TREE STAR DECORATION,16,2010-12-07 15:28:00,0.43,,United Kingdom
537666,22895,SET OF 2 TEA TOWELS APPLE AND PEARS,1,2010-12-07 18:36:00,5.91,,United Kingdom
503790,21162,TOXIC AREA  DOOR HANGER ,1,2010-04-07 12:45:00,1.45,13174.0,United Kingdom
502768,22344,PARTY PIZZA DISH PINK WHITE SPOT ,1,2010-03-26 14:16:00,0.85,14994.0,United Kingdom
564817,23203,JUMBO BAG VINTAGE DOILY ,4,2011-08-30 12:02:00,4.13,,United Kingdom
526176,22158,3 HEARTS HANGING DECORATION RUSTIC,3,2010-10-10 11:32:00,2.95,13838.0,United Kingdom
530796,47591D,PINK FAIRY CAKE CHILDRENS APRON,1,2010-11-04 12:27:00,1.95,16391.0,United Kingdom
532369,21452,TOADSTOOL MONEY BOX,2,2010-11-11 17:55:00,2.95,17862.0,United Kingdom
537852,21851,LILAC DIAMANTE PEN IN GIFT BOX,4,2010-12-08 15:56:00,4.95,17340.0,United Kingdom
506566,21892,TRADITIONAL WOODEN CATCH CUP GAME ,2,2010-04-30 12:46:00,1.25,14648.0,United Kingdom
509187,20729,RED SPOTTY CANDY BAG,10,2010-05-20 17:00:00,1.25,15826.0,United Kingdom
515161,21212,PACK OF 72 RETRO SPOT CAKE CASES,24,2010-07-08 15:38:00,0.55,12841.0,United Kingdom
516778,82580,BATHROOM METAL SIGN,2,2010-07-22 19:56:00,0.55,17602.0,United Kingdom
511968,84212,"ASSORTED FLOWER COLOUR ""LEIS""",48,2010-06-11 13:44:00,0.65,13093.0,United Kingdom
569136,79066K,RETRO MOD TRAY,2,2011-09-30 14:41:00,0.85,15834.0,United Kingdom
543739,85040A,S/4 PINK FLOWER CANDLES IN BOWL,12,2011-02-11 12:49:00,1.65,15550.0,United Kingdom
517069,22382,LUNCH BAG SPACEBOY DESIGN ,3,2010-07-26 13:50:00,1.65,15015.0,United Kingdom
508635,85096,HILDA CANDY SPOT RABBIT,1,2010-05-17 14:36:00,3.75,13719.0,United Kingdom
500838,22385,JUMBO BAG SPACEBOY DESIGN,3,2010-03-10 12:04:00,1.95,15898.0,United Kingdom
573070,23266,SET OF 3 WOODEN STOCKING DECORATION,1,2011-10-27 13:59:00,1.25,13263.0,United Kingdom
566952,22341,LOVE GARLAND PAINTED ZINC ,1,2011-09-15 16:37:00,3.29,,United Kingdom
516718,82582,AREA PATROLLED METAL SIGN,2,2010-07-22 12:27:00,2.1,14527.0,United Kingdom
569148,22086,PAPER CHAIN KIT 50'S CHRISTMAS ,12,2011-09-30 15:52:00,2.95,16613.0,United Kingdom
529813,22851,SET 20 NAPKINS FAIRY CAKES DESIGN ,2,2010-10-31 11:09:00,0.85,13888.0,United Kingdom
540646,85199S,SMALL HANGING IVORY/RED WOOD BIRD,4,2011-01-10 14:32:00,0.85,,United Kingdom
570666,23511,EMBROIDERED RIBBON REEL EMILY ,6,2011-10-11 14:24:00,2.08,13919.0,Denmark
518115,21812,GARLAND WITH HEARTS AND BELLS,2,2010-08-04 14:41:00,4.95,12748.0,United Kingdom
562717,22414,DOORMAT NEIGHBOURHOOD WITCH ,1,2011-08-08 15:42:00,15.79,,United Kingdom
522053,21485,RED SPOT HEART HOT WATER BOTTLE,3,2010-09-10 14:53:00,4.95,13999.0,United Kingdom
543732,20679,EDWARDIAN PARASOL RED,1,2011-02-11 12:02:00,12.46,,United Kingdom
567673,DOT,DOTCOM POSTAGE,1,2011-09-21 15:43:00,224.26,,United Kingdom
494782,20692,FLORAL ELEPHANT SOFT TOY,1,2010-01-18 13:15:00,8.47,,United Kingdom
573930,22197,POPCORN HOLDER,100,2011-11-02 10:15:00,0.72,17811.0,United Kingdom
523655,22596,CHRISTMAS STAR WISH LIST CHALKBOARD,24,2010-09-23 13:26:00,0.85,17504.0,United Kingdom
577053,22595,GINGHAM HEART DECORATION,12,2011-11-17 14:17:00,0.85,13001.0,United Kingdom
579508,21791,VINTAGE HEADS AND TAILS CARD GAME ,6,2011-11-29 16:33:00,2.46,,United Kingdom
576771,22077,6 RIBBONS RUSTIC CHARM,12,2011-11-16 13:19:00,1.95,13285.0,United Kingdom
575895,21015,DARK BIRD HOUSE TREE DECORATION,1,2011-11-11 14:50:00,0.29,17052.0,United Kingdom
495936,82600,NO SINGING METAL SIGN,18,2010-01-27 15:39:00,2.1,17865.0,United Kingdom
569000,21977,PACK OF 60 PINK PAISLEY CAKE CASES,24,2011-09-29 17:36:00,0.55,17015.0,United Kingdom
536401,84991,60 TEATIME FAIRY CAKE CASES,3,2010-12-01 11:21:00,0.55,15862.0,United Kingdom
510180,84692,BOX OF 24 COCKTAIL PARASOLS,4,2010-05-27 15:28:00,0.42,17238.0,United Kingdom
532758,21830,ASSORTED CREEPY CRAWLIES,48,2010-11-14 13:42:00,0.42,13758.0,United Kingdom
575718,21164,HOME SWEET HOME METAL SIGN ,2,2011-11-10 18:04:00,2.95,16907.0,United Kingdom
565232,22666,RECIPE BOX PANTRY YELLOW DESIGN,1,2011-09-02 09:30:00,5.79,,United Kingdom
580672,22661,CHARLOTTE BAG DOLLY GIRL DESIGN,2,2011-12-05 14:29:00,0.85,17920.0,United Kingdom
570192,21888,BINGO SET,4,2011-10-07 15:26:00,3.75,17509.0,United Kingdom
576329,22645,CERAMIC HEART FAIRY CAKE MONEY BANK,1,2011-11-14 15:22:00,3.29,,United Kingdom
566747,23028,DRAWER KNOB CRACKLE GLAZE BLUE,4,2011-09-14 15:33:00,1.65,16928.0,United Kingdom
574710,21175,GIN + TONIC DIET METAL SIGN,3,2011-11-06 14:17:00,2.55,15427.0,United Kingdom
521945,21326,AGED GLASS SILVER T-LIGHT HOLDER,12,2010-09-09 16:54:00,0.65,16095.0,United Kingdom
580972,22215,CAKE STAND WHITE TWO TIER LACE,12,2011-12-06 15:10:00,2.95,15194.0,United Kingdom
516627,15044C,PURPLE PAPER PARASOL,12,2010-07-22 10:06:00,2.95,14465.0,United Kingdom
550474,21871,SAVE THE PLANET MUG,2,2011-04-18 13:58:00,3.29,,United Kingdom
557222,22690,DOORMAT HOME SWEET HOME BLUE ,2,2011-06-17 13:14:00,7.95,14936.0,Channel Islands
544790,85199S,SMALL HANGING IVORY/RED WOOD BIRD,26,2011-02-23 12:27:00,0.42,16940.0,United Kingdom
537666,22474,SPACEBOY TV DINNER TRAY,1,2010-12-07 18:36:00,11.02,,United Kingdom
525860,21479,WHITE SKULL HOT WATER BOTTLE ,12,2010-10-07 13:19:00,3.75,13089.0,United Kingdom
562843,90182A,AMBER 3 BEAD DROP EARRINGS,1,2011-08-09 17:37:00,2.9,,United Kingdom
560261,22090,PAPER BUNTING RETROSPOT,10,2011-07-17 13:35:00,2.95,12841.0,United Kingdom
564840,22569,FELTCRAFT CUSHION BUTTERFLY,1,2011-08-30 12:49:00,7.46,,United Kingdom
534451,22186,RED STAR CARD HOLDER,48,2010-11-22 16:27:00,2.55,16239.0,United Kingdom
564818,21458,2 PICTURE BOOK EGGS EASTER BUNNY,1,2011-08-30 12:10:00,2.46,,United Kingdom
565919,85099C,JUMBO  BAG BAROQUE BLACK WHITE,1,2011-09-07 16:48:00,4.13,,United Kingdom
510544,84972L,GIANT PINK HEART MEMO HOLDER,2,2010-06-01 15:05:00,3.95,13869.0,United Kingdom
511656,85099F,JUMBO BAG STRAWBERRY,3,2010-06-09 14:13:00,4.21,,United Kingdom
526868,21894,POTTING SHED SEED ENVELOPES,1,2010-10-13 13:32:00,1.25,15016.0,United Kingdom
538664,82484,WOOD BLACK BOARD ANT WHITE FINISH,12,2010-12-13 15:46:00,5.55,14733.0,United Kingdom
547370,84792,ENCHANTED BIRD COATHANGER 5 HOOK,1,2011-03-22 13:32:00,4.65,14711.0,United Kingdom
564650,21212,PACK OF 72 RETROSPOT CAKE CASES,120,2011-08-26 14:17:00,0.42,14646.0,Netherlands
517620,82483,WOOD 2 DRAWER CABINET WHITE FINISH,4,2010-07-30 11:35:00,5.95,17213.0,United Kingdom
532679,22748,POPPY'S PLAYHOUSE KITCHEN,3,2010-11-14 12:17:00,2.1,16960.0,United Kingdom
532143,22139,RETROSPOT TEA SET CERAMIC 11 PC ,3,2010-11-11 11:44:00,4.95,16782.0,United Kingdom
517352,84991,60 TEATIME FAIRY CAKE CASES,24,2010-07-28 14:45:00,0.55,13796.0,United Kingdom
511452,22528,GARDENERS KNEELING PAD,1,2010-06-08 12:44:00,2.51,,United Kingdom
C540006,21306,SET/4 DAISY MIRROR MAGNETS,-1,2011-01-04 10:48:00,2.1,14606.0,United Kingdom
536943,35954,SMALL FOLKART STAR CHRISTMAS DEC,48,2010-12-03 12:11:00,0.42,17884.0,United Kingdom
541221,22111,SCOTTIE DOG HOT WATER BOTTLE,8,2011-01-14 14:28:00,5.79,,United Kingdom
536520,22151,PLACE SETTING WHITE HEART,14,2010-12-01 12:43:00,0.42,14729.0,United Kingdom
502866,22379,RECYCLING BAG RETROSPOT ,1,2010-03-28 15:45:00,2.1,16549.0,United Kingdom
528868,21823,PAINTED METAL HEART WITH HOLLY BELL,5,2010-10-25 11:33:00,1.45,15976.0,United Kingdom
566094,23188,VINTAGE  2 METER FOLDING RULER,5,2011-09-09 10:42:00,1.65,17965.0,United Kingdom
573377,21985,PACK OF 12 HEARTS DESIGN TISSUES ,12,2011-10-30 13:51:00,0.39,14653.0,United Kingdom
533338,21688,SILVER PLATE CANDLE BOWL SMALL,2,2010-11-16 18:18:00,5.91,,United Kingdom
501795,22617,BAKING SET SPACEBOY DESIGN,2,2010-03-19 13:41:00,4.95,16508.0,United Kingdom
576897,85034C,3 ROSE MORRIS BOXED CANDLES,24,2011-11-17 08:41:00,1.25,17828.0,Malta
564353,23296,SET OF 6 TEA TIME BAKING CASES,12,2011-08-24 15:08:00,1.25,15764.0,United Kingdom
550210,21935,SUKI  SHOULDER BAG,3,2011-04-15 10:40:00,4.13,,United Kingdom
519596,21187,WHITE BELL HONEYCOMB PAPER GARLAND ,10,2010-08-18 15:19:00,1.65,13668.0,United Kingdom
554019,82583,HOT BATHS METAL SIGN,24,2011-05-20 13:16:00,2.1,17591.0,United Kingdom
552061,21931,JUMBO STORAGE BAG SUKI,10,2011-05-06 10:43:00,2.08,13001.0,United Kingdom
499765,21375,LARGE CAMPHOR WOOD FIELD MUSHROOM ,1,2010-03-02 13:15:00,11.02,,United Kingdom
501917,22328,ROUND SNACK BOXES SET OF 4 FRUITS ,12,2010-03-22 10:08:00,2.95,15810.0,United Kingdom
495546,21204,DAISIES  HONEYCOMB GARLAND ,4,2010-01-25 15:54:00,1.65,13206.0,United Kingdom
509582,22435,SET OF 9 HEART SHAPED BALLOONS,12,2010-05-24 14:55:00,1.25,13983.0,United Kingdom
546545,22697,GREEN REGENCY TEACUP AND SAUCER,2,2011-03-14 15:48:00,2.95,16804.0,United Kingdom
564974,20997,ROSE DU SUD CUSHION COVER ,1,2011-08-31 15:32:00,4.13,,United Kingdom
511067,22469,HEART OF WICKER SMALL,25,2010-06-06 13:06:00,1.65,15956.0,United Kingdom
563202,85066,CREAM SWEETHEART MINI CHEST,1,2011-08-14 11:16:00,12.75,12722.0,France
543097,21929,JUMBO BAG PINK VINTAGE PAISLEY,1,2011-02-03 11:41:00,4.13,,United Kingdom
538524,21741,COSY SLIPPER SHOES LARGE GREEN,1,2010-12-13 09:35:00,5.91,,United Kingdom
552404,21933,PINK VINTAGE PAISLEY PICNIC BAG,10,2011-05-09 12:39:00,1.65,15932.0,United Kingdom
523014,21905,MORE BUTTER METAL SIGN ,1,2010-09-20 10:20:00,4.21,,United Kingdom
566275,22075,6 RIBBONS ELEGANT CHRISTMAS ,1,2011-09-11 13:58:00,1.65,16549.0,United Kingdom
529727,22752,SET 7 BABUSHKA NESTING BOXES,1,2010-10-29 14:12:00,16.98,,United Kingdom
577505,23485,BOTANICAL GARDENS WALL CLOCK ,1,2011-11-20 12:37:00,25.0,13118.0,United Kingdom
497958,85099B,JUMBO BAG RED WHITE SPOTTY ,10,2010-02-15 13:20:00,1.95,14680.0,United Kingdom
562046,22271,FELTCRAFT DOLL ROSIE,6,2011-08-02 10:34:00,2.95,12378.0,Switzerland
542541,21947,SET OF 6 HEART CHOPSTICKS,2,2011-01-28 14:25:00,2.46,,United Kingdom
525458,85048,15CM CHRISTMAS GLASS BALL 20 LIGHTS,1,2010-10-05 14:45:00,16.98,,United Kingdom
566304,23272,TREE T-LIGHT HOLDER WILLIE WINKIE,12,2011-09-12 09:03:00,1.65,18158.0,United Kingdom
547359,22178,VICTORIAN GLASS HANGING T-LIGHT,6,2011-03-22 12:27:00,1.25,15719.0,United Kingdom
577601,23370,SET 36 COLOURING PENCILS DOILY,16,2011-11-21 08:31:00,1.25,17675.0,United Kingdom
515411,21466,RED FLOWER CROCHET FOOD COVER,4,2010-07-12 12:44:00,3.75,14667.0,United Kingdom
C533323,21730,GLASS STAR FROSTED T-LIGHT HOLDER,-1,2010-11-16 17:34:00,4.95,15270.0,United Kingdom
536522,22449,SILK PURSE BABUSHKA PINK,1,2010-12-01 12:49:00,3.35,15012.0,United Kingdom
542541,22726,ALARM CLOCK BAKELIKE GREEN,1,2011-01-28 14:25:00,7.46,,United Kingdom
519486,21908,CHOCOLATE THIS WAY METAL SIGN,96,2010-08-17 13:40:00,1.85,16276.0,United Kingdom
527655,22866,HAND WARMER SCOTTY DOG DESIGN,2,2010-10-18 14:07:00,2.1,13387.0,United Kingdom
559922,23197,SKETCHBOOK MAGNETIC SHOPPING LIST,48,2011-07-13 15:50:00,1.25,14400.0,United Kingdom
573151,21213,PACK OF 72 SKULL CAKE CASES,6,2011-10-27 20:09:00,0.55,17602.0,United Kingdom
542989,21985,PACK OF 12 HEARTS DESIGN TISSUES ,24,2011-02-02 11:41:00,0.29,15226.0,United Kingdom
559887,20726,LUNCH BAG WOODLAND,2,2011-07-13 11:44:00,1.65,13263.0,United Kingdom
497600,82011A,"BATHROOM SCALES, TROPICAL BEACH",1,2010-02-11 10:01:00,3.75,17085.0,United Kingdom
499454,21156,RED SPOTTY CHILDS APRON,8,2010-02-28 10:31:00,1.95,12708.0,Germany
537638,84625C,BLUE NEW BAROQUE CANDLESTICK CANDLE,2,2010-12-07 15:28:00,5.91,,United Kingdom
572542,23376,PACK OF 12 VINTAGE CHRISTMAS TISSUE,24,2011-10-24 16:20:00,0.39,17272.0,United Kingdom
513469,22023,EMPIRE BIRTHDAY CARD,12,2010-06-24 16:25:00,0.42,17099.0,United Kingdom
511039,21213,PACK OF 72 SKULL CAKE CASES,4,2010-06-06 11:19:00,0.55,17589.0,United Kingdom
545658,21245,GREEN POLKADOT PLATE ,2,2011-03-04 14:13:00,1.69,14670.0,United Kingdom
569683,22579,WOODEN TREE CHRISTMAS SCANDINAVIAN,12,2011-10-05 14:39:00,0.29,15953.0,United Kingdom
501507,22505,MEMO BOARD COTTAGE DESIGN,2,2010-03-17 11:21:00,4.95,14662.0,United Kingdom
526397,22834,HAND WARMER BABUSHKA DESIGN,1,2010-10-11 13:31:00,2.1,17812.0,United Kingdom
544812,21231,SWEETHEART CERAMIC TRINKET BOX,1,2011-02-23 15:58:00,2.46,,United Kingdom
560282,21395,BLUE POLKADOT BEAKER ,48,2011-07-18 08:21:00,0.39,14758.0,United Kingdom
547874,35922,EASTER BUNNY WREATH,2,2011-03-27 15:39:00,4.95,14476.0,United Kingdom
574476,22976,CIRCUS PARADE CHILDRENS EGG CUP ,1,2011-11-04 12:20:00,1.25,17203.0,United Kingdom
531130,22745,POPPY'S PLAYHOUSE BEDROOM ,6,2010-11-05 13:42:00,2.1,13615.0,United Kingdom
514387,22557,PLASTERS IN TIN VINTAGE PAISLEY ,12,2010-07-02 11:44:00,1.65,12633.0,Germany
577071,22328,ROUND SNACK BOXES SET OF 4 FRUITS ,5,2011-11-17 14:56:00,2.95,13969.0,United Kingdom
534377,22072,RED RETROSPOT TEA CUP AND SAUCER ,1,2010-11-22 12:31:00,3.75,16725.0,United Kingdom
532663,21972,SET OF 36 DINOSAUR PAPER DOILIES,12,2010-11-14 11:32:00,1.45,14936.0,Channel Islands
552955,22088,PAPER BUNTING COLOURED LACE,4,2011-05-12 12:30:00,2.95,13113.0,United Kingdom
578065,20869,GOLD FABRIC MIRROR,1,2011-11-22 15:41:00,2.46,,United Kingdom
500857,21102,"CANDLE IN JAR COLLAGE , VANILLA",4,2010-03-10 12:23:00,2.55,15911.0,United Kingdom
533965,22625,RED KITCHEN SCALES,1,2010-11-19 13:06:00,16.98,,United Kingdom
552332,21844,RED RETROSPOT MUG,6,2011-05-09 10:24:00,2.95,13908.0,United Kingdom
495406,85063,CREAM SWEETHEART MAGAZINE RACK,1,2010-01-25 09:54:00,30.6,,United Kingdom
580188,22604,SET OF 4 NAPKIN CHARMS CUTLERY,6,2011-12-02 12:02:00,2.55,16440.0,United Kingdom
568044,22138,BAKING SET 9 PIECE RETROSPOT ,3,2011-09-23 12:10:00,4.95,15763.0,United Kingdom
509634,47559B,TEA TIME OVEN GLOVE,1,2010-05-25 10:23:00,1.25,13324.0,United Kingdom
565117,23093,SMALL PARISIENNE HEART PHOTO FRAME ,8,2011-09-01 11:33:00,2.49,13089.0,United Kingdom
556727,21907,I'M ON HOLIDAY METAL SIGN,12,2011-06-14 11:33:00,2.1,17675.0,United Kingdom
565431,72807C,SET/3 VANILLA SCENTED CANDLE IN BOX,2,2011-09-04 13:15:00,4.25,14965.0,United Kingdom
549431,22771,CLEAR DRAWER KNOB ACRYLIC EDWARDIAN,24,2011-04-08 12:17:00,1.25,15874.0,United Kingdom
558924,84078A,SET/4 WHITE RETRO STORAGE CUBES ,1,2011-07-05 10:07:00,39.95,15785.0,United Kingdom
525959,22645,CERAMIC HEART FAIRY CAKE MONEY BANK,1,2010-10-07 19:51:00,1.45,16111.0,United Kingdom
580115,22948,METAL DECORATION NAUGHTY CHILDREN ,4,2011-12-01 16:22:00,1.66,,United Kingdom
534180,21165,BEWARE OF THE CAT METAL SIGN ,2,2010-11-21 13:51:00,1.69,14895.0,United Kingdom
513616,37502,TEA TIME MUG IN GIFT BOX,4,2010-06-27 12:27:00,2.95,16059.0,United Kingdom
521691,22566,FELTCRAFT HAIRBAND PINK AND PURPLE,1,2010-09-07 17:19:00,1.66,,United Kingdom
563438,23188,VINTAGE  2 METER FOLDING RULER,24,2011-08-16 12:59:00,1.65,13743.0,United Kingdom
573137,20977,36 PENCILS TUBE WOODLAND,1,2011-10-27 17:15:00,2.46,,United Kingdom
508038,21902,"KEY FOB , FRONT  DOOR ",24,2010-05-12 12:17:00,0.65,14854.0,United Kingdom
519877,22562,MONSTERS STENCIL CRAFT,12,2010-08-22 10:33:00,1.25,14016.0,EIRE
571682,21070,VINTAGE BILLBOARD MUG ,1,2011-10-18 14:00:00,1.25,14179.0,United Kingdom
567179,22619,SET OF 6 SOLDIER SKITTLES,2,2011-09-18 14:27:00,3.75,15547.0,United Kingdom
504766,21175,GIN + TONIC DIET METAL SIGN,12,2010-04-16 11:51:00,2.1,13013.0,United Kingdom
538071,82616B,FRAPPUCINO SCARF KNITTING KIT,1,2010-12-09 14:09:00,2.51,,United Kingdom
554323,22728,ALARM CLOCK BAKELIKE PINK,4,2011-05-23 15:33:00,3.75,16729.0,United Kingdom
557222,84988,SET OF 72 PINK HEART PAPER DOILIES,12,2011-06-17 13:14:00,1.45,14936.0,Channel Islands
556108,22577,WOODEN HEART CHRISTMAS SCANDINAVIAN,5,2011-06-08 17:59:00,1.63,,United Kingdom
538630,21111,"SWISS ROLL TOWEL, CHOCOLATE  SPOTS",6,2010-12-13 13:25:00,2.95,14565.0,United Kingdom
570374,23187,FRENCH STYLE STORAGE JAR BONBONS,6,2011-10-10 12:34:00,0.29,14719.0,United Kingdom
493757,84997A,GREEN 3 PIECE MINI DOTS CUTLERY SET,6,2010-01-06 13:08:00,3.75,15712.0,United Kingdom
536538,22470,HEART OF WICKER LARGE,2,2010-12-01 13:54:00,2.95,14594.0,United Kingdom
544941,84378,SET OF 3 HEART COOKIE CUTTERS,2,2011-02-25 10:25:00,1.25,12841.0,United Kingdom
534750,22731,3D CHRISTMAS STAMPS STICKERS ,1,2010-11-24 09:54:00,3.36,,United Kingdom
559052,22209,WOOD STAMP SET HAPPY BIRTHDAY,5,2011-07-05 16:53:00,0.83,,United Kingdom
538071,21015,DARK BIRD HOUSE TREE DECORATION,3,2010-12-09 14:09:00,1.28,,United Kingdom
506055,21181,PLEASE ONE PERSON METAL SIGN,2,2010-04-27 11:50:00,2.1,16117.0,United Kingdom
543832,22727,ALARM CLOCK BAKELIKE RED ,4,2011-02-14 10:10:00,3.75,13381.0,United Kingdom
538524,90190B,GOLD/AMBER DROP EARRINGS W LEAF,1,2010-12-13 09:35:00,2.96,,United Kingdom
547396,22380,TOY TIDY SPACEBOY  ,1,2011-03-22 16:54:00,4.13,,United Kingdom
565674,23270,SET OF 2 CERAMIC PAINTED HEARTS ,12,2011-09-06 09:49:00,1.45,15271.0,United Kingdom
507793,22533,MAGIC DRAWING SLATE BAKE A CAKE ,48,2010-05-11 12:40:00,0.42,12549.0,USA
567475,23196,VINTAGE LEAF MAGNETIC NOTEPAD,3,2011-09-20 13:11:00,1.45,16360.0,United Kingdom
555568,22662,LUNCH BAG DOLLY GIRL DESIGN,5,2011-06-05 15:25:00,1.65,17589.0,United Kingdom
527299,21352,EUCALYPTUS & PINECONE  WREATH,12,2010-10-15 14:20:00,1.95,16103.0,United Kingdom
509279,47502,POLKADOT CUTLERY 24 PCS IN TRAY,10,2010-05-21 11:36:00,9.95,16029.0,United Kingdom
C524282,85063,CREAM SWEETHEART MAGAZINE RACK,-1,2010-09-28 12:18:00,14.95,15311.0,United Kingdom
536152,21479,WHITE SKULL HOT WATER BOTTLE ,4,2010-11-30 11:50:00,3.75,16223.0,United Kingdom
501890,22262,FELT EGG COSY CHICKEN,2,2010-03-21 14:44:00,0.85,14606.0,United Kingdom
569010,22615,PACK OF 12 CIRCUS PARADE TISSUES ,96,2011-09-30 07:36:00,0.39,14156.0,EIRE
566912,20725,LUNCH BAG RED RETROSPOT,10,2011-09-15 14:05:00,1.65,14367.0,United Kingdom
506144,90209A,PURPLE ENAMEL+GLASS HAIR COMB,2,2010-04-27 16:32:00,2.1,15856.0,United Kingdom
579187,22460,EMBOSSED GLASS TEALIGHT HOLDER,1,2011-11-28 15:31:00,2.46,,United Kingdom
566928,23025,DRAWER KNOB VINTAGE GLASS BALL,6,2011-09-15 15:21:00,2.08,16189.0,United Kingdom
569555,22152,PLACE SETTING WHITE STAR,24,2011-10-05 08:17:00,0.42,17728.0,United Kingdom
506842,22403,MAGNETS PACK OF 4 VINTAGE LABELS ,3,2010-05-04 14:07:00,1.25,16938.0,United Kingdom
509165,22623,BOX OF VINTAGE JIGSAW BLOCKS ,3,2010-05-20 14:06:00,4.95,15559.0,United Kingdom
574063,22116,METAL SIGN HIS DINNER IS SERVED,2,2011-11-02 14:31:00,0.79,13271.0,United Kingdom
544911,84978,HANGING HEART JAR T-LIGHT HOLDER,12,2011-02-24 15:01:00,1.25,16838.0,United Kingdom
548185,22961,JAM MAKING SET PRINTED,12,2011-03-29 14:58:00,1.45,15628.0,United Kingdom
549014,20967,GREY FLORAL FELTCRAFT SHOULDER BAG,1,2011-04-05 15:00:00,3.75,17841.0,United Kingdom
568411,22308,TEA COSY BLUE STRIPE,1,2011-09-27 10:52:00,4.96,,United Kingdom
516270,22328,ROUND SNACK BOXES SET OF 4 FRUITS ,48,2010-07-19 12:22:00,2.55,14646.0,Netherlands
517861,22088,PAPER BUNTING COLOURED LACE,2,2010-08-02 14:07:00,2.95,13090.0,United Kingdom
509596,22504,CABIN BAG VINTAGE RETROSPOT,1,2010-05-24 15:32:00,29.95,15808.0,United Kingdom
501086,22512,DOORSTOP RACING CAR DESIGN,1,2010-03-12 11:54:00,3.75,17228.0,United Kingdom
564856,82486,WOOD S/3 CABINET ANT WHITE FINISH,10,2011-08-31 09:11:00,8.95,12477.0,Germany
560503,22605,WOODEN CROQUET GARDEN SET,1,2011-07-19 11:40:00,14.95,17682.0,United Kingdom
543732,84970l,SINGLE HEART ZINC T-LIGHT HOLDER,1,2011-02-11 12:02:00,2.08,,United Kingdom
575661,22579,WOODEN TREE CHRISTMAS SCANDINAVIAN,6,2011-11-10 14:39:00,0.29,12617.0,France
581218,21441,BLUE BIRDHOUSE DECORATION,24,2011-12-08 09:23:00,0.19,14191.0,United Kingdom
499386,22266,EASTER DECORATION HANGING BUNNY,70,2010-02-26 12:13:00,0.65,12854.0,United Kingdom
532810,22198,LARGE POPCORN HOLDER ,2,2010-11-14 15:23:00,1.65,17545.0,United Kingdom
501550,82582,AREA PATROLLED METAL SIGN,6,2010-03-17 15:29:00,2.1,13371.0,United Kingdom
534631,21357,TOAST ITS - DINOSAUR,1,2010-11-23 12:57:00,1.25,18047.0,United Kingdom
502920,84675,FROG KING WATERING CAN,1,2010-03-29 13:55:00,2.95,18041.0,United Kingdom
577078,22196,SMALL HEART MEASURING SPOONS,5,2011-11-17 15:17:00,1.63,,United Kingdom
574536,22631,CIRCUS PARADE LUNCH BOX ,1,2011-11-04 14:35:00,1.95,15707.0,United Kingdom
560387,21034,REX CASH+CARRY JUMBO SHOPPER,2,2011-07-18 13:00:00,0.95,14667.0,United Kingdom
537196,47567B,TEA TIME KITCHEN APRON,1,2010-12-05 13:55:00,5.95,15426.0,United Kingdom
521366,22158,3 HEARTS HANGING DECORATION RUSTIC,3,2010-09-05 10:54:00,2.95,16782.0,United Kingdom
510054,21497,FANCY FONTS BIRTHDAY WRAP,25,2010-05-27 09:59:00,0.42,17499.0,United Kingdom
525200,21158,MOODY GIRL DOOR HANGER ,2,2010-10-04 12:36:00,1.45,16444.0,United Kingdom
526210,21653,GLASS ETCHED T-LIGHT HOLDER LARGE,6,2010-10-10 13:46:00,2.1,16466.0,United Kingdom
C510205,22323,PINK POLKADOT KIDS BAG,-9,2010-05-28 07:56:00,1.95,18163.0,United Kingdom
518857,84978,HANGING HEART JAR T-LIGHT HOLDER,6,2010-08-12 12:33:00,1.25,15719.0,United Kingdom
560978,22023,EMPIRE BIRTHDAY CARD,36,2011-07-22 12:20:00,0.42,15815.0,United Kingdom
540821,84596J,MIXED NUTS LIGHT GREEN BOWL,4,2011-01-11 13:16:00,0.85,,United Kingdom
545568,21381,MINI WOODEN HAPPY BIRTHDAY GARLAND,1,2011-03-03 16:22:00,3.29,,United Kingdom
555336,21544,SKULLS  WATER TRANSFER TATTOOS ,1,2011-06-02 11:13:00,0.85,,United Kingdom
531231,22740,POLKADOT PEN,48,2010-11-05 17:24:00,0.85,,EIRE
573358,23319,BOX OF 6 MINI 50'S CRACKERS,12,2011-10-30 12:46:00,2.49,17213.0,United Kingdom
500720,22185,SLATE TILE NATURAL HANGING,2,2010-03-09 15:16:00,1.65,12747.0,United Kingdom
505142,21709,FOLDING UMBRELLA  CHOC/WHITE  SPOT,4,2010-04-20 11:19:00,4.95,17138.0,United Kingdom
494670,22243,"HOOK, 5 HANGER ,MAGIC TOADSTOOL RED",12,2010-01-17 15:22:00,1.65,13178.0,United Kingdom
545057,20802,SMALL GLASS SUNDAE DISH CLEAR,18,2011-02-27 12:49:00,1.65,13630.0,United Kingdom
508201,21535,RED RETROSPOT SMALL MILK JUG,4,2010-05-13 14:08:00,2.55,12835.0,United Kingdom
533996,22786,CUSHION COVER PINK UNION JACK,4,2010-11-19 14:14:00,5.95,17865.0,United Kingdom
564630,84924A,WAKE UP COCKEREL CALENDAR SIGN ,4,2011-08-26 11:53:00,3.75,13644.0,United Kingdom
494866,22261,FELT EGG COSY WHITE RABBIT ,5,2010-01-19 11:20:00,0.85,16253.0,United Kingdom
522437,21580,RABBIT  DESIGN  COTTON TOTE BAG,1,2010-09-14 13:56:00,2.25,17346.0,United Kingdom
519176,21213,PACK OF 72 SKULL CAKE CASES,24,2010-08-13 14:35:00,0.55,14153.0,United Kingdom
521901,82582,AREA PATROLLED METAL SIGN,1,2010-09-09 12:37:00,2.1,14688.0,United Kingdom
541631,22352,LUNCH BOX WITH CUTLERY RETROSPOT ,6,2011-01-20 10:48:00,2.55,12637.0,France
539437,84988,SET OF 72 PINK HEART PAPER DOILIES,2,2010-12-17 14:54:00,2.98,,United Kingdom
537666,22165,"DIAMANTE HEART SHAPED WALL MIRROR, ",1,2010-12-07 18:36:00,11.02,,United Kingdom
530087,22732,3D STICKERS VINTAGE CHRISTMAS,20,2010-11-01 13:33:00,1.25,16732.0,United Kingdom
507624,37448,CERAMIC CAKE DESIGN SPOTTED MUG,24,2010-05-10 14:34:00,1.49,16873.0,United Kingdom
577520,21894,POTTING SHED SEED ENVELOPES,1,2011-11-20 13:20:00,1.25,14553.0,United Kingdom
521389,22425,ENAMEL COLANDER CREAM,2,2010-09-05 14:01:00,4.95,13032.0,United Kingdom
513625,21925,UNION STRIPE CUSHION COVER ,4,2010-06-27 13:09:00,1.25,14505.0,United Kingdom
550500,22293,HANGING CHICK GREEN DECORATION,1,2011-04-18 15:26:00,2.92,,United Kingdom
499890,21755,LOVE BUILDING BLOCK WORD,1,2010-03-03 11:34:00,5.95,14606.0,United Kingdom
515948,22379,RECYCLING BAG RETROSPOT ,5,2010-07-15 15:51:00,2.1,12490.0,France
534187,84879,ASSORTED COLOUR BIRD ORNAMENT,8,2010-11-21 14:10:00,1.69,16501.0,United Kingdom
575063,21809,CHRISTMAS HANGING TREE WITH BELL,2,2011-11-08 12:32:00,0.39,16764.0,United Kingdom
531508,22487,WHITE WOOD GARDEN PLANT LADDER,4,2010-11-08 15:42:00,8.5,14016.0,EIRE
543909,46776D,WOVEN SUNSET CUSHION COVER ,2,2011-02-14 12:32:00,4.13,,United Kingdom
495507,84837,WHITE SWEETHEARTS CABINET 4 DRAWERS,2,2010-01-25 13:22:00,12.75,14514.0,United Kingdom
569414,22736,RIBBON REEL MAKING SNOWMEN ,1,2011-10-04 10:11:00,4.13,,United Kingdom
580528,23494,VINTAGE DOILY DELUXE SEWING KIT ,12,2011-12-04 15:28:00,5.95,14911.0,EIRE
536204,20713,JUMBO BAG OWLS,10,2010-11-30 13:16:00,1.95,15750.0,United Kingdom
505177,22179,SET 10 LIGHTS NIGHT OWL,2,2010-04-20 13:43:00,6.75,13042.0,United Kingdom
498903,22356,"CHARLOTTE BAG , PINK/WHITE SPOTS",10,2010-02-23 14:16:00,0.85,14112.0,United Kingdom
556954,21485,RETROSPOT HEART HOT WATER BOTTLE,3,2011-06-16 08:38:00,4.95,15585.0,United Kingdom
574777,21811,HANGING HEART WITH BELL,48,2011-11-07 10:23:00,0.39,17761.0,United Kingdom
518477,21977,PACK OF 60 PINK PAISLEY CAKE CASES,4,2010-08-09 12:05:00,0.55,15013.0,United Kingdom
525576,21166,COOK WITH WINE METAL SIGN ,12,2010-10-06 10:40:00,1.95,13012.0,United Kingdom
498594,48185,DOOR MAT FAIRY CAKE,1,2010-02-21 15:48:00,7.49,16797.0,United Kingdom
493825,85161,ACRYLIC GEOMETRIC LAMP,2,2010-01-07 13:07:00,18.95,16888.0,United Kingdom
536477,21137,BLACK RECORD COVER FRAME,480,2010-12-01 12:27:00,3.39,16210.0,United Kingdom
503524,48195,,6,2010-04-01 13:11:00,0.0,,United Kingdom
549128,22995,TRAVEL CARD WALLET SUKI,36,2011-04-06 14:25:00,0.42,16713.0,United Kingdom
547035,22464,HANGING METAL HEART LANTERN,12,2011-03-20 10:33:00,1.65,13911.0,United Kingdom
575607,84992,72 SWEETHEART FAIRY CAKE CASES,1,2011-11-10 12:37:00,1.25,14096.0,United Kingdom
546856,22524,CHILDRENS GARDEN GLOVES BLUE,10,2011-03-17 14:12:00,1.25,15433.0,United Kingdom
494028,37501,TEA TIME TEA SET IN GIFT BOX,3,2010-01-11 10:15:00,6.95,17113.0,United Kingdom
511452,22558,CLOTHES PEGS RETROSPOT PACK 24 ,3,2010-06-08 12:44:00,2.51,,United Kingdom
576837,21876,POTTERING MUG,3,2011-11-16 15:16:00,3.29,,United Kingdom
531350,22693,GROW A FLYTRAP OR SUNFLOWER IN TIN,24,2010-11-07 13:31:00,1.25,12748.0,United Kingdom
556023,85099C,JUMBO  BAG BAROQUE BLACK WHITE,4,2011-06-08 12:21:00,2.08,14527.0,United Kingdom
558372,23199,JUMBO BAG APPLES,3,2011-06-28 15:47:00,2.08,16200.0,United Kingdom
554103,22551,PLASTERS IN TIN SPACEBOY,4,2011-05-22 13:51:00,1.65,15555.0,United Kingdom
578347,23370,SET 36 COLOURING PENCILS DOILY,4,2011-11-24 09:26:00,2.46,,United Kingdom
567375,82494L,WOODEN FRAME ANTIQUE WHITE ,12,2011-09-20 09:45:00,2.95,14766.0,United Kingdom
540551,21270,ANTIQUE CREAM CUTLERY CUPBOARD,1,2011-01-10 09:43:00,8.47,,United Kingdom
511307,21653,GLASS ETCHED T-LIGHT HOLDER LARGE,2,2010-06-07 16:01:00,2.1,13983.0,United Kingdom
512948,71477,COLOUR GLASS. STAR T-LIGHT HOLDER,3,2010-06-20 15:58:00,3.25,13230.0,United Kingdom
537237,21484,CHICK GREY HOT WATER BOTTLE,1,2010-12-06 09:58:00,7.62,,United Kingdom
579267,23200,JUMBO BAG PEARS,10,2011-11-29 09:42:00,2.08,14961.0,United Kingdom
501031,21488,RED WHITE SCARF  HOT WATER BOTTLE,4,2010-03-11 17:41:00,3.95,16718.0,United Kingdom
531728,22424,ENAMEL BREAD BIN CREAM,2,2010-11-09 12:07:00,12.75,16223.0,United Kingdom
530843,22764,"RUSTIC WOODEN CABINET, GLASS DOORS",2,2010-11-04 14:21:00,24.95,14895.0,United Kingdom
513975,22321,BIRD DECORATION RED SPOT,9,2010-06-29 16:43:00,0.85,13451.0,United Kingdom
580541,23166,MEDIUM CERAMIC TOP STORAGE JAR,12,2011-12-05 09:03:00,1.25,15358.0,United Kingdom
544754,85187,S/12 MINI RABBIT EASTER,6,2011-02-23 10:58:00,1.65,16394.0,United Kingdom
548191,22084,PAPER CHAIN KIT EMPIRE,5,2011-03-29 15:20:00,5.79,,United Kingdom
558700,22557,PLASTERS IN TIN VINTAGE PAISLEY ,1,2011-07-01 12:33:00,1.65,17920.0,United Kingdom
536763,79321,CHILLI LIGHTS,24,2010-12-02 14:42:00,4.25,17685.0,United Kingdom
523663,22689,DOORMAT MERRY CHRISTMAS RED ,2,2010-09-23 14:09:00,7.95,14857.0,United Kingdom
541421,22295,HEART FILIGREE DOVE LARGE,1,2011-01-17 17:44:00,3.29,,United Kingdom
523014,22659,LUNCH BOX I LOVE LONDON,5,2010-09-20 10:20:00,4.21,,United Kingdom
549595,22935,BAKING MOULD ROSE MILK CHOCOLATE,72,2011-04-11 10:59:00,2.75,13324.0,United Kingdom
543909,35915B,BLUE KNITTED HEN ,2,2011-02-14 12:32:00,0.83,,United Kingdom
555150,22467,GUMBALL COAT RACK,1,2011-05-31 15:53:00,4.96,,United Kingdom
511656,85123A,WHITE HANGING HEART T-LIGHT HOLDER,8,2010-06-09 14:13:00,5.91,,United Kingdom
520080,20685,DOORMAT RED SPOT,2,2010-08-24 10:18:00,7.49,13123.0,United Kingdom
562712,85049E,SCANDINAVIAN REDS RIBBONS,12,2011-08-08 15:00:00,1.25,13016.0,United Kingdom
572030,21907,I'M ON HOLIDAY METAL SIGN,12,2011-10-20 11:51:00,2.1,14923.0,United Kingdom
540255,22378,WALL TIDY RETROSPOT ,8,2011-01-05 16:50:00,1.66,,United Kingdom
513614,22649,STRAWBERRY FAIRY CAKE TEAPOT,1,2010-06-27 12:19:00,4.95,17618.0,United Kingdom
543242,21718,RED METAL BEACH SPADE ,8,2011-02-04 14:03:00,1.25,15090.0,United Kingdom
538853,20974,12 PENCILS SMALL TUBE SKULL,2,2010-12-14 13:35:00,0.65,16805.0,United Kingdom
503345,21666,RIDGED GLASS T-LIGHT HOLDER,30,2010-03-31 13:17:00,0.65,15800.0,United Kingdom
568324,23426,METAL SIGN DROP YOUR PANTS,6,2011-09-26 13:48:00,2.89,16778.0,United Kingdom
565915,23439,HAND WARMER RED LOVE HEART,5,2011-09-07 15:52:00,2.1,15752.0,United Kingdom
520020,82552,WASHROOM METAL SIGN,12,2010-08-23 12:06:00,1.25,14187.0,United Kingdom
569527,23431,NATURAL HANGING QUILTED HEARTS ,12,2011-10-04 14:53:00,0.83,12512.0,Israel
573151,23237,SET OF 4 KNICK KNACK TINS LEAF,1,2011-10-27 20:09:00,4.15,17602.0,United Kingdom
505717,21422,PORCELAIN ROSE SMALL,16,2010-04-25 13:20:00,0.85,17611.0,United Kingdom
517326,84971S,SMALL HEART FLOWERS HOOK ,10,2010-07-28 12:44:00,0.85,17682.0,United Kingdom
558096,22749,FELTCRAFT PRINCESS CHARLOTTE DOLL,1,2011-06-26 13:24:00,3.75,15532.0,United Kingdom
497909,84578,ELEPHANT TOY WITH BLUE T-SHIRT,1,2010-02-14 13:39:00,3.75,15272.0,United Kingdom
558610,23123,COCKTAIL SWORDS 50 PIECES,1,2011-06-30 15:33:00,0.83,,United Kingdom
571410,23355,HOT WATER BOTTLE KEEP CALM,4,2011-10-17 12:32:00,4.95,17527.0,United Kingdom
C544433,21232,STRAWBERRY CERAMIC TRINKET BOX,-1,2011-02-18 15:59:00,1.25,15601.0,United Kingdom
518411,21614,SET OF 12 ROSE BOTANICAL T-LIGHTS,2,2010-08-08 14:51:00,2.95,14575.0,United Kingdom
523344,21010,ETCHED GLASS BIRD TREE DECORATION,6,2010-09-21 15:51:00,1.25,13031.0,United Kingdom
526425,22189,CREAM HEART CARD HOLDER,4,2010-10-11 15:05:00,3.95,13113.0,United Kingdom
540456,21929,JUMBO BAG PINK VINTAGE PAISLEY,10,2011-01-07 12:14:00,1.95,13534.0,United Kingdom
497388,84192,ASSORTED COLOUR METAL CAT ,1,2010-02-09 12:23:00,1.25,15003.0,United Kingdom
489780,21243,PINK  SPOTTY PLATE ,8,2009-12-02 11:43:00,1.69,13654.0,United Kingdom
541423,21948,SET OF 6 CAKE CHOPSTICKS,2,2011-01-17 17:54:00,1.25,,United Kingdom
495020,21494,ROTATING LEAVES T-LIGHT HOLDER,12,2010-01-20 13:24:00,2.55,16200.0,United Kingdom
580115,20777,CHRYSANTHEMUM NOTEBOOK,1,2011-12-01 16:22:00,1.63,,United Kingdom
543022,22907,PACK OF 20 NAPKINS PANTRY DESIGN,3,2011-02-02 14:37:00,0.85,16771.0,United Kingdom
570244,23307,SET OF 60 PANTRY DESIGN CAKE CASES ,8,2011-10-09 16:05:00,0.55,14514.0,United Kingdom
534364,21559,STRAWBERRY LUNCH BOX WITH CUTLERY,12,2010-11-22 11:58:00,2.55,12681.0,France
498545,85206A,CREAM FELT EASTER EGG BASKET,1,2010-02-19 17:02:00,1.65,13191.0,United Kingdom
537240,22110,BIRD HOUSE HOT WATER BOTTLE,2,2010-12-06 10:08:00,7.62,,United Kingdom
521044,22689,DOORMAT MERRY CHRISTMAS RED ,2,2010-09-02 10:04:00,7.49,13916.0,United Kingdom
495360,21238,RED SPOTTY CUP,8,2010-01-24 12:05:00,0.85,12703.0,Germany
559311,21260,FIRST AID TIN,48,2011-07-07 13:35:00,2.75,14459.0,United Kingdom
538524,22379,RECYCLING BAG RETROSPOT ,8,2010-12-13 09:35:00,4.21,,United Kingdom
551137,84584,PINK GINGHAM CAT WITH SCARF,1,2011-04-26 13:05:00,2.55,15581.0,United Kingdom
492039,22114,HOT WATER BOTTLE TEA AND SYMPATHY,4,2009-12-15 12:32:00,3.95,17095.0,United Kingdom
555560,21558,SKULL LUNCH BOX WITH CUTLERY ,1,2011-06-05 14:20:00,2.55,17346.0,United Kingdom
510805,21992,VINTAGE PAISLEY STATIONERY SET,1,2010-06-03 19:01:00,2.95,16798.0,United Kingdom
541280,37450,CERAMIC CAKE BOWL + HANGING CAKES,6,2011-01-17 11:57:00,2.95,15296.0,United Kingdom
516265,21246,RED SPOTTY BIG BOWL,2,2010-07-19 12:07:00,4.95,16782.0,United Kingdom
558709,23102,SILVER HEARTS TABLE DECORATION,4,2011-07-01 13:02:00,0.83,17338.0,United Kingdom
565378,22727,ALARM CLOCK BAKELIKE RED ,3,2011-09-02 15:16:00,8.29,,United Kingdom
568134,22699,ROSES REGENCY TEACUP AND SAUCER ,6,2011-09-23 17:02:00,5.79,,United Kingdom
505724,90195A,PURPLE GEMSTONE BRACELET,2,2010-04-25 13:49:00,8.95,17550.0,United Kingdom
540551,22812,PACK 3 BOXES CHRISTMAS PANNETONE,1,2011-01-10 09:43:00,4.21,,United Kingdom
536385,22662,LUNCH BAG DOLLY GIRL DESIGN,10,2010-12-01 09:56:00,1.65,17420.0,United Kingdom
492414,20991,JAZZ HEARTS MAGNETIC MEMO PAD,1,2009-12-16 17:01:00,1.3,,United Kingdom
528954,21232,STRAWBERRY CERAMIC TRINKET BOX,72,2010-10-26 08:11:00,1.06,14156.0,EIRE
563534,84536B,FAIRY CAKES NOTEBOOK A7 SIZE,16,2011-08-17 11:37:00,0.42,14323.0,United Kingdom
510992,21164,HOME SWEET HOME METAL SIGN ,6,2010-06-04 13:22:00,2.95,17696.0,United Kingdom
575637,72351A,SET/6 TURQUOISE BUTTERFLY T-LIGHTS,3,2011-11-10 13:46:00,2.1,16904.0,United Kingdom
490534,20969,RED FLORAL FELTCRAFT SHOULDER BAG,1,2009-12-06 16:17:00,3.75,17530.0,United Kingdom
565598,47566,PARTY BUNTING,4,2011-09-05 14:30:00,4.95,14842.0,United Kingdom
532642,84988,SET OF 72 PINK HEART PAPER DOILIES,2,2010-11-12 17:00:00,2.98,,United Kingdom
559055,21204,DAISIES  HONEYCOMB GARLAND ,3,2011-07-05 17:09:00,1.63,,United Kingdom
560433,15036,ASSORTED COLOURS SILK FAN,5,2011-07-18 15:49:00,1.63,,United Kingdom
526183,22110,BIRD HOUSE HOT WATER BOTTLE,6,2010-10-10 11:53:00,2.55,14127.0,United Kingdom
558696,23208,LUNCH BAG VINTAGE LEAF DESIGN,10,2011-07-01 12:09:00,1.65,16746.0,United Kingdom
551174,17012D,ORIGAMI ROSE INCENSE/CANDLE SET ,1,2011-04-26 17:02:00,2.46,,United Kingdom
538648,21658,GLASS  BEURRE DISH,48,2010-12-13 14:56:00,3.39,17937.0,United Kingdom
530846,20774,GREEN FERN NOTEBOOK,6,2010-11-04 14:26:00,1.65,17977.0,United Kingdom
522166,35971,ROSE FOLKART HEART DECORATIONS,24,2010-09-13 11:20:00,1.25,17504.0,United Kingdom
512411,82580,BATHROOM METAL SIGN,150,2010-06-15 13:19:00,0.55,14156.0,EIRE
546949,84947,ANTIQUE SILVER TEA GLASS ENGRAVED,3,2011-03-18 11:22:00,1.25,,United Kingdom
569846,23203,JUMBO BAG DOILEY PATTERNS,10,2011-10-06 13:42:00,2.08,13422.0,United Kingdom
561191,21791,VINTAGE HEADS AND TAILS CARD GAME ,24,2011-07-25 13:42:00,1.25,15129.0,United Kingdom
517076,22713,CARD I LOVE LONDON ,3,2010-07-26 14:05:00,0.85,,United Kingdom
517457,22386,JUMBO BAG PINK WITH WHITE SPOTS,1,2010-07-29 11:23:00,1.95,16883.0,United Kingdom
545302,79403,FROSTED WHITE BASE ,10,2011-03-01 12:46:00,0.85,14506.0,United Kingdom
553035,22948,METAL DECORATION NAUGHTY CHILDREN ,2,2011-05-12 20:13:00,0.85,17337.0,United Kingdom
524438,21116,OWL DOORSTOP,3,2010-09-29 10:57:00,4.95,18044.0,United Kingdom
504064,85152,HAND OVER THE CHOCOLATE   SIGN ,2,2010-04-09 12:33:00,2.1,17289.0,United Kingdom
524111,22909,SET OF 20 VINTAGE CHRISTMAS NAPKINS,36,2010-09-27 13:22:00,0.85,12471.0,Germany
574826,85049G,CHOCOLATE BOX RIBBONS ,3,2011-11-07 10:58:00,1.25,15870.0,United Kingdom
569220,21200,MULTICOLOUR HONEYCOMB PAPER GARLAND,2,2011-10-02 13:26:00,1.65,16007.0,United Kingdom
537643,84915,HAND TOWEL PINK FLOWER AND DAISY,2,2010-12-07 15:34:00,11.87,,United Kingdom
530646,22158,3 HEARTS HANGING DECORATION RUSTIC,24,2010-11-04 08:37:00,2.95,15270.0,United Kingdom
563346,47503A,ASS FLORAL PRINT MULTI SCREWDRIVER,24,2011-08-15 13:37:00,0.42,14282.0,United Kingdom
511105,21244,BLUE  SPOTTY PLATE ,8,2010-06-07 09:37:00,1.69,13815.0,Germany
574734,21485,RETROSPOT HEART HOT WATER BOTTLE,1,2011-11-06 15:20:00,4.95,15025.0,United Kingdom
533790,21213,PACK OF 72 SKULL CAKE CASES,24,2010-11-18 17:35:00,0.55,13329.0,United Kingdom
493079,72772,SET/4 SCENTED CANDLES IN RAMEKINS,3,2009-12-22 09:52:00,7.78,,United Kingdom
527889,22639,SET OF 4 NAPKIN CHARMS HEARTS,6,2010-10-19 12:14:00,2.55,14911.0,EIRE
551398,84987,SET OF 36 TEATIME PAPER DOILIES,12,2011-04-28 13:09:00,1.45,12417.0,Spain
516720,21539,RED RETROSPOT BUTTER DISH,1,2010-07-22 12:28:00,10.17,,United Kingdom
541112,21479,WHITE SKULL HOT WATER BOTTLE ,4,2011-01-13 15:17:00,3.75,18085.0,United Kingdom
527514,85049D,BRIGHT BLUES RIBBONS ,2,2010-10-18 12:58:00,1.25,16017.0,United Kingdom
562711,21929,JUMBO BAG PINK VINTAGE PAISLEY,1,2011-08-08 14:53:00,2.08,16788.0,United Kingdom
558501,82484,WOOD BLACK BOARD ANT WHITE FINISH,2,2011-06-30 10:19:00,7.95,13871.0,United Kingdom
491969,84950,ASSORTED COLOUR T-LIGHT HOLDER,1,2009-12-14 17:57:00,10.39,,United Kingdom
533771,22795,SWEETHEART RECIPE BOOK STAND,2,2010-11-18 15:34:00,6.75,17315.0,United Kingdom
547367,22099,CARAVAN SQUARE TISSUE BOX,1,2011-03-22 13:11:00,1.25,15437.0,United Kingdom
543174,21790,VINTAGE SNAP CARDS,12,2011-02-04 09:34:00,0.85,16938.0,United Kingdom
554520,22995,TRAVEL CARD WALLET SUKI,1,2011-05-24 17:03:00,0.42,17841.0,United Kingdom
577749,20982,12 PENCILS TALL TUBE SKULLS,24,2011-11-21 14:26:00,0.85,16242.0,United Kingdom
511545,47599B,BLUE PARTY BAGS ,6,2010-06-09 08:02:00,2.1,15179.0,United Kingdom
524332,22894,TABLECLOTH RED APPLES DESIGN ,4,2010-09-28 15:26:00,8.5,14489.0,United Kingdom
526513,82600,NO SINGING METAL SIGN,2,2010-10-12 11:04:00,2.1,15039.0,United Kingdom
516309,21095,SET/6 POSIES PAPER PLATES,12,2010-07-19 14:09:00,0.85,14426.0,United Kingdom
C502332,21662,VINTAGE GLASS COFFEE CADDY,-1,2010-03-24 10:42:00,5.95,14911.0,EIRE
499236,21738,COSY SLIPPER SHOES SMALL  RED ,1,2010-02-25 13:17:00,2.95,13240.0,United Kingdom
571909,16008,SMALL FOLDING SCISSOR(POINTED EDGE),6,2011-10-19 15:08:00,0.12,15006.0,United Kingdom
550496,22961,JAM MAKING SET PRINTED,1,2011-04-18 15:05:00,1.45,,United Kingdom
524328,90068,"RUBY GLASS NECKLACE 42""",1,2010-09-28 15:09:00,7.5,,United Kingdom
575875,22539,MINI JIGSAW DOLLY GIRL,2,2011-11-11 13:06:00,0.83,,United Kingdom
528079,20931,BLUE POT PLANT CANDLE ,2,2010-10-20 12:47:00,3.75,15501.0,United Kingdom
565443,22554,PLASTERS IN TIN WOODLAND ANIMALS,12,2011-09-04 14:22:00,1.65,12567.0,France
559337,22247,BUNNY DECORATION MAGIC GARDEN,1,2011-07-07 16:27:00,0.83,,United Kingdom
574561,22630,DOLLY GIRL LUNCH BOX,2,2011-11-04 15:52:00,4.13,,United Kingdom
574550,82494L,WOODEN FRAME ANTIQUE WHITE ,6,2011-11-04 15:18:00,2.95,12484.0,Spain
506812,21992,VINTAGE PAISLEY STATIONERY SET,1,2010-05-04 12:30:00,2.95,14988.0,United Kingdom
563565,21706,FOLDING UMBRELLA RED/WHITE POLKADOT,2,2011-08-17 14:22:00,4.95,17338.0,United Kingdom
C520053,21231,SWEETHEART CERAMIC TRINKET BOX,-6,2010-08-23 14:58:00,1.06,13798.0,United Kingdom
573901,15036,ASSORTED COLOURS SILK FAN,24,2011-11-01 14:49:00,0.83,14191.0,United Kingdom
555001,84946,ANTIQUE SILVER T-LIGHT GLASS,72,2011-05-31 08:32:00,1.06,16566.0,United Kingdom
541224,22636,CHILDS BREAKFAST SET CIRCUS PARADE,4,2011-01-14 14:45:00,8.5,12474.0,Germany
501658,22342,HOME GARLAND PAINTED ZINC ,1,2010-03-18 13:16:00,1.65,15496.0,United Kingdom
547387,22926,IVORY GIANT GARDEN THERMOMETER,2,2011-03-22 16:00:00,5.95,12539.0,Spain
C543760,37449,CERAMIC CAKE STAND + HANGING CAKES,-4,2011-02-11 15:12:00,8.5,15638.0,United Kingdom
555249,23167,SMALL CERAMIC TOP STORAGE JAR ,18,2011-06-01 14:57:00,0.83,17472.0,United Kingdom
569246,23167,SMALL CERAMIC TOP STORAGE JAR ,1,2011-10-03 09:57:00,1.63,14096.0,United Kingdom
559865,21497,FANCY FONTS BIRTHDAY WRAP,25,2011-07-13 10:39:00,0.42,14409.0,United Kingdom
531382,48194,DOORMAT HEARTS,1,2010-11-07 16:29:00,7.95,16549.0,United Kingdom
514530,71053,WHITE METAL LANTERN,12,2010-07-05 09:59:00,3.39,17850.0,United Kingdom
524628,21977,PACK OF 60 PINK PAISLEY CAKE CASES,2,2010-09-30 10:56:00,0.55,14796.0,United Kingdom
564838,22445,PENCIL CASE LIFE IS BEAUTIFUL,1,2011-08-30 12:43:00,5.79,,United Kingdom
524105,22739,RIBBON REEL CHRISTMAS SOCK BAUBLE,1,2010-09-27 12:50:00,1.65,17081.0,United Kingdom
544323,20685,DOORMAT RED RETROSPOT,1,2011-02-17 15:51:00,14.13,,United Kingdom
575848,22865,HAND WARMER OWL DESIGN,3,2011-11-11 12:10:00,2.1,14178.0,United Kingdom
550203,21430,SET/3 RED GINGHAM ROSE STORAGE BOX,1,2011-04-15 10:37:00,7.46,,United Kingdom
575138,85127,SMALL SQUARE CUT GLASS CANDLESTICK,2,2011-11-08 15:24:00,9.96,,United Kingdom
542526,21900,"KEY FOB , SHED",10,2011-01-28 12:43:00,0.65,14659.0,United Kingdom
538566,90062,CARNIVAL BRACELET,1,2010-12-13 11:21:00,12.75,,United Kingdom
539753,20931,BLUE POT PLANT CANDLE ,1,2010-12-21 15:48:00,3.75,,United Kingdom
575060,23206,LUNCH BAG APPLE DESIGN,10,2011-11-08 12:29:00,1.65,13089.0,United Kingdom
560222,22691,DOORMAT WELCOME SUNRISE,2,2011-07-15 15:28:00,7.95,14293.0,United Kingdom
530437,20906,VINTAGE NOTEBOOK BEAUTY GIRL,1,2010-11-03 11:13:00,2.95,15915.0,United Kingdom
567670,17012D,ORIGAMI ROSE INCENSE/CANDLE SET ,1,2011-09-21 15:32:00,2.46,,United Kingdom
528505,22652,TRAVEL SEWING KIT,10,2010-10-22 12:26:00,1.65,17428.0,United Kingdom
497374,20724,RED SPOTTY CHARLOTTE BAG,10,2010-02-09 10:49:00,0.85,12645.0,Germany
530303,22086,PAPER CHAIN KIT 50'S CHRISTMAS ,4,2010-11-02 13:12:00,2.95,15950.0,United Kingdom
522426,22629,SPACEBOY LUNCH BOX ,2,2010-09-14 13:16:00,1.95,17861.0,United Kingdom
516322,85150,LADIES & GENTLEMEN METAL SIGN,3,2010-07-19 15:17:00,2.55,17320.0,United Kingdom
572231,22569,FELTCRAFT CUSHION BUTTERFLY,4,2011-10-21 14:41:00,3.75,13974.0,United Kingdom
506962,84837,WHITE SWEETHEARTS CABINET 4 DRAWERS,1,2010-05-05 12:26:00,12.75,14936.0,Channel Islands
569898,22995,TRAVEL CARD WALLET SUKI,1,2011-10-06 16:08:00,0.83,,United Kingdom
520884,72349B,SET/6 PURPLE BUTTERFLY T-LIGHTS,2,2010-08-31 16:11:00,2.1,16919.0,United Kingdom
493982,84032B,CHARLIE + LOLA RED HOT WATER BOTTLE,3,2010-01-10 12:13:00,2.95,18231.0,United Kingdom
520092,85014A,BLACK/BLUE DOTS RUFFLED UMBRELLA,24,2010-08-24 11:37:00,5.95,13767.0,United Kingdom
577358,23426,METAL SIGN DROP YOUR PANTS,1,2011-11-18 15:59:00,5.79,,United Kingdom
562881,21877,HOME SWEET HOME MUG,12,2011-08-10 10:57:00,1.25,15632.0,United Kingdom
553007,79000,MOROCCAN TEA GLASS,144,2011-05-12 16:50:00,0.65,14000.0,United Kingdom
555510,90200A,PURPLE SWEETHEART BRACELET,1,2011-06-03 17:09:00,4.15,,United Kingdom
C491820,21547,CERAMIC BIRDHOUSE CRESTED TIT SMALL,-2,2009-12-14 13:49:00,2.95,15015.0,United Kingdom
566950,21930,JUMBO STORAGE BAG SKULLS,10,2011-09-15 16:34:00,2.08,17594.0,United Kingdom
528304,22075,6 RIBBONS ELEGANT CHRISTMAS ,24,2010-10-21 12:05:00,1.65,16550.0,United Kingdom
500168,21232,STRAWBERRY CERAMIC TRINKET BOX,12,2010-03-05 09:39:00,1.25,13476.0,United Kingdom
569220,23301,GARDENERS KNEELING PAD KEEP CALM ,3,2011-10-02 13:26:00,1.65,16007.0,United Kingdom
498107,48194,DOOR MAT HEARTS,2,2010-02-16 13:57:00,7.49,15078.0,United Kingdom
527157,21174,POTTERING IN THE SHED METAL SIGN,2,2010-10-15 11:25:00,4.21,,United Kingdom
521159,22384,LUNCH BAG PINK RETROSPOT,10,2010-09-02 13:57:00,1.65,16779.0,United Kingdom
522987,22113,GREY HEART HOT WATER BOTTLE,3,2010-09-19 14:51:00,3.75,17625.0,United Kingdom
570479,84997D,CHILDRENS CUTLERY POLKADOT PINK,5,2011-10-10 16:58:00,4.15,17589.0,United Kingdom
559460,23209,LUNCH BAG DOILEY PATTERN ,10,2011-07-08 13:00:00,1.65,13862.0,United Kingdom
551218,22980,PANTRY SCRUBBING BRUSH,8,2011-04-27 11:41:00,1.65,18077.0,United Kingdom
572763,23294,SET OF 6 SNACK LOAF BAKING CASES,8,2011-10-26 09:54:00,0.83,12812.0,Japan
537434,21379,CAMPHOR WOOD PORTOBELLO MUSHROOM,2,2010-12-06 16:57:00,2.51,,United Kingdom
504553,37503,TEA TIME CAKE STAND IN GIFT BOX,2,2010-04-14 13:29:00,10.75,16292.0,United Kingdom
577155,85048,15CM CHRISTMAS GLASS BALL 20 LIGHTS,2,2011-11-18 09:56:00,7.95,13050.0,United Kingdom
503606,85049B,LUSH GREENS RIBBONS,12,2010-04-06 09:56:00,1.25,17416.0,United Kingdom
525919,22301,COFFEE MUG CAT + BIRD DESIGN,6,2010-10-07 16:28:00,2.55,13280.0,United Kingdom
575508,21485,RETROSPOT HEART HOT WATER BOTTLE,48,2011-11-10 10:32:00,4.25,14646.0,Netherlands
524857,22645,CERAMIC HEART FAIRY CAKE MONEY BANK,2,2010-09-30 19:45:00,1.45,13230.0,United Kingdom
506222,22077,6 RIBBONS RUSTIC CHARM,1,2010-04-28 11:52:00,1.65,18135.0,United Kingdom
501711,22197,SMALL POPCORN HOLDER,24,2010-03-19 10:11:00,0.85,17930.0,United Kingdom
538146,21527,RED RETROSPOT TRADITIONAL TEAPOT ,2,2010-12-09 16:10:00,7.95,15596.0,United Kingdom
562219,20768,GREEN FERN JOURNAL ,6,2011-08-03 14:14:00,2.55,15089.0,United Kingdom
549272,47566,PARTY BUNTING,50,2011-04-07 12:59:00,4.15,17133.0,United Kingdom
550470,35911A,MULTICOLOUR RABBIT EGG WARMER,1,2011-04-18 13:49:00,0.83,,United Kingdom
574681,23570,TRADITIONAL PICK UP STICKS GAME ,12,2011-11-06 12:41:00,1.25,15156.0,United Kingdom
568160,22578,WOODEN STAR CHRISTMAS SCANDINAVIAN,24,2011-09-25 12:25:00,0.29,17498.0,United Kingdom
573311,21340,CLASSIC METAL BIRDCAGE PLANT HOLDER,1,2011-10-28 16:45:00,12.75,14071.0,United Kingdom
513308,22355,CHARLOTTE BAG SUKI DESIGN,1,2010-06-23 14:49:00,1.66,,United Kingdom
493759,16207B,PINK HEART RED HANDBAG,3,2010-01-06 13:56:00,2.95,17965.0,United Kingdom
568517,21172,PARTY METAL SIGN ,3,2011-09-27 12:52:00,1.45,14456.0,United Kingdom
540550,47594B,SCOTTIES DESIGN WASHBAG,6,2011-01-10 09:11:00,1.95,12539.0,Spain
541789,22113,GREY HEART HOT WATER BOTTLE,16,2011-01-21 13:07:00,3.39,14088.0,United Kingdom
535576,22847,BREAD BIN DINER STYLE IVORY,2,2010-11-26 15:37:00,16.95,12865.0,Austria
564631,21096,SET/6 FRUIT SALAD  PAPER PLATES,12,2011-08-26 11:54:00,0.39,17451.0,United Kingdom
566281,23092,LARGE ANTIQUE WHITE PHOTO FRAME,4,2011-09-11 14:15:00,7.9,12748.0,United Kingdom
525728,22731,3D CHRISTMAS STAMPS STICKERS ,18,2010-10-06 15:34:00,1.25,16873.0,United Kingdom
576339,22651,GENTLEMAN SHIRT REPAIR KIT ,2,2011-11-14 15:27:00,1.63,14096.0,United Kingdom
533948,22661,CHARLOTTE BAG DOLLY GIRL DESIGN,1,2010-11-19 12:09:00,0.85,17346.0,United Kingdom
513555,22646,CERAMIC STRAWBERRY CAKE MONEY BANK,4,2010-06-25 13:17:00,1.45,13291.0,United Kingdom
567126,20676,RED RETROSPOT BOWL,5,2011-09-16 13:53:00,1.25,17238.0,United Kingdom
536865,22136,LOVE HEART SOCK HANGER,1,2010-12-03 11:28:00,3.36,,United Kingdom
577606,22784,LANTERN CREAM GAZEBO ,3,2011-11-21 09:11:00,4.95,12462.0,Spain
514866,21153,RED SPOTTY TABLECLOTH ,12,2010-07-07 09:42:00,10.65,14016.0,EIRE
513080,16156N,"WRAP, FRIENDSHIP ON GREEN",25,2010-06-21 14:25:00,0.42,13982.0,United Kingdom
525204,22950,36 DOILIES VINTAGE CHRISTMAS,24,2010-10-04 12:37:00,1.45,13360.0,United Kingdom
523615,84879,ASSORTED COLOUR BIRD ORNAMENT,48,2010-09-23 10:51:00,1.69,13107.0,United Kingdom
550134,21977,PACK OF 60 PINK PAISLEY CAKE CASES,24,2011-04-14 13:50:00,0.55,16249.0,United Kingdom
492437,79328,BLUE FLOCK GLASS CANDLEHOLDER,48,2009-12-17 10:27:00,0.38,13269.0,United Kingdom
508483,72351A,SET/6 TURQUOISE BUTTERFLY T-LIGHTS,1,2010-05-16 12:51:00,2.1,17841.0,United Kingdom
530391,21843,RED RETROSPOT CAKE STAND,8,2010-11-02 17:12:00,10.95,16705.0,United Kingdom
495369,21232,STRAWBERRY CERAMIC TRINKET BOX,4,2010-01-24 12:31:00,1.25,13527.0,United Kingdom
570293,21381,MINI WOODEN HAPPY BIRTHDAY GARLAND,12,2011-10-10 12:00:00,1.69,14128.0,United Kingdom
501813,79190A,RETRO PLASTIC 70'S TRAY,15,2010-03-19 14:47:00,0.42,12418.0,Switzerland
535953,21242,RED RETROSPOT PLATE ,1,2010-11-29 12:13:00,1.69,15039.0,United Kingdom
512401,22296,HEART IVORY TRELLIS LARGE,12,2010-06-15 12:41:00,1.65,13555.0,United Kingdom
500120,21212,PACK OF 72 RETRO SPOT CAKE CASES,120,2010-03-04 13:53:00,0.42,14135.0,United Kingdom
564760,20733,GOLD MINI TAPE MEASURE ,2,2011-08-30 10:47:00,0.83,,United Kingdom
541827,35648,VINTAGE BEAD PINK PURSE ,4,2011-01-21 17:05:00,1.63,,United Kingdom
521125,22384,LUNCH BAG PINK RETROSPOT,2,2010-09-02 12:22:00,1.65,16919.0,United Kingdom
575947,23301,GARDENERS KNEELING PAD KEEP CALM ,2,2011-11-13 11:50:00,3.29,,United Kingdom
577034,84859A,SILVER DISCO HANDBAG,1,2011-11-17 13:16:00,1.95,12847.0,United Kingdom
511051,21154,RED SPOTTY OVEN GLOVE ,1,2010-06-06 12:13:00,1.25,12911.0,United Kingdom
571082,20724,RED RETROSPOT CHARLOTTE BAG,4,2011-10-13 15:25:00,1.63,,United Kingdom
533006,22637,PIGGY BANK RETROSPOT ,4,2010-11-15 15:10:00,2.55,14157.0,United Kingdom
498911,85206B,PINK FELT EASTER EGG BASKET,3,2010-02-23 15:27:00,1.65,16702.0,United Kingdom
572755,23189,SET OF 12 FORK CANDLES,1,2011-10-25 17:31:00,2.89,13601.0,United Kingdom
581492,82582,AREA PATROLLED METAL SIGN,1,2011-12-09 10:03:00,4.13,,United Kingdom
489526,21844,RETRO SPOT MUG,6,2009-12-01 11:50:00,2.95,12533.0,Germany
568984,23410,CURIO CABINET LINEN AND LACE ,1,2011-09-29 15:57:00,8.15,17813.0,United Kingdom
501316,22089,PAPER BUNTING VINTAGE PAISLEY,6,2010-03-16 09:39:00,2.95,14669.0,United Kingdom
570521,22398,MAGNETS PACK OF 4 SWALLOWS,12,2011-10-11 10:43:00,0.39,12371.0,Switzerland
525453,22319,HAIRCLIPS FORTIES FABRIC ASSORTED,12,2010-10-05 14:14:00,0.65,14776.0,United Kingdom
577358,20764,ABSTRACT CIRCLES SKETCHBOOK ,1,2011-11-18 15:59:00,7.46,,United Kingdom
553718,22025,RING OF ROSES BIRTHDAY CARD,1,2011-05-18 16:14:00,0.83,,United Kingdom
563022,21707,FOLDING UMBRELLA BLACKBLUE POLKADOT,3,2011-08-11 13:34:00,4.95,17248.0,United Kingdom
575634,21485,RETROSPOT HEART HOT WATER BOTTLE,3,2011-11-10 13:44:00,4.95,13266.0,United Kingdom
570690,46776F,WOVEN ROSE GARDEN CUSHION COVER ,2,2011-10-11 16:37:00,4.13,,United Kingdom
574343,85054,FRENCH ENAMEL POT W LID,6,2011-11-04 10:11:00,2.95,12576.0,Poland
560035,21175,GIN + TONIC DIET METAL SIGN,12,2011-07-14 13:41:00,2.55,17706.0,United Kingdom
543022,21874,GIN AND TONIC MUG,1,2011-02-02 14:37:00,1.25,16771.0,United Kingdom
539958,21877,HOME SWEET HOME MUG,2,2010-12-23 13:26:00,3.36,,United Kingdom
519788,21260,FIRST AID TIN,6,2010-08-20 12:02:00,3.25,16525.0,United Kingdom
512306,84077,WORLD WAR 2 GLIDERS ASSTD DESIGNS,288,2010-06-14 16:25:00,0.18,15093.0,United Kingdom
562772,23241,TREASURE TIN GYMKHANA DESIGN,3,2011-08-09 12:07:00,2.08,13097.0,United Kingdom
518063,72131,COLUMBIAN CANDLE RECTANGLE,24,2010-08-04 12:38:00,0.38,14298.0,United Kingdom
503226,21379,CAMPHOR WOOD PORTOBELLO MUSHROOM,24,2010-03-30 16:40:00,0.42,13162.0,United Kingdom
560901,22423,REGENCY CAKESTAND 3 TIER,6,2011-07-21 17:39:00,12.75,12476.0,Germany
496946,22302,COFFEE MUG PEARS  DESIGN,6,2010-02-04 17:50:00,2.55,14307.0,United Kingdom
537641,22457,NATURAL SLATE HEART CHALKBOARD ,1,2010-12-07 15:32:00,5.91,,United Kingdom
574328,21506,"FANCY FONT BIRTHDAY CARD, ",12,2011-11-04 09:05:00,0.42,13081.0,United Kingdom
533959,22750,FELTCRAFT PRINCESS LOLA DOLL,4,2010-11-19 12:56:00,3.75,12921.0,United Kingdom
580043,23320,GIANT 50'S CHRISTMAS CRACKER,1,2011-12-01 12:25:00,2.89,14527.0,United Kingdom
533750,22910,PAPER CHAIN KIT VINTAGE CHRISTMAS,2,2010-11-18 14:17:00,2.95,15571.0,United Kingdom
574043,22720,SET OF 3 CAKE TINS PANTRY DESIGN ,4,2011-11-02 13:13:00,4.95,16367.0,United Kingdom
537638,20801,LARGE PINK GLASS SUNDAE DISH,2,2010-12-07 15:28:00,5.06,,United Kingdom
530355,84458,,-3,2010-11-02 15:51:00,0.0,,United Kingdom
573814,23206,LUNCH BAG APPLE DESIGN,4,2011-11-01 11:31:00,1.65,13268.0,United Kingdom
512282,22220,CAKE STAND LOVEBIRD 2 TIER WHITE,2,2010-06-14 14:06:00,9.95,14911.0,EIRE
533965,22064,PINK DOUGHNUT TRINKET POT ,1,2010-11-19 13:06:00,3.36,,United Kingdom
579293,23371,SET 36 COLOUR PENCILS SPACEBOY ,1,2011-11-29 11:22:00,1.25,14419.0,United Kingdom
531129,21055,TOOL BOX SOFT TOY ,2,2010-11-05 13:31:00,8.95,13836.0,United Kingdom
518769,22491,PACK OF 12 COLOURED PENCILS,1,2010-08-11 15:13:00,0.85,14736.0,United Kingdom
569927,22171,,9,2011-10-06 17:45:00,0.0,,United Kingdom
501832,22566,FELTCRAFT HAIRBAND PINK AND PURPLE,1,2010-03-19 16:43:00,1.66,,United Kingdom
544484,21584,RETROSPOT SMALL TUBE MATCHES,20,2011-02-21 11:10:00,1.65,15321.0,United Kingdom
522136,21258,VICTORIAN SEWING BOX LARGE,2,2010-09-13 10:28:00,25.49,,United Kingdom
532754,37351,ORANGE FLOWER MUG ,6,2010-11-14 13:33:00,1.25,17288.0,United Kingdom
516778,85216,ASSORTED CAKES FRIDGE MAGNETS,12,2010-07-22 19:56:00,0.65,17602.0,United Kingdom
495805,20981,12 PENCILS TALL TUBE WOODLAND,1,2010-01-26 17:51:00,1.66,,United Kingdom
513206,20725,LUNCH BAG RED SPOTTY,10,2010-06-23 09:30:00,1.65,16680.0,United Kingdom
492813,21218,RED SPOTTY BISCUIT TIN,6,2009-12-20 13:14:00,3.75,17920.0,United Kingdom
538069,21584,RETROSPOT SMALL TUBE MATCHES,3,2010-12-09 14:08:00,1.65,16795.0,United Kingdom
576508,21810,CHRISTMAS HANGING STAR WITH BELL,6,2011-11-15 12:02:00,0.39,17777.0,United Kingdom
574903,22187,GREEN CHRISTMAS TREE CARD HOLDER,12,2011-11-07 15:27:00,1.95,17302.0,United Kingdom
581146,22930,BAKING MOULD HEART MILK CHOCOLATE,3,2011-12-07 13:53:00,2.55,17602.0,United Kingdom
525221,21743,STAR PORTABLE TABLE LIGHT ,1,2010-10-04 12:51:00,5.91,,United Kingdom
542100,22146,EASTER CRAFT IVY WREATH WITH CHICK,1,2011-01-25 13:15:00,1.95,15339.0,United Kingdom
581574,23199,JUMBO BAG APPLES,10,2011-12-09 12:09:00,2.08,12526.0,Germany
578098,23439,HAND WARMER RED LOVE HEART,1,2011-11-22 17:32:00,2.1,12936.0,United Kingdom
509965,22381,TOY TIDY PINK RETROSPOT  ,10,2010-05-26 13:17:00,2.1,15078.0,United Kingdom
504831,21925,UNION STRIPE CUSHION COVER ,4,2010-04-16 13:35:00,1.25,17913.0,United Kingdom
500728,22027,TEA PARTY BIRTHDAY CARD,12,2010-03-09 15:56:00,0.42,16756.0,United Kingdom
570503,21892,TRADITIONAL WOODEN CATCH CUP GAME ,4,2011-10-11 09:26:00,1.25,17965.0,United Kingdom
578551,23378,PACK OF 12 50'S CHRISTMAS TISSUES,12,2011-11-24 15:05:00,0.39,12937.0,United Kingdom
554069,21340,CLASSIC METAL BIRDCAGE PLANT HOLDER,1,2011-05-22 10:57:00,12.75,15281.0,United Kingdom
497592,48138,DOOR MAT UNION FLAG,10,2010-02-11 08:51:00,6.35,17139.0,United Kingdom
541274,21672,WHITE SPOT RED CERAMIC DRAWER KNOB,12,2011-01-17 11:24:00,1.25,15696.0,United Kingdom
572219,23202,JUMBO BAG VINTAGE LEAF,2,2011-10-21 13:17:00,2.08,17463.0,United Kingdom
571293,23129,HEART SHAPED HOLLY WREATH,2,2011-10-16 15:56:00,4.15,13956.0,United Kingdom
557231,84031B,CHARLIE LOLA BLUE HOT WATER BOTTLE ,1,2011-06-17 14:09:00,9.13,,United Kingdom
558462,85099B,JUMBO BAG RED RETROSPOT,10,2011-06-29 15:11:00,2.08,13982.0,United Kingdom
492134,21704,BAG 250g SWIRLY MARBLES,2,2009-12-15 14:19:00,0.85,,United Kingdom
496677,21232,STRAWBERRY CERAMIC TRINKET BOX,2,2010-02-03 12:46:00,1.25,16081.0,United Kingdom
529325,21801,CHRISTMAS TREE DECORATION WITH BELL,8,2010-10-27 14:10:00,0.43,,United Kingdom
536088,22694,WICKER STAR ,4,2010-11-30 11:30:00,2.1,16782.0,United Kingdom
507253,22380,TOY TIDY SPACEBOY  ,100,2010-05-07 11:35:00,1.85,13694.0,United Kingdom
541422,22714,CARD BIRTHDAY COWBOY,1,2011-01-17 17:48:00,0.83,,United Kingdom
554089,22219,LOVEBIRD HANGING DECORATION WHITE ,8,2011-05-22 12:16:00,0.85,13527.0,United Kingdom
500869,21976,PACK OF 60 MUSHROOM CAKE CASES,3,2010-03-10 13:21:00,0.55,17220.0,United Kingdom
527944,22904,CALENDAR PAPER CUT DESIGN,6,2010-10-19 14:54:00,2.95,13510.0,United Kingdom
508470,21258,VICTORIAN SEWING BOX LARGE,1,2010-05-16 11:24:00,12.75,16922.0,United Kingdom
510543,22037,ROBOT BIRTHDAY CARD,12,2010-06-01 15:01:00,0.42,15858.0,United Kingdom
512733,21746,SMALL RED RETROSPOT WINDMILL,20,2010-06-17 13:48:00,2.51,,United Kingdom
525411,21929,JUMBO BAG PINK VINTAGE PAISLEY,10,2010-10-05 12:38:00,1.95,13238.0,United Kingdom
C537416,22840,ROUND CAKE TIN VINTAGE RED,-1,2010-12-06 15:10:00,7.95,16138.0,United Kingdom
550913,22568,FELTCRAFT CUSHION OWL,4,2011-04-21 13:22:00,3.75,17631.0,United Kingdom
566562,23128,FELTCRAFT BOY JEAN-PAUL KIT,1,2011-09-13 12:18:00,4.95,17365.0,United Kingdom
507698,22083,PAPER CHAIN KIT RETRO SPOT,6,2010-05-11 10:45:00,2.95,14426.0,United Kingdom
500874,22122,SET OF 2 FANCY FONT TEA TOWELS,1,2010-03-10 13:43:00,2.95,16719.0,United Kingdom
571851,22922,FRIDGE MAGNETS US DINER ASSORTED,24,2011-10-19 13:02:00,0.85,12596.0,Spain
510417,21385,IVORY HANGING DECORATION  HEART,4,2010-05-30 11:28:00,0.85,14546.0,United Kingdom
544681,15039,SANDALWOOD FAN,1,2011-02-22 16:28:00,1.63,,United Kingdom
514694,21790,VINTAGE SNAP CARDS,4,2010-07-05 14:58:00,0.85,17757.0,United Kingdom
505358,20961,STRAWBERRY BATH SPONGE ,2,2010-04-21 15:24:00,1.25,14605.0,United Kingdom
531843,84828,JUNGLE POPSICLES ICE LOLLY HOLDERS,2,2010-11-10 09:34:00,2.51,,United Kingdom
556487,21900,"KEY FOB , SHED",6,2011-06-12 13:51:00,0.65,17289.0,United Kingdom
541695,84012,MAGIC SHEEP WOOL GROWING FROM PAPER,4,2011-01-20 18:01:00,1.63,,United Kingdom
498360,84711B,PINK OVAL SHAPE TRINKET BOX,2,2010-02-18 13:29:00,9.95,12748.0,United Kingdom
509041,35095A,BLUE VICTORIAN FABRIC OVAL BOX,24,2010-05-20 10:04:00,0.42,14334.0,United Kingdom
493804,21916,SET 12 RETRO WHITE CHALK STICKS,24,2010-01-07 11:23:00,0.42,14626.0,United Kingdom
579399,84029G,KNITTED UNION FLAG HOT WATER BOTTLE,1,2011-11-29 12:09:00,4.25,13137.0,United Kingdom
576618,21820,GLITTER HEART GARLAND WITH BELLS ,1,2011-11-15 17:00:00,7.46,,United Kingdom
535415,21232,STRAWBERRY CERAMIC TRINKET BOX,72,2010-11-26 11:36:00,1.06,16779.0,United Kingdom
498725,20685,DOOR MAT RED SPOT,2,2010-02-22 15:12:00,7.49,14667.0,United Kingdom
550469,85123A,WHITE HANGING HEART T-LIGHT HOLDER,2,2011-04-18 13:46:00,2.95,16399.0,United Kingdom
576844,23327,HANGING CLEAR MINI BOTTLE,192,2011-11-16 15:33:00,0.55,16713.0,United Kingdom
538071,21741,COSY SLIPPER SHOES LARGE GREEN,1,2010-12-09 14:09:00,5.91,,United Kingdom
536805,20974,12 PENCILS SMALL TUBE SKULL,24,2010-12-02 16:38:00,0.65,14775.0,United Kingdom
514839,22454,MEASURING TAPE RUSSIAN DOLL RED,6,2010-07-06 14:46:00,2.95,16126.0,United Kingdom
536876,22381,TOY TIDY PINK POLKADOT,1,2010-12-03 11:36:00,4.21,,United Kingdom
529939,22117,METAL SIGN HER DINNER IS SERVED ,1,2010-10-31 14:50:00,2.95,14805.0,United Kingdom
506869,22363,GLASS JAR MARMALADE ,1,2010-05-04 15:45:00,5.91,,United Kingdom
510922,90102,,-57,2010-06-04 10:27:00,0.0,,United Kingdom
537372,22386,JUMBO BAG PINK POLKADOT,1,2010-12-06 12:52:00,1.95,16919.0,United Kingdom
494029,84879,ASSORTED COLOUR BIRD ORNAMENT,8,2010-01-11 10:24:00,1.69,12913.0,United Kingdom
514141,20703,BLUE PADDED SOFT MOBILE,2,2010-06-30 13:50:00,4.25,15581.0,United Kingdom
495184,21770,OPEN CLOSED METAL SIGN,1,2010-01-21 13:58:00,4.95,17841.0,United Kingdom
520685,21199,PINK  HEART CONFETTI IN TUBE,2,2010-08-27 15:49:00,3.36,,United Kingdom
536865,21948,SET OF 6 CAKE CHOPSTICKS,1,2010-12-03 11:28:00,2.51,,United Kingdom
536591,51014C,"FEATHER PEN,COAL BLACK",12,2010-12-01 16:57:00,0.85,14606.0,United Kingdom
543975,21166,COOK WITH WINE METAL SIGN ,2,2011-02-14 15:23:00,2.08,17231.0,United Kingdom
567477,21775,DECORATIVE FLORE BATHROOM BOTTLE,3,2011-09-20 13:20:00,1.25,16327.0,United Kingdom
489597,85033G,SET/6 GOLD REINDEER T-LIGHT CANDLES,4,2009-12-01 14:28:00,4.3,,United Kingdom
552493,21213,PACK OF 72 SKULL CAKE CASES,2,2011-05-09 16:21:00,1.25,,United Kingdom
578270,22422,TOOTHPASTE TUBE PEN,3,2011-11-23 13:39:00,1.25,14096.0,United Kingdom
526141,21844,RED RETROSPOT MUG,36,2010-10-08 14:44:00,2.55,13406.0,United Kingdom
527247,21928,JUMBO BAG SCANDINAVIAN PAISLEY,1,2010-10-15 12:22:00,1.95,15957.0,United Kingdom
510137,22090,PAPER BUNTING RETRO SPOTS,2,2010-05-27 12:21:00,2.95,17068.0,United Kingdom
540803,22966,GINGERBREAD MAN COOKIE CUTTER,5,2011-01-11 12:30:00,1.25,14669.0,United Kingdom
544161,84970S,HANGING HEART ZINC T-LIGHT HOLDER,12,2011-02-16 12:59:00,0.85,16875.0,United Kingdom
493393,20751,FUNKY WASHING UP GLOVES ASSORTED,12,2009-12-23 13:00:00,2.1,12539.0,Spain
508475,22088,PAPER BUNTING COLOURED LACE,1,2010-05-16 12:07:00,2.95,17848.0,United Kingdom
542647,22047,EMPIRE GIFT WRAP,25,2011-01-31 11:46:00,0.42,18245.0,United Kingdom
518389,22151,PLACE SETTING WHITE HEART,24,2010-08-08 12:21:00,0.42,15280.0,United Kingdom
508494,22384,LUNCH BAG PINK RETROSPOT,20,2010-05-16 13:49:00,1.65,12806.0,Netherlands
499297,21548,CERAMIC BIRDHOUSE FINCH BLUE ROOF,144,2010-02-25 20:16:00,2.0,18102.0,United Kingdom
494387,21396,RED SPOTTY EGG CUP ,2,2010-01-14 09:46:00,3.36,,United Kingdom
510498,21217,RED SPOTTY ROUND CAKE TINS,1,2010-06-01 12:42:00,9.95,14227.0,United Kingdom
490490,21161,KEEP OUT BOYS DOOR HANGER ,2,2009-12-06 13:10:00,1.45,14546.0,United Kingdom
500265,21773,DECORATIVE ROSE BATHROOM BOTTLE,1,2010-03-05 14:36:00,2.51,,United Kingdom
573248,23301,GARDENERS KNEELING PAD KEEP CALM ,4,2011-10-28 12:09:00,1.65,14498.0,United Kingdom
534037,21828,EIGHT PIECE SNAKE  SET,24,2010-11-19 15:55:00,1.25,16346.0,United Kingdom
562085,23126,FELTCRAFT GIRL AMELIE KIT,4,2011-08-02 12:27:00,4.95,15228.0,United Kingdom
547418,22283,6 EGG HOUSE PAINTED WOOD,2,2011-03-23 10:25:00,7.95,13148.0,United Kingdom
516371,85040B,SET/4 BLUE FLOWER CANDLES IN BOWL,3,2010-07-20 10:54:00,1.65,15002.0,United Kingdom
533348,22085,PAPER CHAIN KIT SKULLS ,1,2010-11-17 09:23:00,5.91,,United Kingdom
493573,20984,12 PENCILS TALL TUBE POSY,48,2010-01-05 10:18:00,0.19,18145.0,United Kingdom
544943,21584,RETROSPOT SMALL TUBE MATCHES,20,2011-02-25 10:39:00,1.65,15845.0,United Kingdom
545214,22151,PLACE SETTING WHITE HEART,24,2011-02-28 16:39:00,0.42,17165.0,United Kingdom
565840,22383,LUNCH BAG SUKI DESIGN ,1,2011-09-07 12:02:00,4.13,,United Kingdom
494336,21985,PACK OF 12 HEARTS DESIGN TISSUES ,48,2010-01-13 12:30:00,0.29,14137.0,United Kingdom
567665,22817,CARD SUKI BIRTHDAY,3,2011-09-21 15:22:00,0.42,,United Kingdom
521132,21232,STRAWBERRY CERAMIC TRINKET BOX,2,2010-09-02 12:53:00,1.25,14796.0,United Kingdom
529727,22293,"SPRING DEC , HANGING CHICK  GREEN",1,2010-10-29 14:12:00,2.98,,United Kingdom
563614,23353,6 GIFT TAGS VINTAGE CHRISTMAS ,216,2011-08-18 08:51:00,0.72,12415.0,Australia
537237,21147,JINGLE BELLS TREE DECORATION,1,2010-12-06 09:58:00,2.51,,United Kingdom
581020,23344,JUMBO BAG 50'S CHRISTMAS ,100,2011-12-07 10:12:00,1.79,17511.0,United Kingdom
493820,84578,ELEPHANT TOY WITH BLUE T-SHIRT,1,2010-01-07 12:37:00,3.75,13821.0,United Kingdom
500322,21441,BLUE BIRDHOUSE DECORATION,1,2010-03-07 12:06:00,0.85,16798.0,United Kingdom
574918,22367,CHILDRENS APRON SPACEBOY DESIGN,1,2011-11-07 16:31:00,1.95,,France
523304,20727,LUNCH BAG  BLACK SKULL.,2,2010-09-21 12:46:00,1.65,14688.0,United Kingdom
551414,71459,HANGING JAM JAR T-LIGHT HOLDER,12,2011-04-28 13:35:00,0.85,15622.0,United Kingdom
491123,22052,VINTAGE CARAVAN GIFT WRAP,25,2009-12-09 15:20:00,0.42,17043.0,United Kingdom
570521,23159,SET OF 5 PANCAKE DAY MAGNETS,12,2011-10-11 10:43:00,2.08,12371.0,Switzerland
537081,22940,FELTCRAFT CHRISTMAS FAIRY,16,2010-12-05 12:00:00,4.25,15332.0,Lithuania
511039,22501,PICNIC BASKET WICKER LARGE,1,2010-06-06 11:19:00,9.95,17589.0,United Kingdom
571269,22720,SET OF 3 CAKE TINS PANTRY DESIGN ,1,2011-10-16 12:09:00,4.95,16243.0,United Kingdom
537463,22037,ROBOT BIRTHDAY CARD,12,2010-12-07 10:08:00,0.42,12681.0,France
562046,23270,SET OF 2 CERAMIC PAINTED HEARTS ,12,2011-08-02 10:34:00,1.45,12378.0,Switzerland
552702,82583,HOT BATHS METAL SIGN,1,2011-05-10 16:00:00,4.13,,United Kingdom
540471,22028,PENNY FARTHING BIRTHDAY CARD,12,2011-01-07 14:21:00,0.42,15601.0,United Kingdom
562264,22627,MINT KITCHEN SCALES,1,2011-08-03 16:14:00,16.63,,United Kingdom
541712,21992,VINTAGE PAISLEY STATIONERY SET,1,2011-01-21 11:19:00,2.95,17890.0,United Kingdom
537202,22274,FELTCRAFT DOLL EMILY,1,2010-12-05 14:25:00,2.95,14506.0,United Kingdom
532083,22909,SET OF 20 VINTAGE CHRISTMAS NAPKINS,12,2010-11-10 15:16:00,0.85,13735.0,United Kingdom
504554,22315,200 RED + WHITE BENDY STRAWS,1,2010-04-14 13:35:00,1.25,16442.0,United Kingdom
489602,84854,GIRLY PINK TOOL SET,2,2009-12-01 14:45:00,8.65,,United Kingdom
576840,22659,LUNCH BOX I LOVE LONDON,1,2011-11-16 15:23:00,4.13,,United Kingdom
534371,22086,PAPER CHAIN KIT 50'S CHRISTMAS ,2,2010-11-22 12:10:00,2.95,15525.0,United Kingdom
540255,21051,RIBBONS PURSE ,3,2011-01-05 16:50:00,1.66,,United Kingdom
534155,22208,WOOD STAMP SET THANK YOU,4,2010-11-21 12:31:00,1.65,17618.0,United Kingdom
578045,21900,"KEY FOB , SHED",2,2011-11-22 14:43:00,0.65,17297.0,United Kingdom
C522473,21713,CITRONELLA CANDLE FLOWERPOT,-48,2010-09-15 10:40:00,1.85,16656.0,United Kingdom
575477,22174,PHOTO CUBE,4,2011-11-09 16:14:00,3.29,,United Kingdom
547102,21929,JUMBO BAG PINK VINTAGE PAISLEY,10,2011-03-21 10:41:00,1.95,14245.0,United Kingdom
540247,22669,RED BABY BUNTING ,5,2011-01-05 15:56:00,2.95,15464.0,United Kingdom
573343,90200D,PINK SWEETHEART BRACELET,1,2011-10-30 11:59:00,4.25,13566.0,United Kingdom
517761,22169,FAMILY ALBUM WHITE PICTURE FRAME,2,2010-08-02 11:07:00,8.5,13888.0,United Kingdom
512245,85226A,WHITE/BLUE PULL BACK RACING CAR,1,2010-06-14 12:39:00,0.55,15901.0,United Kingdom
550774,21212,PACK OF 72 RETROSPOT CAKE CASES,24,2011-04-20 13:18:00,0.55,14626.0,United Kingdom
560279,23082,SET 6 PAPER TABLE LANTERN HEARTS ,6,2011-07-17 15:47:00,3.75,14198.0,United Kingdom
542717,84879,ASSORTED COLOUR BIRD ORNAMENT,3,2011-01-31 14:07:00,1.69,17580.0,United Kingdom
549027,22728,ALARM CLOCK BAKELIKE PINK,500,2011-04-05 17:02:00,3.39,17857.0,United Kingdom
518579,21669,BLUE STRIPE CERAMIC DRAWER KNOB,2,2010-08-10 12:08:00,2.51,,United Kingdom
516333,16156S,WRAP PINK FAIRY CAKES ,25,2010-07-19 16:18:00,0.42,17188.0,United Kingdom
545215,22801,ANTIQUE GLASS PEDESTAL BOWL,1,2011-02-28 16:47:00,7.46,,United Kingdom
544459,21874,GIN AND TONIC MUG,12,2011-02-20 13:52:00,1.25,17838.0,United Kingdom
518432,21210,SET OF 72 RETRO SPOT PAPER  DOILIES,12,2010-08-09 11:06:00,1.45,14625.0,United Kingdom
548191,84596B,SMALL DOLLY MIX DESIGN ORANGE BOWL,2,2011-03-29 15:20:00,0.83,,United Kingdom
537240,22988,SOLDIERS EGG CUP ,4,2010-12-06 10:08:00,2.51,,United Kingdom
566408,22363,GLASS JAR MARMALADE ,1,2011-09-12 13:43:00,2.95,16984.0,United Kingdom
501960,21427,SKULLS STORAGE BOX SMALL,6,2010-03-22 12:10:00,2.1,14817.0,United Kingdom
538679,21034,REX CASH+CARRY JUMBO SHOPPER,2,2010-12-13 17:03:00,0.95,16455.0,United Kingdom
569417,85025B,EAU DE NILE HEART SHAPE PHOTO FRAME,24,2011-10-04 10:29:00,1.65,17629.0,United Kingdom
495393,21328,BALLOONS  WRITING SET ,1,2010-01-24 15:42:00,1.65,15483.0,United Kingdom
536592,10135,COLOURING PENCILS BROWN TUBE,1,2010-12-01 17:06:00,2.51,,United Kingdom
501157,22149,FELTCRAFT 6 FLOWER FRIENDS,6,2010-03-14 16:18:00,2.1,16686.0,United Kingdom
510434,85099C,JUMBO  BAG BAROQUE BLACK WHITE,1,2010-05-30 13:36:00,1.95,,United Kingdom
553751,21033,JUMBO BAG CHARLIE AND LOLA TOYS,10,2011-05-19 10:16:00,2.08,15630.0,United Kingdom
494784,21212,PACK OF 72 RETRO SPOT CAKE CASES,1,2010-01-18 13:20:00,1.28,,United Kingdom
518570,22336,DOVE DECORATION PAINTED ZINC ,3,2010-08-10 11:49:00,1.28,,United Kingdom
517817,85123A,WHITE HANGING HEART T-LIGHT HOLDER,96,2010-08-02 12:12:00,2.55,18087.0,United Kingdom
541268,22949,36 DOILIES DOLLY GIRL,2,2011-01-17 10:52:00,1.45,12872.0,United Kingdom
545901,21899,"KEY FOB , GARAGE DESIGN",6,2011-03-07 17:52:00,0.65,15834.0,United Kingdom
507708,22423,damaged,-90,2010-05-11 11:18:00,0.0,,United Kingdom
545685,22962,JAM JAR WITH PINK LID,1,2011-03-06 11:55:00,0.85,14499.0,United Kingdom
579471,82580,BATHROOM METAL SIGN,2,2011-11-29 15:08:00,1.25,,United Kingdom
490957,21257,VICTORIAN SEWING BOX MEDIUM,2,2009-12-08 15:12:00,7.95,15823.0,United Kingdom
511990,85014C,BLUE/BROWN DOTS RUFFLED UMBRELLA,1,2010-06-11 15:03:00,5.95,13601.0,United Kingdom
554511,20781,GOLD EAR MUFF HEADPHONES,1,2011-05-24 15:52:00,5.49,,United Kingdom
520973,22169,FAMILY ALBUM WHITE PICTURE FRAME,6,2010-09-01 12:45:00,8.5,14175.0,United Kingdom
569481,23424,GINGHAM RECIPE BOOK BOX,4,2011-10-04 12:43:00,4.95,15255.0,United Kingdom
513401,85099c,JUMBO  BAG BAROQUE BLACK WHITE,1,2010-06-24 11:50:00,5.06,,United Kingdom
565928,22960,JAM MAKING SET WITH JARS,6,2011-09-08 10:09:00,4.25,,EIRE
505981,21181,PLEASE ONE PERSON METAL SIGN,160,2010-04-27 09:30:00,1.49,18102.0,United Kingdom
520169,22378,WALL TIDY RETROSPOT ,5,2010-08-24 13:01:00,2.1,17649.0,United Kingdom
537196,22568,FELTCRAFT CUSHION OWL,2,2010-12-05 13:55:00,3.75,15426.0,United Kingdom
498594,21931,JUMBO STORAGE BAG SUKI,5,2010-02-21 15:48:00,1.95,16797.0,United Kingdom
C564138,21218,RED SPOTTY BISCUIT TIN,-3,2011-08-23 11:36:00,3.25,12753.0,Japan
568721,21824,PAINTED METAL STAR WITH HOLLY BELLS,1,2011-09-28 16:24:00,0.83,,United Kingdom
522739,20717,STRAWBERRY SHOPPER BAG,5,2010-09-16 13:06:00,1.25,14963.0,United Kingdom
551997,90038C,GLASS AND BEADS BRACELET IVORY,1,2011-05-05 15:47:00,3.73,,United Kingdom
555638,22919,HERB MARKER MINT,12,2011-06-06 12:51:00,0.65,15150.0,United Kingdom
501385,21240,BLUE  SPOTTY CUP,4,2010-03-16 11:08:00,0.85,17238.0,United Kingdom
500098,37492B,BLUE YELLOW FLOWER PIGGY BANK,1,2010-03-04 12:32:00,4.65,16771.0,United Kingdom
571508,22573,STAR WOODEN CHRISTMAS DECORATION,2,2011-10-17 15:27:00,1.63,,United Kingdom
C547889,21539,RED RETROSPOT BUTTER DISH,-2,2011-03-28 10:02:00,4.95,14410.0,United Kingdom
529810,22384,LUNCH BAG PINK POLKADOT,5,2010-10-31 11:01:00,1.65,16010.0,United Kingdom
497000,22178,VICTORIAN GLASS HANGING T-LIGHT,6,2010-02-05 11:41:00,1.25,13234.0,United Kingdom
577557,84879,ASSORTED COLOUR BIRD ORNAMENT,3,2011-11-20 15:36:00,1.69,15426.0,United Kingdom
562032,22727,ALARM CLOCK BAKELIKE RED ,8,2011-08-02 08:48:00,3.75,12347.0,Iceland
556082,22996,TRAVEL CARD WALLET VINTAGE TICKET,1,2011-06-08 15:22:00,0.83,,United Kingdom
508173,21733,RED HANGING HEART T-LIGHT HOLDER,4,2010-05-13 11:57:00,2.95,13888.0,United Kingdom
511791,22502,PICNIC BASKET WICKER SMALL,16,2010-06-10 13:59:00,3.75,14025.0,United Kingdom
510806,21533,RETRO SPOT LARGE MILK JUG,2,2010-06-03 19:05:00,4.95,17107.0,United Kingdom
535394,21791,VINTAGE HEADS AND TAILS CARD GAME ,12,2010-11-26 10:25:00,1.25,15347.0,United Kingdom
556503,22037,ROBOT BIRTHDAY CARD,12,2011-06-13 08:44:00,0.42,13517.0,United Kingdom
526174,22072,RED RETROSPOT TEA CUP AND SAUCER ,8,2010-10-10 11:16:00,3.75,12359.0,Cyprus
523971,22910,PAPER CHAIN KIT VINTAGE CHRISTMAS,4,2010-09-26 13:53:00,2.95,15967.0,United Kingdom
561642,84600,NEW BAROQUE JEWELLERY BOX ,1,2011-07-28 15:04:00,7.95,17965.0,United Kingdom
569897,23298,SPOTTY BUNTING,1,2011-10-06 16:01:00,4.95,17813.0,United Kingdom
506115,20707,CRAZY DAISY HEART DECORATION,12,2010-04-27 14:04:00,1.25,12392.0,Australia
513161,22386,JUMBO BAG PINK WITH WHITE SPOTS,10,2010-06-22 10:51:00,1.95,13510.0,United Kingdom
552232,22678,FRENCH BLUE METAL DOOR SIGN 3,1,2011-05-06 15:54:00,2.46,,United Kingdom
565141,20726,LUNCH BAG WOODLAND,1,2011-09-01 13:40:00,1.65,17841.0,United Kingdom
489525,85227,SET/6 3D KIT CARDS FOR KIDS,1,2009-12-01 11:49:00,0.85,,United Kingdom
523343,21847,GREEN  DIAMANTE PEN IN GIFT BOX,1,2010-09-21 15:46:00,4.21,,United Kingdom
580613,23424,GINGHAM RECIPE BOOK BOX,4,2011-12-05 12:03:00,4.95,14759.0,United Kingdom
499675,15056BL,EDWARDIAN PARASOL BLACK,12,2010-03-01 16:14:00,5.95,17241.0,United Kingdom
578995,21990,MODERN FLORAL STATIONERY SET,6,2011-11-27 15:59:00,1.25,15861.0,United Kingdom
502854,72349B,SET/6 PURPLE BUTTERFLY T-LIGHTS,1,2010-03-28 14:48:00,2.1,13684.0,United Kingdom
544352,22894,TABLECLOTH RED APPLES DESIGN ,2,2011-02-18 10:16:00,9.95,15290.0,United Kingdom
576837,35964,FOLKART CLIP ON STARS,14,2011-11-16 15:16:00,0.83,,United Kingdom
565919,22196,SMALL HEART MEASURING SPOONS,1,2011-09-07 16:48:00,1.63,,United Kingdom
577493,20724,RED RETROSPOT CHARLOTTE BAG,10,2011-11-20 12:13:00,0.85,17323.0,United Kingdom
489446,21733,RED HANGING HEART T-LIGHT HOLDER,32,2009-12-01 10:06:00,2.55,13758.0,United Kingdom
494214,20719,WOODLAND CHARLOTTE BAG,40,2010-01-12 11:45:00,0.85,12623.0,Germany
502279,22188,BLACK HEART CARD HOLDER,4,2010-03-23 16:39:00,3.95,15785.0,United Kingdom
498560,21034,REX CASH+CARRY JUMBO SHOPPER,2,2010-02-21 11:29:00,0.95,16335.0,United Kingdom
572318,23210,WHITE ROCKING HORSE HAND PAINTED,3,2011-10-23 16:19:00,1.25,15436.0,United Kingdom
564962,22720,SET OF 3 CAKE TINS PANTRY DESIGN ,1,2011-08-31 14:35:00,4.95,17777.0,United Kingdom
570187,23290,SPACEBOY CHILDRENS BOWL,1,2011-10-07 15:09:00,2.46,,United Kingdom
560103,21749,LARGE RED RETROSPOT WINDMILL,2,2011-07-14 18:44:00,2.1,17837.0,United Kingdom
571497,22469,HEART OF WICKER SMALL,24,2011-10-17 15:03:00,1.65,14841.0,United Kingdom
565239,22382,LUNCH BAG SPACEBOY DESIGN ,10,2011-09-02 09:51:00,1.65,12670.0,France
579555,23300,GARDENERS KNEELING PAD CUP OF TEA ,2,2011-11-30 11:08:00,1.65,16241.0,United Kingdom
551719,21929,JUMBO BAG PINK VINTAGE PAISLEY,4,2011-05-03 16:09:00,2.08,,United Kingdom
496333,20894,HANGING BAUBLE T-LIGHT HOLDER LARGE,1,2010-01-31 14:25:00,2.95,15338.0,United Kingdom
532969,21469,POLKA DOT RAFFIA FOOD COVER,2,2010-11-15 13:04:00,3.75,17992.0,United Kingdom
516485,21241,GREEN SPOTTY CUP,8,2010-07-21 09:46:00,0.85,12720.0,Germany
541422,22023,EMPIRE BIRTHDAY CARD,1,2011-01-17 17:48:00,0.83,,United Kingdom
523300,21824,PAINTED METAL STAR WITH HOLLY BELLS,2,2010-09-21 12:36:00,1.45,12748.0,United Kingdom
558417,82580,BATHROOM METAL SIGN,100,2011-06-29 10:50:00,0.55,14156.0,EIRE
573338,23490,T-LIGHT HOLDER HANGING LOVE BIRD,6,2011-10-30 11:47:00,3.75,14546.0,United Kingdom
537237,84031B,CHARLIE LOLA BLUE HOT WATER BOTTLE ,2,2010-12-06 09:58:00,4.21,,United Kingdom
536846,22667,RECIPE BOX RETROSPOT ,1,2010-12-02 19:59:00,2.95,14573.0,United Kingdom
506831,22318,FIVE HEART HANGING DECORATION,6,2010-05-04 13:31:00,2.95,16145.0,United Kingdom
523344,22835,HOT WATER BOTTLE I AM SO POORLY,2,2010-09-21 15:51:00,4.65,13031.0,United Kingdom
526214,22763,KEY CABINET MA CAMPAGNE,3,2010-10-10 14:17:00,9.95,12749.0,United Kingdom
576463,21793,CLASSIC FRENCH STYLE BASKET BROWN,1,2011-11-15 11:37:00,3.95,17974.0,United Kingdom
501624,21034,REX CASH+CARRY JUMBO SHOPPER,2,2010-03-18 11:39:00,0.95,14651.0,United Kingdom
546007,20724,RED RETROSPOT CHARLOTTE BAG,2,2011-03-08 15:34:00,1.63,,United Kingdom
543107,22402,MAGNETS PACK OF 4 VINTAGE COLLAGE,12,2011-02-03 12:27:00,1.25,13800.0,United Kingdom
563444,23146,TRIPLE HOOK ANTIQUE IVORY ROSE,2,2011-08-16 13:50:00,3.29,16033.0,United Kingdom
491957,22112,CHOCOLATE HOT WATER BOTTLE,10,2009-12-14 16:01:00,4.95,17866.0,United Kingdom
555499,21754,HOME BUILDING BLOCK WORD,1,2011-06-03 15:31:00,5.95,15812.0,United Kingdom
542893,22805,BLUE DRAWER KNOB ACRYLIC EDWARDIAN,12,2011-02-01 13:36:00,1.25,18202.0,United Kingdom
576617,22627,MINT KITCHEN SCALES,1,2011-11-15 16:57:00,16.63,,United Kingdom
497360,21223,SET/4 BADGES WOODLAND ANIMAL,10,2010-02-09 09:17:00,1.25,12437.0,France
517362,85136C,RED SHARK HELICOPTER,1,2010-07-28 16:39:00,7.95,17266.0,United Kingdom
571502,23144,ZINC T-LIGHT HOLDER STARS SMALL,24,2011-10-17 15:18:00,0.83,14422.0,United Kingdom
568593,22593,CHRISTMAS GINGHAM STAR,12,2011-09-28 10:54:00,0.85,13988.0,United Kingdom
547114,79321,CHILLI LIGHTS,1,2011-03-21 11:49:00,5.75,14688.0,United Kingdom
520727,22328,ROUND SNACK BOXES SET OF 4 FRUITS ,2,2010-08-29 15:45:00,2.95,16755.0,United Kingdom
499768,84927A,WAKE UP COCKEREL TILE HOOK,6,2010-03-02 13:20:00,2.1,13173.0,United Kingdom
519407,22331,WOODLAND PARTY BAG + STICKER SET,8,2010-08-17 09:47:00,1.65,15498.0,United Kingdom
566606,22114,HOT WATER BOTTLE TEA AND SYMPATHY,4,2011-09-13 16:33:00,4.25,15194.0,United Kingdom
519193,21930,JUMBO STORAGE BAG SKULLS,19,2010-08-13 17:00:00,5.06,,United Kingdom
571283,22961,JAM MAKING SET PRINTED,4,2011-10-16 13:51:00,1.45,16533.0,United Kingdom
577016,20717,STRAWBERRY SHOPPER BAG,6,2011-11-17 12:21:00,1.25,17095.0,United Kingdom
550439,35001G,HAND OPEN SHAPE GOLD,4,2011-04-18 12:17:00,4.25,18231.0,United Kingdom
515595,82552,WASHROOM METAL SIGN,12,2010-07-13 13:50:00,1.25,13089.0,United Kingdom
576597,23543,WALL ART KEEP CALM ,2,2011-11-15 14:57:00,8.25,14194.0,United Kingdom
566864,21166,COOK WITH WINE METAL SIGN ,3,2011-09-15 12:51:00,2.08,17786.0,United Kingdom
517978,22198,LARGE POPCORN HOLDER ,12,2010-08-03 14:38:00,1.65,16316.0,United Kingdom
515353,15060B,FAIRY CAKE DESIGN UMBRELLA,1,2010-07-12 10:54:00,8.47,,United Kingdom
528746,21870,I CAN ONLY PLEASE ONE PERSON MUG,12,2010-10-24 14:37:00,1.25,14243.0,United Kingdom
493204,84921,,5,2009-12-22 13:24:00,0.0,,United Kingdom
571033,21914,BLUE HARMONICA IN BOX ,12,2011-10-13 12:46:00,1.25,14251.0,United Kingdom
546774,22292,HANGING CHICK  YELLOW DECORATION,2,2011-03-16 15:45:00,1.45,14505.0,United Kingdom
569234,21975,PACK OF 60 DINOSAUR CAKE CASES,1,2011-10-02 15:33:00,0.55,17841.0,United Kingdom
577768,21680,WOODLAND  STICKERS,2,2011-11-21 15:18:00,1.63,,United Kingdom
514926,21328,BALLOONS  WRITING SET ,1,2010-07-07 11:20:00,3.36,,United Kingdom
529727,22942,CHRISTMAS LIGHTS 10 SANTAS ,1,2010-10-29 14:12:00,16.98,,United Kingdom
534754,22666,RECIPE BOX PANTRY YELLOW DESIGN,1,2010-11-24 10:02:00,5.91,,United Kingdom
566869,22989,SET 2 PANTRY DESIGN TEA TOWELS,6,2011-09-15 13:20:00,3.25,13658.0,United Kingdom
497681,84856S,SMALL TAHITI BEACH BAG,96,2010-02-11 14:59:00,3.81,13288.0,United Kingdom
506243,22525,CHILDRENS GARDEN GLOVES PINK,1,2010-04-28 13:18:00,1.25,,United Kingdom
501807,21839,MUMMY MOUSE RED GINGHAM RIBBON,2,2010-03-19 14:05:00,5.45,17799.0,United Kingdom
510049,21135,VICTORIAN  METAL POSTCARD SPRING,32,2010-05-27 09:08:00,1.69,18242.0,United Kingdom
520746,84997D,PINK 3 PIECE MINI DOTS CUTLERY SET,6,2010-08-31 10:52:00,3.75,14911.0,EIRE
560234,22919,HERB MARKER MINT,12,2011-07-17 11:21:00,0.65,16180.0,United Kingdom
515703,20914,SET/5 RED SPOTTY LID GLASS BOWLS,2,2010-07-14 12:29:00,2.95,14656.0,United Kingdom
553712,23111,PARISIENNE SEWING BOX,8,2011-05-18 15:41:00,10.4,13552.0,United Kingdom
558336,21793,CLASSIC FRENCH STYLE BASKET BROWN,8,2011-06-28 13:17:00,3.95,14364.0,United Kingdom
532159,20727,LUNCH BAG  BLACK SKULL.,10,2010-11-11 12:18:00,1.65,16945.0,United Kingdom
548486,22982,PANTRY PASTRY BRUSH,12,2011-03-31 12:51:00,1.25,12909.0,United Kingdom
577535,23553,LANDMARK FRAME CAMDEN TOWN ,2,2011-11-20 14:07:00,12.5,14071.0,United Kingdom
553141,84879,ASSORTED COLOUR BIRD ORNAMENT,1,2011-05-13 13:01:00,1.69,15907.0,United Kingdom
534887,22632,HAND WARMER RED RETROSPOT,1,2010-11-24 14:55:00,2.1,16903.0,United Kingdom
539480,22627,MINT KITCHEN SCALES,1,2010-12-19 15:23:00,8.5,,United Kingdom
514814,22353,LUNCH BOX WITH CUTLERY FAIRY CAKES ,6,2010-07-06 12:15:00,2.55,12402.0,Belgium
580771,22754,SMALL RED BABUSHKA NOTEBOOK ,2,2011-12-06 10:58:00,0.21,16015.0,United Kingdom
569246,22138,BAKING SET 9 PIECE RETROSPOT ,2,2011-10-03 09:57:00,10.79,14096.0,United Kingdom
557938,23148,MINIATURE ANTIQUE ROSE HOOK IVORY,1,2011-06-23 15:35:00,2.46,,United Kingdom
537823,21147,JINGLE BELLS TREE DECORATION,2,2010-12-08 14:25:00,2.51,,United Kingdom
539451,22654,DELUXE SEWING KIT ,1,2010-12-17 16:59:00,11.87,,United Kingdom
566612,22925,BLUE GIANT GARDEN THERMOMETER,8,2011-09-13 17:16:00,5.95,16229.0,United Kingdom
540352,20801,LARGE PINK GLASS SUNDAE DISH,4,2011-01-06 14:27:00,2.51,,United Kingdom
524957,22940,FELTCRAFT CHRISTMAS FAIRY,4,2010-10-01 13:27:00,4.25,13198.0,United Kingdom
546108,22431,WATERING CAN BLUE ELEPHANT,2,2011-03-09 12:35:00,1.95,15529.0,United Kingdom
574544,23006,TRAVEL CARD WALLET FLOWER MEADOW,48,2011-11-04 14:49:00,0.42,17084.0,United Kingdom
535250,22328,ROUND SNACK BOXES SET OF 4 FRUITS ,1,2010-11-25 12:56:00,2.95,15987.0,United Kingdom
534188,21445,12 PINK ROSE PEG PLACE SETTINGS,4,2010-11-21 14:13:00,1.25,17085.0,United Kingdom
527958,22086,PAPER CHAIN KIT 50'S CHRISTMAS ,3,2010-10-19 16:39:00,2.95,17576.0,United Kingdom
C528449,21839,MUMMY MOUSE RED GINGHAM RIBBON,-2,2010-10-22 11:12:00,5.45,13703.0,United Kingdom
532055,22467,GUMBALL COAT RACK,3,2010-11-10 14:26:00,2.55,15529.0,United Kingdom
551059,84279B,CHERRY BLOSSOM DECORATIVE FLASK,4,2011-04-26 12:08:00,3.75,13668.0,United Kingdom
494482,79323W, WHITE CHERRY LIGHTS,6,2010-01-14 16:24:00,6.75,13983.0,United Kingdom
528383,20975,12 PENCILS SMALL TUBE RED RETROSPOT,2,2010-10-21 18:21:00,0.65,14686.0,United Kingdom
558068,22175,PINK OWL SOFT TOY,1,2011-06-24 15:51:00,5.79,,United Kingdom
529676,21041,RED RETROSPOT OVEN GLOVE DOUBLE,6,2010-10-29 12:37:00,2.95,16858.0,United Kingdom
505367,47591D,PINK FAIRY CAKE CHILD'S APRON,8,2010-04-21 16:20:00,1.95,13963.0,United Kingdom
547385,22531,MAGIC DRAWING SLATE CIRCUS PARADE  ,1,2011-03-22 15:48:00,0.83,,United Kingdom
570657,22149,FELTCRAFT 6 FLOWER FRIENDS,6,2011-10-11 14:10:00,2.1,14911.0,EIRE
577077,23500,KEY RING BASEBALL BOOT ASSORTED ,20,2011-11-17 15:16:00,1.25,17799.0,United Kingdom
556484,23154,SET OF 4 JAM JAR MAGNETS,3,2011-06-12 13:17:00,2.08,16938.0,United Kingdom
494685,35923,CANDY HEART HANGING DECORATION,1,2010-01-18 11:39:00,2.51,,United Kingdom
534219,21819,GLITTER CHRISTMAS STAR ,1,2010-11-21 16:13:00,0.85,13230.0,United Kingdom
489548,21067,VINTAGE RED TEATIME MUG,6,2009-12-01 12:32:00,1.25,,United Kingdom
531247,22789,T-LIGHT HOLDER SWEETHEART HANGING,3,2010-11-07 10:57:00,1.95,16923.0,United Kingdom
496308,22267,EASTER DECORATION EGG BUNNY ,1,2010-01-31 11:54:00,1.25,17625.0,United Kingdom
535835,22037,ROBOT BIRTHDAY CARD,2,2010-11-29 09:46:00,0.85,,United Kingdom
505879,22508,DOORSTOP RETROSPOT HEART,1,2010-04-26 13:33:00,7.62,,United Kingdom
522327,20978,36 PENCILS TUBE SKULLS,8,2010-09-13 16:15:00,1.25,18069.0,United Kingdom
559821,47563A,RETRO LONGBOARD IRONING BOARD COVER,1,2011-07-12 17:09:00,1.25,16365.0,United Kingdom
573145,22109,FULL ENGLISH BREAKFAST PLATE,4,2011-10-27 18:02:00,3.75,18219.0,United Kingdom
537382,84625A,PINK NEW BAROQUECANDLESTICK CANDLE,4,2010-12-06 13:13:00,2.95,16710.0,United Kingdom
575631,23571,TRADITIONAL NAUGHTS & CROSSES,1,2011-11-10 13:41:00,1.65,15184.0,United Kingdom
553570,21907,I'M ON HOLIDAY METAL SIGN,12,2011-05-18 09:23:00,2.1,13756.0,United Kingdom
565859,21908,CHOCOLATE THIS WAY METAL SIGN,12,2011-09-07 14:40:00,2.1,16818.0,United Kingdom
498877,21181,PLEASE ONE PERSON METAL SIGN,3,2010-02-23 12:31:00,2.1,13052.0,United Kingdom
522464,17014A,ORIGAMI VANILLA INCENSE CONES,1,2010-09-14 17:50:00,3.36,,United Kingdom
537208,22915,ASSORTED BOTTLE TOP  MAGNETS ,6,2010-12-05 15:12:00,0.42,15889.0,United Kingdom
527021,20719,WOODLAND CHARLOTTE BAG,10,2010-10-14 11:52:00,0.85,14680.0,United Kingdom
551305,84792,ENCHANTED BIRD COATHANGER 5 HOOK,4,2011-04-27 14:58:00,4.65,16145.0,United Kingdom
571797,22666,RECIPE BOX PANTRY YELLOW DESIGN,1,2011-10-19 11:41:00,5.79,,United Kingdom
537237,21650,ASSORTED TUTTI FRUTTI BRACELET,1,2010-12-06 09:58:00,1.66,,United Kingdom
526177,35961,FOLKART ZINC HEART CHRISTMAS DEC,12,2010-10-10 11:33:00,0.85,15708.0,United Kingdom
564479,23206,LUNCH BAG APPLE DESIGN,10,2011-08-25 13:12:00,1.65,12682.0,France
538378,22834,HAND WARMER BABUSHKA DESIGN,7,2010-12-12 11:26:00,2.1,14577.0,United Kingdom
508654,84949,SILVER HANGING T-LIGHT HOLDER,6,2010-05-17 15:54:00,1.65,15296.0,United Kingdom
575851,23318,BOX OF 6 MINI VINTAGE CRACKERS,1,2011-11-11 12:13:00,2.49,14662.0,United Kingdom
528952,21472,LADYBIRD + BEE RAFFIA FOOD COVER,1,2010-10-25 16:57:00,7.62,,United Kingdom
539030,84949,SILVER HANGING T-LIGHT HOLDER,24,2010-12-15 14:25:00,1.65,13089.0,United Kingdom
570187,22677,FRENCH BLUE METAL DOOR SIGN 2,1,2011-10-07 15:09:00,2.46,,United Kingdom
571413,22117,METAL SIGN HER DINNER IS SERVED ,12,2011-10-17 12:33:00,2.95,13923.0,United Kingdom
C569128,22729,ALARM CLOCK BAKELIKE ORANGE,-1,2011-09-30 13:34:00,3.75,15034.0,United Kingdom
578065,84947,ANTIQUE SILVER TEA GLASS ENGRAVED,1,2011-11-22 15:41:00,2.46,,United Kingdom
572913,22621,TRADITIONAL KNITTING NANCY,4,2011-10-26 16:21:00,1.65,15993.0,United Kingdom
510658,21031,SPACE CADET BLACK,1,2010-06-02 14:22:00,1.25,,United Kingdom
573874,85099B,JUMBO BAG RED RETROSPOT,10,2011-11-01 12:45:00,2.08,13868.0,United Kingdom
554579,23206,LUNCH BAG APPLE DESIGN,10,2011-05-25 10:56:00,1.65,18229.0,United Kingdom
533288,21918,SET 12 KIDS COLOUR  CHALK STICKS,5,2010-11-16 15:34:00,0.42,13564.0,United Kingdom
546119,84536B,FAIRY CAKES NOTEBOOK A7 SIZE,16,2011-03-09 14:22:00,0.42,16945.0,United Kingdom
580983,22465,HANGING METAL STAR LANTERN,1,2011-12-06 16:26:00,3.29,,United Kingdom
490727,84947,ANTIQUE SILVER TEA GLASS ENGRAVED,6,2009-12-07 16:38:00,1.25,17231.0,United Kingdom
547552,84796a,PINK HAWAIIAN PICNIC HAMPER FOR 2,1,2011-03-23 15:55:00,8.29,,United Kingdom
536592,22580,ADVENT CALENDAR GINGHAM SACK,1,2010-12-01 17:06:00,11.87,,United Kingdom
520291,20711,JUMBO BAG TOYS ,10,2010-08-25 11:34:00,1.95,13654.0,United Kingdom
546541,22704,WRAP RED APPLES ,75,2011-03-14 15:11:00,0.42,14911.0,EIRE
514679,21470,FLOWER VINE RAFFIA FOOD COVER,12,2010-07-05 13:46:00,3.75,16705.0,United Kingdom
568058,23352,ROLL WRAP 50'S RED CHRISTMAS ,12,2011-09-23 12:58:00,1.25,18188.0,United Kingdom
544434,22196,SMALL HEART MEASURING SPOONS,1,2011-02-18 16:12:00,1.63,,United Kingdom
567882,22945,CHRISTMAS METAL TAGS ASSORTED ,12,2011-09-22 15:03:00,0.85,12906.0,United Kingdom
548318,84750B,BLACK SMALL GLASS CAKE STAND,8,2011-03-30 12:45:00,1.95,13113.0,United Kingdom
494239,84375,SET OF 20 KIDS COOKIE CUTTERS,1,2010-01-12 15:48:00,1.95,14081.0,United Kingdom
521349,21737,SET 3 WICKER LOG BASKETS,2,2010-09-03 14:22:00,19.95,13037.0,United Kingdom
505024,21232,STRAWBERRY CERAMIC TRINKET BOX,2,2010-04-19 14:21:00,1.25,15005.0,United Kingdom
558035,22624,IVORY KITCHEN SCALES,2,2011-06-24 12:30:00,8.5,15258.0,United Kingdom
570288,23119,PACK OF 6 LARGE FRUIT STRAWS ,2,2011-10-10 11:47:00,0.62,16960.0,United Kingdom
575731,23333,IVORY WICKER HEART MEDIUM,2,2011-11-10 20:01:00,1.25,13230.0,United Kingdom
500356,22478,BIRDHOUSE GARDEN MARKER ,10,2010-03-07 15:34:00,1.25,16984.0,United Kingdom
567673,85099B,JUMBO BAG RED RETROSPOT,2,2011-09-21 15:43:00,4.13,,United Kingdom
529346,22755,SMALL PURPLE BABUSHKA NOTEBOOK ,12,2010-10-28 09:05:00,0.85,15328.0,United Kingdom
560434,84828,JUNGLE POPSICLES ICE LOLLY MOULDS,3,2011-07-18 15:56:00,1.25,,United Kingdom
505862,22196,SMALL HEART MEASURING SPOONS,1,2010-04-26 13:23:00,1.66,,United Kingdom
518489,gift_0001_70,,10,2010-08-09 12:29:00,0.0,,United Kingdom
537595,21929,JUMBO BAG PINK VINTAGE PAISLEY,2,2010-12-07 12:29:00,1.95,13569.0,United Kingdom
568057,21673,WHITE SPOT BLUE CERAMIC DRAWER KNOB,7,2011-09-23 12:56:00,2.46,,United Kingdom
508330,22230,JIGSAW TREE WITH WATERING CAN,12,2010-05-14 11:57:00,0.85,12880.0,United Kingdom
573020,23355,HOT WATER BOTTLE KEEP CALM,4,2011-10-27 12:37:00,4.95,14842.0,United Kingdom
522988,22731,3D STICKERS CHRISTMAS STAMPS,20,2010-09-19 14:55:00,1.25,15215.0,United Kingdom
511063,21279,VINTAGE KITCHEN PRINT FRUITS,1,2010-06-06 12:45:00,2.55,15988.0,United Kingdom
550496,82578,KITCHEN METAL SIGN,1,2011-04-18 15:05:00,1.25,,United Kingdom
511322,16235,RECYCLED PENCIL WITH RABBIT ERASER,27,2010-06-07 17:15:00,0.21,13975.0,United Kingdom
499417,82585,,-90,2010-02-26 16:16:00,0.0,,United Kingdom
540468,85131C,BEADED CRYSTAL HEART BLUE ON STICK,10,2011-01-07 13:55:00,0.85,,United Kingdom
566271,21975,PACK OF 60 DINOSAUR CAKE CASES,24,2011-09-11 13:44:00,0.55,14250.0,United Kingdom
561385,21391,FRENCH LAVENDER SCENT HEART,12,2011-07-27 09:13:00,0.75,15660.0,United Kingdom
547022,23181,BULL DOG BOTTLE TOP WALL CLOCK,1,2011-03-18 15:44:00,8.25,17961.0,United Kingdom
544087,20759,CHRYSANTHEMUM POCKET BOOK ,3,2011-02-15 17:02:00,0.85,17530.0,United Kingdom
502393,POST,POSTAGE,9,2010-03-24 11:49:00,18.0,12524.0,Germany
519877,84306,S/3 PINK SQUARE PLANTERS ROSES,3,2010-08-22 10:33:00,10.95,14016.0,EIRE
489702,79323W, WHITE CHERRY LIGHTS,24,2009-12-02 10:52:00,5.45,17511.0,United Kingdom
524489,84879,ASSORTED COLOUR BIRD ORNAMENT,160,2010-09-29 12:12:00,1.45,12540.0,Spain
568512,22109,FULL ENGLISH BREAKFAST PLATE,40,2011-09-27 12:28:00,3.39,14101.0,United Kingdom
520669,22138,BAKING SET 9 PIECE RETROSPOT ,3,2010-08-27 13:53:00,4.95,16870.0,United Kingdom
504192,20971,PINK BLUE FELT CRAFT TRINKET BOX,12,2010-04-12 10:09:00,1.25,15590.0,United Kingdom
501442,21535,RETRO SPOT SMALL MILK JUG,3,2010-03-16 13:47:00,2.55,12835.0,United Kingdom
497719,79030A,,-15,2010-02-11 18:10:00,0.0,,United Kingdom
580612,22367,CHILDRENS APRON SPACEBOY DESIGN,2,2011-12-05 11:58:00,4.96,,United Kingdom
510519,22553,PLASTERS IN TIN SKULLS,1,2010-06-01 13:49:00,3.36,,United Kingdom
494685,82581,TOILET METAL SIGN,1,2010-01-18 11:39:00,1.28,,United Kingdom
536528,22570,FELTCRAFT CUSHION RABBIT,1,2010-12-01 13:17:00,3.75,15525.0,United Kingdom
537653,22107,PIZZA PLATE IN BOX,1,2010-12-07 15:54:00,3.75,17897.0,United Kingdom
559506,84510A,SET OF 4 ENGLISH ROSE COASTERS,1,2011-07-08 15:17:00,2.46,,United Kingdom
492018,22111,SCOTTIE DOG HOT WATER BOTTLE,3,2009-12-15 12:08:00,4.95,16550.0,United Kingdom
505342,71477,COLOUR GLASS. STAR T-LIGHT HOLDER,4,2010-04-21 13:22:00,2.75,17448.0,United Kingdom
501524,21984,PACK OF 12 PINK PAISLEY TISSUES ,48,2010-03-17 12:17:00,0.29,17690.0,United Kingdom
537624,21098,CHRISTMAS TOILET ROLL,1,2010-12-07 14:41:00,1.25,12748.0,United Kingdom
501030,21111,"SWISS ROLL TOWEL, CHOCOLATE  SPOTS",6,2010-03-11 17:37:00,2.55,17448.0,United Kingdom
523773,90200D,PINK SWEETHEART BRACELET,1,2010-09-24 11:11:00,4.25,17811.0,United Kingdom
535321,48138,DOORMAT UNION FLAG,10,2010-11-25 15:14:00,6.75,12385.0,Belgium
567339,23318,BOX OF 6 MINI VINTAGE CRACKERS,6,2011-09-19 15:01:00,2.49,14146.0,United Kingdom
513336,20724,RED SPOTTY CHARLOTTE BAG,20,2010-06-24 09:51:00,0.85,12705.0,Germany
533373,22468,BABUSHKA LIGHTS STRING OF 10,4,2010-11-17 10:34:00,6.75,12921.0,United Kingdom
491170,47592B,SCOTTIES DESIGN CHILD'S OVERALL,2,2009-12-10 11:27:00,2.1,17861.0,United Kingdom
537258,22952,60 CAKE CASES VINTAGE CHRISTMAS,5,2010-12-06 11:16:00,0.55,17227.0,United Kingdom
529796,22895,SET OF 2 TEA TOWELS APPLE AND PEARS,6,2010-10-29 17:17:00,2.95,13421.0,United Kingdom
530140,90192,JADE DROP EARRINGS W FILIGREE,1,2010-11-01 16:45:00,5.09,,United Kingdom
517260,90190B,GOLD/AMBER DROP EARRINGS W LEAF,1,2010-07-27 17:08:00,2.95,,United Kingdom
491434,21981,PACK OF 12 WOODLAND TISSUES ,48,2009-12-11 10:08:00,0.29,17412.0,United Kingdom
523213,22834,HAND WARMER BABUSHKA DESIGN,12,2010-09-21 10:47:00,2.1,16945.0,United Kingdom
496292,22111,SCOTTIE DOG HOT WATER BOTTLE,1,2010-01-31 10:08:00,4.95,13259.0,United Kingdom
525883,84832,ZINC WILLIE WINKIE  CANDLE STICK,12,2010-10-07 14:28:00,0.85,13652.0,United Kingdom
515254,84968A,S/16 VINTAGE ROSE CUTLERY,1,2010-07-09 11:44:00,25.49,,United Kingdom
580660,22086,PAPER CHAIN KIT 50'S CHRISTMAS ,6,2011-12-05 13:49:00,2.95,16592.0,United Kingdom
C495103,21843,RETRO SPOT CAKE STAND,-1,2010-01-21 11:21:00,10.95,15547.0,United Kingdom
507710,21544,SKULLS  WATER TRANSFER TATTOOS ,10,2010-05-11 11:29:00,0.85,13206.0,United Kingdom
513019,82613A,"METAL SIGN,CUPCAKE SINGLE HOOK",2,2010-06-21 11:55:00,1.25,14593.0,United Kingdom
548612,22771,CLEAR DRAWER KNOB ACRYLIC EDWARDIAN,4,2011-04-01 11:34:00,1.25,13137.0,United Kingdom
569223,10125,MINI FUNKY DESIGN TAPES,7,2011-10-02 13:49:00,0.85,16283.0,United Kingdom
535426,22909,SET OF 20 VINTAGE CHRISTMAS NAPKINS,6,2010-11-26 12:03:00,0.85,15024.0,United Kingdom
495591,21937,STRAWBERRY   PICNIC BAG,50,2010-01-26 10:25:00,2.55,14646.0,Netherlands
524525,20914,SET/5 RED RETROSPOT LID GLASS BOWLS,1,2010-09-29 13:15:00,2.95,14449.0,United Kingdom
505864,DOT,DOTCOM POSTAGE,1,2010-04-26 13:24:00,10.09,,United Kingdom
541497,21990,MODERN FLORAL STATIONERY SET,2,2011-01-18 15:19:00,2.46,,United Kingdom
544209,48187,DOORMAT NEW ENGLAND,2,2011-02-17 10:51:00,7.95,16235.0,United Kingdom
570482,21932,SCANDINAVIAN PAISLEY PICNIC BAG,5,2011-10-10 17:00:00,1.65,17459.0,United Kingdom
536876,90214B,"LETTER ""B"" BLING KEY RING",3,2010-12-03 11:36:00,0.85,,United Kingdom
580115,22815,CARD PSYCHEDELIC APPLES,5,2011-12-01 16:22:00,0.42,,United Kingdom
540849,22625,RED KITCHEN SCALES,2,2011-01-12 09:33:00,8.5,14270.0,United Kingdom
545216,22960,JAM MAKING SET WITH JARS,1,2011-02-28 16:50:00,8.29,,United Kingdom
567197,22952,60 CAKE CASES VINTAGE CHRISTMAS,24,2011-09-19 10:10:00,0.55,14934.0,Channel Islands
551527,20981,12 PENCILS TALL TUBE WOODLAND,6,2011-05-01 12:41:00,0.85,14395.0,United Kingdom
566075,46000M,POLYESTER FILLER PAD 45x45cm,12,2011-09-09 09:03:00,1.55,16173.0,United Kingdom
500181,21212,PACK OF 72 RETRO SPOT CAKE CASES,2,2010-03-05 10:50:00,0.55,14957.0,United Kingdom
540551,22249,DECORATION WHITE CHICK MAGIC GARDEN,8,2011-01-10 09:43:00,0.81,,United Kingdom
492714,21108,FAIRY CAKE FLANNEL ASSORTED COLOUR,1,2009-12-18 10:24:00,2.55,17913.0,United Kingdom
517743,85049G,CHOCOLATE BOX RIBBONS ,1,2010-08-01 15:51:00,1.25,17984.0,United Kingdom
500881,21642,ASSORTED TUTTI FRUTTI PEN,24,2010-03-10 14:49:00,0.85,13305.0,United Kingdom
549249,79190A,RETRO PLASTIC 70'S TRAY,15,2011-04-07 12:04:00,0.42,12423.0,Belgium
497739,21166,COOK WITH WINE METAL SIGN ,1,2010-02-12 10:21:00,1.95,14606.0,United Kingdom
546405,20685,DOORMAT RED RETROSPOT,3,2011-03-11 16:05:00,7.95,17351.0,United Kingdom
564078,20677,PINK POLKADOT BOWL,16,2011-08-22 15:43:00,1.25,17083.0,United Kingdom
557223,23284,DOORMAT KEEP CALM AND COME IN,2,2011-06-17 13:17:00,7.95,13647.0,United Kingdom
548313,22406,MONEY BOX KINGS CHOICE DESIGN,2,2011-03-30 12:15:00,1.25,15353.0,United Kingdom
565865,20682,RED RETROSPOT CHILDRENS UMBRELLA,12,2011-09-07 15:07:00,3.25,12637.0,France
548780,85099B,JUMBO BAG RED RETROSPOT,10,2011-04-04 12:37:00,1.95,13294.0,United Kingdom
521871,22073,RED RETROSPOT STORAGE JAR,2,2010-09-09 11:20:00,3.75,16972.0,United Kingdom
567369,23397,FOOT STOOL HOME SWEET HOME ,2,2011-09-20 09:06:00,9.95,17527.0,United Kingdom
549958,22614,PACK OF 12 SPACEBOY TISSUES,12,2011-04-13 13:47:00,0.29,17589.0,United Kingdom
581230,22492,MINI PAINT SET VINTAGE ,36,2011-12-08 10:24:00,0.65,14291.0,United Kingdom
539958,22248,DECORATION  PINK CHICK MAGIC GARDEN,9,2010-12-23 13:26:00,0.81,,United Kingdom
552508,22771,CLEAR DRAWER KNOB ACRYLIC EDWARDIAN,10,2011-05-09 16:27:00,2.46,,United Kingdom
492659,21955,UNION JACK GUNS & ROSES  DOORMAT,1,2009-12-17 17:54:00,6.75,16720.0,United Kingdom
555522,23175,REGENCY MILK JUG PINK ,4,2011-06-05 11:29:00,3.25,15796.0,United Kingdom
536876,21314,SMALL GLASS HEART TRINKET POT,3,2010-12-03 11:36:00,4.21,,United Kingdom
544105,22113,GREY HEART HOT WATER BOTTLE,8,2011-02-16 10:38:00,3.75,17567.0,United Kingdom
492713,21525,BEWARE OF THE CAT DOORMAT,1,2009-12-18 10:11:00,6.75,12471.0,Germany
514047,22274,FELTCRAFT DOLL EMILY,1,2010-06-30 11:43:00,2.95,16686.0,United Kingdom
524389,22815,CARD PSYCHEDELIC APPLES,12,2010-09-28 18:23:00,0.42,16600.0,United Kingdom
490300,21811,CHRISTMAS HANGING HEART WITH BELL,2,2009-12-04 14:19:00,1.25,12970.0,United Kingdom
537301,22451,SILK PURSE BABUSHKA RED,3,2010-12-06 11:38:00,3.35,15860.0,United Kingdom
576667,22246,MAGIC GARDEN FELT GARLAND ,12,2011-11-16 11:48:00,1.95,12963.0,United Kingdom
560728,22326,ROUND SNACK BOXES SET OF4 WOODLAND ,12,2011-07-20 14:38:00,2.95,12520.0,Germany
557222,21621,VINTAGE UNION JACK BUNTING,12,2011-06-17 13:14:00,8.5,14936.0,Channel Islands
567504,20725,LUNCH BAG RED RETROSPOT,10,2011-09-20 14:33:00,1.65,13356.0,United Kingdom
542923,22303,COFFEE MUG APPLES DESIGN,6,2011-02-02 09:08:00,2.55,14665.0,United Kingdom
506313,20794,BLUE  TILE HOOK,1,2010-04-29 11:18:00,5.06,,United Kingdom
571312,22211,WOOD STAMP SET FLOWERS,12,2011-10-17 10:42:00,0.83,12474.0,Germany
557745,21507,"ELEPHANT, BIRTHDAY CARD, ",12,2011-06-22 12:16:00,0.42,15750.0,United Kingdom
516171,22561,WOODEN SCHOOL COLOURING SET,12,2010-07-18 13:42:00,1.65,16496.0,United Kingdom
521478,21500,PINK SPOTS  WRAP ,25,2010-09-06 12:55:00,0.42,17841.0,United Kingdom
541669,22314,OFFICE MUG WARMER CHOC+BLUE,2,2011-01-20 12:29:00,2.95,17315.0,United Kingdom
532318,20712,JUMBO BAG WOODLAND ANIMALS,10,2010-11-11 15:07:00,1.95,17581.0,United Kingdom
548308,22749,FELTCRAFT PRINCESS CHARLOTTE DOLL,1,2011-03-30 12:00:00,3.75,17220.0,United Kingdom
535371,22867,HAND WARMER BIRD DESIGN,12,2010-11-25 18:14:00,2.1,16042.0,United Kingdom
514289,22528,GARDENERS KNEELING PAD,12,2010-07-01 12:12:00,1.25,13735.0,United Kingdom
498928,85014A,BLACK/BLUE DOTS RUFFLED UMBRELLA,48,2010-02-24 10:18:00,4.95,13694.0,United Kingdom
506435,20666,ECONOMY HOLIDAY PURSE,6,2010-04-29 15:34:00,2.95,12377.0,Switzerland
536036,20728,LUNCH BAG CARS BLUE,10,2010-11-29 17:00:00,1.65,15950.0,United Kingdom
496220,22242,"HOOK, 5 HANGER , MAGIC TOADSTOOL",12,2010-01-29 13:52:00,1.65,15421.0,United Kingdom
527427,22547,MINI JIGSAW DINOSAUR ,3,2010-10-17 16:16:00,0.42,15555.0,United Kingdom
581164,37449,CERAMIC CAKE STAND + HANGING CAKES,1,2011-12-07 14:34:00,9.95,14395.0,United Kingdom
536207,22577,WOODEN HEART CHRISTMAS SCANDINAVIAN,2,2010-11-30 13:23:00,0.85,17826.0,United Kingdom
543354,85130D,BEADED CRYSTAL HEART PINK LARGE,12,2011-02-07 13:50:00,1.65,13458.0,United Kingdom
533975,84836,ZINC METAL HEART DECORATION,12,2010-11-19 13:24:00,1.25,15465.0,United Kingdom
504558,47559B,TEA TIME OVEN GLOVE,2,2010-04-14 13:55:00,1.25,14344.0,United Kingdom
568592,23209,LUNCH BAG VINTAGE DOILY ,10,2011-09-28 10:42:00,1.65,17469.0,United Kingdom
529531,85064,CREAM SWEETHEART LETTER RACK,4,2010-10-28 16:23:00,5.45,15571.0,United Kingdom
537638,21900,"KEY FOB , SHED",1,2010-12-07 15:28:00,1.66,,United Kingdom
511508,21259,VICTORIAN SEWING BOX SMALL ,1,2010-06-08 15:25:00,12.72,,United Kingdom
518649,35400,WOODEN BOX ADVENT CALENDAR ,2,2010-08-10 13:01:00,8.95,13501.0,Switzerland
542624,21731,RED TOADSTOOL LED NIGHT LIGHT,3,2011-01-31 09:48:00,4.13,,United Kingdom
494480,35809A,ENAMEL PINK TEA CONTAINER,2,2010-01-14 16:16:00,2.1,15768.0,United Kingdom
564818,23308,SET OF 60 VINTAGE LEAF CAKE CASES ,1,2011-08-30 12:10:00,1.25,,United Kingdom
557529,21755,LOVE BUILDING BLOCK WORD,18,2011-06-21 09:58:00,5.45,15189.0,United Kingdom
544928,22180,RETROSPOT LAMP,1,2011-02-24 18:07:00,20.79,,United Kingdom
575922,22599,CHRISTMAS MUSICAL ZINC STAR,24,2011-11-11 17:10:00,0.85,15681.0,United Kingdom
511972,84968A,S/16 VINTAGE ROSE CUTLERY,1,2010-06-11 14:35:00,25.49,,United Kingdom
557406,23065,LARGE DECO JEWELLERY STAND,1,2011-06-20 11:30:00,12.5,15747.0,United Kingdom
538170,22652,TRAVEL SEWING KIT,2,2010-12-09 19:32:00,1.65,13969.0,United Kingdom
575689,23343,JUMBO BAG VINTAGE CHRISTMAS ,10,2011-11-10 16:16:00,2.08,14829.0,United Kingdom
536544,21641,ASSORTED TUTTI FRUTTI KEYRING BALL,1,2010-12-01 14:32:00,1.66,,United Kingdom
537608,21591,COSY HOUR CIGAR BOX MATCHES ,8,2010-12-07 13:20:00,1.25,15024.0,United Kingdom
576391,23205,CHARLOTTE BAG VINTAGE ALPHABET ,4,2011-11-15 10:13:00,2.46,,United Kingdom
566275,21163,DO NOT TOUCH MY STUFF DOOR HANGER ,3,2011-09-11 13:58:00,0.39,16549.0,United Kingdom
532055,21918,SET 12 KIDS COLOUR  CHALK STICKS,12,2010-11-10 14:26:00,0.42,15529.0,United Kingdom
544918,21989,PACK OF 20 SKULL PAPER NAPKINS,12,2011-02-24 16:30:00,0.85,13081.0,United Kingdom
580737,22086,PAPER CHAIN KIT 50'S CHRISTMAS ,6,2011-12-06 09:05:00,2.95,14140.0,United Kingdom
567803,22767,TRIPLE PHOTO FRAME CORNICE ,128,2011-09-22 12:11:00,6.72,18102.0,United Kingdom
541873,22371,AIRLINE BAG VINTAGE TOKYO 78,4,2011-01-24 09:52:00,4.25,14368.0,United Kingdom
C495739,ADJUST,Adjustment by john on 26/01/2010 16,-1,2010-01-26 16:24:00,10.5,15383.0,United Kingdom
489818,22143,CHRISTMAS CRAFT HEART DECORATIONS,6,2009-12-02 13:23:00,2.1,16233.0,United Kingdom
576592,23320,GIANT 50'S CHRISTMAS CRACKER,2,2011-11-15 14:47:00,2.89,13614.0,United Kingdom
543985,22411,JUMBO SHOPPER VINTAGE RED PAISLEY,1,2011-02-15 09:44:00,4.13,,United Kingdom
560224,22742,MAKE YOUR OWN PLAYTIME CARD KIT,1,2011-07-15 16:06:00,2.95,14572.0,United Kingdom
555851,84949,SILVER HANGING T-LIGHT HOLDER,3,2011-06-07 13:37:00,1.65,13050.0,United Kingdom
544598,22602,RETROSPOT WOODEN HEART DECORATION,3,2011-02-21 18:10:00,1.63,,United Kingdom
579103,22578,WOODEN STAR CHRISTMAS SCANDINAVIAN,1,2011-11-28 11:39:00,0.29,18041.0,United Kingdom
510519,84997D,PINK 3 PIECE MINI DOTS CUTLERY SET,1,2010-06-01 13:49:00,7.62,,United Kingdom
525301,16156S,WRAP PINK FAIRY CAKES ,50,2010-10-05 09:45:00,0.42,17095.0,United Kingdom
580396,22578,WOODEN STAR CHRISTMAS SCANDINAVIAN,2,2011-12-04 11:00:00,0.29,13838.0,United Kingdom
513545,22181,SNOWSTORM PHOTO FRAME FRIDGE MAGNET,12,2010-06-25 12:10:00,0.85,14326.0,United Kingdom
515004,90062,CARNIVAL BRACELET,2,2010-07-07 15:43:00,12.75,13288.0,United Kingdom
511803,22386,JUMBO BAG PINK WITH WHITE SPOTS,10,2010-06-10 15:22:00,1.95,13658.0,United Kingdom
578270,21232,STRAWBERRY CERAMIC TRINKET POT,10,2011-11-23 13:39:00,2.46,14096.0,United Kingdom
554278,22620,4 TRADITIONAL SPINNING TOPS,2,2011-05-23 13:25:00,1.45,13831.0,United Kingdom
544158,84792,ENCHANTED BIRD COATHANGER 5 HOOK,4,2011-02-16 12:47:00,4.65,14944.0,United Kingdom
574298,21618,4 WILDFLOWER BOTANICAL CANDLES,3,2011-11-03 15:56:00,3.29,,United Kingdom
543129,48194,DOORMAT HEARTS,2,2011-02-03 15:02:00,7.95,14540.0,United Kingdom
494144,21935,SUKI  SHOULDER BAG,1,2010-01-11 14:35:00,3.36,,United Kingdom
512407,21390,FILIGRIS HEART WITH BUTTERFLY,24,2010-06-15 13:12:00,1.25,13863.0,United Kingdom
567196,21424,WOODLAND STORAGE BOX LARGE ,6,2011-09-19 10:09:00,2.95,12379.0,Belgium
514097,79144C,PAINTED LIGHTBULB RAINBOW DESIGN,1,2010-06-30 12:27:00,0.84,,United Kingdom
571500,22983,CARD BILLBOARD FONT,12,2011-10-17 15:09:00,0.42,,United Kingdom
530332,85136A,YELLOW SHARK HELICOPTER,1,2010-11-02 13:57:00,8.47,,United Kingdom
524099,22755,SMALL PURPLE BABUSHKA NOTEBOOK ,24,2010-09-27 12:24:00,0.85,13448.0,United Kingdom
546769,22284,HEN HOUSE DECORATION,12,2011-03-16 14:57:00,1.65,17504.0,United Kingdom
574695,21755,LOVE BUILDING BLOCK WORD,1,2011-11-06 13:37:00,6.25,17114.0,United Kingdom
536567,22646,CERAMIC STRAWBERRY CAKE MONEY BANK,12,2010-12-01 15:27:00,1.45,16048.0,United Kingdom
579508,22697,GREEN REGENCY TEACUP AND SAUCER,5,2011-11-29 16:33:00,5.79,,United Kingdom
514931,84969,ASSORTED COLOUR SET 6 TEASPOONS,2,2010-07-07 11:21:00,8.47,,United Kingdom
490745,22187,GREEN CHRISTMAS TREE CARD HOLDER,1,2009-12-07 18:02:00,8.65,,United Kingdom
495379,21947,SET OF 6 HEART CHOPSTICKS,3,2010-01-24 13:46:00,1.25,17611.0,United Kingdom
553523,22328,ROUND SNACK BOXES SET OF 4 FRUITS ,1,2011-05-17 14:46:00,4.13,,United Kingdom
544832,62096A,,-88,2011-02-24 10:05:00,0.0,,United Kingdom
527249,22750,FELTCRAFT PRINCESS LOLA DOLL,1,2010-10-15 12:28:00,3.75,15571.0,United Kingdom
578030,23355,HOT WATER BOTTLE KEEP CALM,8,2011-11-22 13:40:00,4.95,15498.0,United Kingdom
522237,84991,60 TEATIME FAIRY CAKE CASES,120,2010-09-13 12:15:00,0.42,17307.0,United Kingdom
C514977,85042,ANTIQUE LILY FAIRY LIGHTS,-1,2010-07-07 13:22:00,4.95,17841.0,United Kingdom
576930,22197,POPCORN HOLDER,24,2011-11-17 11:09:00,0.85,14834.0,United Kingdom
521035,21975,PACK OF 60 DINOSAUR CAKE CASES,24,2010-09-02 08:57:00,0.55,16258.0,United Kingdom
576686,21935,SUKI  SHOULDER BAG,2,2011-11-16 12:08:00,1.65,16916.0,United Kingdom
513975,21747,SMALL SKULL WINDMILL,6,2010-06-29 16:43:00,1.25,13451.0,United Kingdom
516609,21746,SMALL RED RETROSPOT WINDMILL,6,2010-07-21 14:39:00,1.25,17338.0,United Kingdom
537224,48194,DOORMAT HEARTS,1,2010-12-05 16:24:00,7.95,13174.0,United Kingdom
554376,21498,RED RETROSPOT WRAP ,25,2011-05-24 11:31:00,0.42,15719.0,United Kingdom
503436,21245,GREEN  SPOTTY PLATE ,8,2010-04-01 09:50:00,1.69,12662.0,Germany
564172,23245,SET OF 3 REGENCY CAKE TINS,4,2011-08-23 14:19:00,4.95,16033.0,United Kingdom
533755,22180,RETROSPOT LAMP,1,2010-11-18 14:25:00,9.95,15571.0,United Kingdom
579187,22193,RED DINER WALL CLOCK,1,2011-11-28 15:31:00,16.63,,United Kingdom
537781,22315,200 RED + WHITE BENDY STRAWS,1,2010-12-08 12:46:00,1.25,17341.0,United Kingdom
555925,47566,PARTY BUNTING,2,2011-06-07 17:13:00,10.79,,United Kingdom
536707,21218,RED SPOTTY BISCUIT TIN,6,2010-12-02 12:33:00,3.75,12915.0,United Kingdom
571275,22086,PAPER CHAIN KIT 50'S CHRISTMAS ,5,2011-10-16 12:28:00,2.95,15994.0,United Kingdom
516968,22621,TRADITIONAL KNITTING NANCY,12,2010-07-26 10:03:00,1.45,15080.0,United Kingdom
559923,71143,ANTIQUE SILVER BOOK MARK WITH BEADS,5,2011-07-13 16:07:00,0.83,,United Kingdom
528581,20827,GOLD APERITIF GLASS,12,2010-10-22 13:27:00,2.12,18055.0,United Kingdom
511135,21523,DOOR MAT FANCY FONT HOME SWEET HOME,4,2010-06-07 11:34:00,7.49,12853.0,United Kingdom
492830,22045,SPACE BOY GIFT WRAP,25,2009-12-20 15:38:00,0.42,12683.0,France
579550,21730,GLASS STAR FROSTED T-LIGHT HOLDER,3,2011-11-30 10:48:00,4.95,12630.0,Finland
491969,20676,RED SPOTTY BOWL,5,2009-12-14 17:57:00,2.57,,United Kingdom
551855,21500,PINK POLKADOT WRAP ,25,2011-05-04 15:08:00,0.42,12836.0,United Kingdom
494594,84762C,GREEN PICNIC BARBECUE BUCKET,3,2010-01-15 12:14:00,10.75,15771.0,United Kingdom
579267,23175,REGENCY MILK JUG PINK ,4,2011-11-29 09:42:00,3.25,14961.0,United Kingdom
566018,85014A,BLACK/BLUE POLKADOT UMBRELLA,2,2011-09-08 12:42:00,5.95,13137.0,United Kingdom
568411,21328,BALLOONS  WRITING SET ,1,2011-09-27 10:52:00,3.29,,United Kingdom
516287,22669,RED BABY BUNTING ,5,2010-07-19 12:53:00,2.95,13081.0,United Kingdom
497217,20979,36 PENCILS TUBE RED SPOTTY,128,2010-02-07 14:27:00,1.06,14156.0,EIRE
550471,22457,NATURAL SLATE HEART CHALKBOARD ,1,2011-04-18 13:52:00,5.79,,United Kingdom
542344,22243,5 HOOK HANGER RED MAGIC TOADSTOOL,1,2011-01-27 11:30:00,3.29,,United Kingdom
571853,23558,LANDMARK FRAME LONDON BRIDGE ,3,2011-10-19 13:23:00,12.5,14306.0,United Kingdom
501732,47591D,PINK FAIRY CAKE CHILD'S APRON,8,2010-03-19 11:10:00,1.95,14292.0,United Kingdom
574481,20676,RED RETROSPOT BOWL,1,2011-11-04 12:45:00,1.25,18022.0,United Kingdom
555875,72741,GRAND CHOCOLATECANDLE,1,2011-06-07 15:17:00,1.45,12748.0,United Kingdom
502565,22236,CAKE STAND 3 TIER MAGIC GARDEN,1,2010-03-25 12:03:00,12.75,13849.0,United Kingdom
579094,22327,ROUND SNACK BOXES SET OF 4 SKULLS,6,2011-11-28 10:56:00,2.95,12668.0,Germany
528613,22949,36 DOILIES DOLLY GIRL,1,2010-10-22 15:57:00,2.98,,United Kingdom
502534,84437A,S/6 PINK EASTER DECS IN BOX,2,2010-03-25 11:32:00,0.85,15547.0,United Kingdom
517719,47597,NEW ENGLAND TEATOWELS,1,2010-08-01 12:02:00,2.55,17931.0,United Kingdom
508251,20728,LUNCH BAG CARS BLUE,20,2010-05-14 10:40:00,1.65,13157.0,United Kingdom
496946,21116,OWL DOORSTOP,3,2010-02-04 17:50:00,4.95,14307.0,United Kingdom
506456,85226A,WHITE/BLUE PULL BACK RACING CAR,7,2010-04-29 19:08:00,0.55,15015.0,United Kingdom
574059,23475,WOODLAND SMALL PINK FELT HEART,1,2011-11-02 14:13:00,0.83,14646.0,Netherlands
552779,47566,PARTY BUNTING,8,2011-05-11 12:13:00,4.95,13013.0,United Kingdom
523117,22816,CARD MOTORBIKE SANTA,12,2010-09-20 12:53:00,0.42,16316.0,United Kingdom
570410,79063D,"RETRO PILL BOX , REVOLUTIONARY",1,2011-10-10 13:04:00,0.19,16776.0,United Kingdom
576830,23581,JUMBO BAG PAISLEY PARK,4,2011-11-16 14:54:00,2.08,14898.0,United Kingdom
491969,21832,CHOCOLATE CALCULATOR,3,2009-12-14 17:57:00,3.43,,United Kingdom
528374,84569A,PACK 3 IRON ON DOG PATCHES,12,2010-10-21 17:22:00,1.25,16540.0,United Kingdom
495963,21908,CHOCOLATE THIS WAY METAL SIGN,6,2010-01-28 10:42:00,2.1,13448.0,United Kingdom
575138,82578,KITCHEN METAL SIGN,1,2011-11-08 15:24:00,1.25,,United Kingdom
518896,20972,PINK CREAM FELT CRAFT TRINKET BOX ,12,2010-08-12 13:38:00,1.25,14156.0,EIRE
556531,85062,PEARL CRYSTAL PUMPKIN T-LIGHT HLDR,12,2011-06-13 11:49:00,1.65,15491.0,United Kingdom
532826,22593,CHRISTMAS GINGHAM STAR,3,2010-11-15 09:32:00,1.66,,United Kingdom
547248,84078A,SET/4 WHITE RETRO STORAGE CUBES ,1,2011-03-22 09:23:00,74.96,,United Kingdom
533841,22906,12 MESSAGE CARDS WITH ENVELOPES,1,2010-11-19 11:12:00,1.65,17269.0,United Kingdom
514373,22365,DOORMAT RESPECTABLE HOUSE,2,2010-07-02 09:46:00,7.49,18065.0,United Kingdom
517252,22432,WATERING CAN PINK BUNNY,1,2010-07-27 15:32:00,1.95,12637.0,France
532019,20750,RED RETROSPOT MINI CASES,2,2010-11-10 13:08:00,7.95,12662.0,Germany
494003,21389,IVORY HANGING DECORATION  BIRD,7,2010-01-10 15:24:00,0.85,17222.0,United Kingdom
537346,21657,MILK BOTTLE WITH GLASS STOPPER ,6,2010-12-06 12:21:00,6.95,15301.0,United Kingdom
537135,21802,CHRISTMAS TREE HEART DECORATION,16,2010-12-05 12:35:00,0.42,17059.0,United Kingdom
555150,22109,FULL ENGLISH BREAKFAST PLATE,1,2011-05-31 15:53:00,7.46,,United Kingdom
493066,85089,CANDY SPOT BUNNY,1,2009-12-21 17:14:00,2.95,,United Kingdom
569371,23461,SWEETHEART BIRD HOUSE,3,2011-10-03 15:52:00,4.15,14651.0,United Kingdom
514565,71053,WHITE METAL LANTERN,4,2010-07-05 11:54:00,3.39,17850.0,United Kingdom
535835,22309,TEA COSY RED  STRIPE,2,2010-11-29 09:46:00,5.06,,United Kingdom
528613,20653,CHERRY BLOSSOM LUGGAGE TAG,1,2010-10-22 15:57:00,2.51,,United Kingdom
568953,22197,POPCORN HOLDER,12,2011-09-29 15:31:00,0.85,12728.0,France
506146,21232,STRAWBERRY CERAMIC TRINKET BOX,2,2010-04-27 16:45:00,2.51,,United Kingdom
525276,22729,ALARM CLOCK BAKELIKE ORANGE,1,2010-10-04 16:44:00,7.62,,United Kingdom
565366,22802,FAUX FUR CHOCOLATE THROW,1,2011-09-02 14:56:00,19.95,17091.0,United Kingdom
546306,85087,CANDY SPOT CUSHION COVER,1,2011-03-10 16:16:00,8.29,,United Kingdom
546008,84970L,SINGLE HEART ZINC T-LIGHT HOLDER,2,2011-03-08 15:43:00,2.08,,United Kingdom
532139,22324,BLUE POLKADOT KIDS BAG,1,2010-11-11 11:18:00,4.21,,United Kingdom
577850,35961,FOLKART ZINC HEART CHRISTMAS DEC,12,2011-11-22 11:04:00,0.85,14911.0,EIRE
492592,20855,PINK PATCH PURSE BLUE HEART,2,2009-12-17 15:41:00,1.65,17400.0,United Kingdom
534387,22819,"BIRTHDAY CARD, RETRO SPOT",12,2010-11-22 12:57:00,0.42,12649.0,Germany
531768,22551,PLASTERS IN TIN SPACEBOY,1,2010-11-09 14:06:00,1.65,14170.0,United Kingdom
566605,23399,HOME SWEET HOME HANGING HEART,3,2011-09-13 16:27:00,0.85,13263.0,United Kingdom
572318,22749,FELTCRAFT PRINCESS CHARLOTTE DOLL,1,2011-10-23 16:19:00,3.75,15436.0,United Kingdom
521189,20973,12 PENCIL SMALL TUBE WOODLAND,5,2010-09-02 16:47:00,0.65,13077.0,United Kingdom
572211,21824,PAINTED METAL STAR WITH HOLLY BELLS,24,2011-10-21 12:25:00,0.39,13429.0,United Kingdom
551148,72351A,SET/6 TURQUOISE BUTTERFLY T-LIGHTS,72,2011-04-26 14:12:00,1.69,15939.0,United Kingdom
555644,22102,MIRROR MOSAIC T-LIGHT HOLDER ,6,2011-06-06 13:24:00,1.65,16520.0,United Kingdom
491888,85231L,LAVENDER SCENTED SET/9 T-LIGHTS,4,2009-12-14 15:16:00,0.85,15867.0,United Kingdom
521366,84510C,SET OF 4 POLKADOTS COASTERS,1,2010-09-05 10:54:00,1.25,16782.0,United Kingdom
519723,20983,12 PENCILS TALL TUBE RED SPOTTY,12,2010-08-19 17:04:00,0.85,13842.0,United Kingdom
543166,22989,SET 2 PANTRY DESIGN TEA TOWELS,6,2011-02-04 08:27:00,2.95,13488.0,United Kingdom
550541,22423,REGENCY CAKESTAND 3 TIER,2,2011-04-19 11:33:00,12.75,,United Kingdom
540482,22644,CERAMIC CHERRY CAKE MONEY BANK,1,2011-01-07 15:48:00,1.45,14672.0,United Kingdom
543389,21989,PACK OF 20 SKULL PAPER NAPKINS,2,2011-02-08 09:56:00,0.85,17841.0,United Kingdom
509456,21621,VINTAGE UNION JACK BUNTING,4,2010-05-24 10:30:00,8.5,13047.0,United Kingdom
570881,22576,SWALLOW WOODEN CHRISTMAS DECORATION,12,2011-10-13 09:30:00,0.85,12498.0,Germany
526862,22698,PINK REGENCY TEACUP AND SAUCER,6,2010-10-13 13:07:00,2.95,14911.0,EIRE
576650,22964,3 PIECE SPACEBOY COOKIE CUTTER SET,6,2011-11-16 10:34:00,2.1,14286.0,United Kingdom
545063,22697,GREEN REGENCY TEACUP AND SAUCER,2,2011-02-27 14:26:00,2.95,14606.0,United Kingdom
538071,22315,200 RED + WHITE BENDY STRAWS,1,2010-12-09 14:09:00,2.51,,United Kingdom
512101,47599B,BLUE PARTY BAGS ,12,2010-06-13 13:43:00,2.1,12971.0,United Kingdom
572353,21479,WHITE SKULL HOT WATER BOTTLE ,4,2011-10-24 11:40:00,4.25,15215.0,United Kingdom
526480,21231,SWEETHEART CERAMIC TRINKET BOX,3,2010-10-11 17:23:00,1.25,13546.0,United Kingdom
563953,22383,LUNCH BAG SUKI DESIGN ,10,2011-08-22 10:47:00,1.65,16201.0,United Kingdom
548242,22318,FIVE HEART HANGING DECORATION,12,2011-03-30 10:34:00,2.95,16218.0,United Kingdom
572331,35970,ZINC FOLKART SLEIGH BELLS,12,2011-10-24 10:18:00,1.69,16491.0,United Kingdom
565865,84692,BOX OF 24 COCKTAIL PARASOLS,25,2011-09-07 15:07:00,0.42,12637.0,France
571883,22161,HEART DECORATION RUSTIC HANGING ,14,2011-10-19 13:58:00,0.19,14704.0,United Kingdom
550512,22992,REVOLVER WOODEN RULER ,2,2011-04-18 16:31:00,1.95,18069.0,United Kingdom
492942,84030C,KNITTED RAINBOW HOT WATER BOTTLE,4,2009-12-21 12:38:00,3.75,17213.0,United Kingdom
502840,21984,PACK OF 12 PINK PAISLEY TISSUES ,1,2010-03-28 13:18:00,0.29,15068.0,United Kingdom
559134,21949,SET OF 6 STRAWBERRY CHOPSTICKS,12,2011-07-06 13:14:00,1.25,12700.0,France
555856,15056N,EDWARDIAN PARASOL NATURAL,2,2011-06-07 14:02:00,5.95,17124.0,United Kingdom
562158,21907,I'M ON HOLIDAY METAL SIGN,1,2011-08-03 11:45:00,2.1,15039.0,United Kingdom
499422,84902,PINK KNITTED COW STUFFED TOY,1,2010-02-26 16:33:00,4.21,,United Kingdom
558467,22191,IVORY DINER WALL CLOCK,1,2011-06-29 15:22:00,8.5,17757.0,United Kingdom
513809,84692,BOX OF 24 COCKTAIL PARASOLS,25,2010-06-29 09:28:00,0.42,12682.0,France
556245,22916,HERB MARKER THYME,1,2011-06-09 16:10:00,0.65,17841.0,United Kingdom
538709,22689,DOORMAT MERRY CHRISTMAS RED ,2,2010-12-14 10:46:00,7.95,16442.0,United Kingdom
530060,90201B,BLACK ENAMEL FLOWER RING,1,2010-11-01 11:35:00,2.96,,United Kingdom
552062,18094C,WHITE AND BLUE CERAMIC OIL BURNER,12,2011-05-06 10:45:00,1.25,13117.0,United Kingdom
538903,84949,SILVER HANGING T-LIGHT HOLDER,12,2010-12-15 10:17:00,1.65,13496.0,United Kingdom
520073,22219,LOVEBIRD HANGING DECORATION WHITE ,12,2010-08-24 09:12:00,0.85,13870.0,United Kingdom
566788,23174,REGENCY SUGAR BOWL GREEN,4,2011-09-15 10:31:00,4.15,14306.0,United Kingdom
497592,22227,"DECORATION, HANGING HEART+MIRROR ",24,2010-02-11 08:51:00,0.65,17139.0,United Kingdom
537638,82551,LAUNDRY 15C METAL SIGN,1,2010-12-07 15:28:00,2.51,,United Kingdom
535965,21929,JUMBO BAG PINK VINTAGE PAISLEY,10,2010-11-29 12:42:00,1.95,16458.0,United Kingdom
524834,21249,WOODLAND  HEIGHT CHART STICKERS ,6,2010-09-30 17:28:00,2.95,15243.0,United Kingdom
569372,84032A,CHARLIE+LOLA PINK HOT WATER BOTTLE,2,2011-10-03 16:04:00,3.29,,United Kingdom
489550,21637,ASSORTED SANSKRIT MINI NOTEBOOK,18,2009-12-01 12:33:00,1.25,14156.0,EIRE
502102,21790,VINTAGE SNAP CARDS,72,2010-03-23 09:50:00,0.72,16656.0,United Kingdom
557009,21373,MIRRORED WALL ART SNOWFLAKES,12,2011-06-16 11:38:00,0.75,14321.0,United Kingdom
577057,16219,HOUSE SHAPE PENCIL SHARPENER,14,2011-11-17 14:26:00,0.06,12748.0,United Kingdom
537624,21820,GLITTER HEART GARLAND WITH BELLS ,1,2010-12-07 14:41:00,3.75,12748.0,United Kingdom
550953,22138,BAKING SET 9 PIECE RETROSPOT ,1,2011-04-21 16:17:00,10.79,,United Kingdom
503427,21931,JUMBO STORAGE BAG SUKI,1,2010-03-31 17:29:00,1.95,13576.0,United Kingdom
543651,22560,TRADITIONAL MODELLING CLAY,24,2011-02-11 10:06:00,1.25,16306.0,United Kingdom
538880,22424,ENAMEL BREAD BIN CREAM,1,2010-12-14 15:52:00,25.49,,United Kingdom
491426,21280,VINTAGE KITCHEN PRINT VEGETABLES,1,2009-12-10 20:16:00,2.55,15494.0,United Kingdom
576861,20674,GREEN POLKADOT BOWL,12,2011-11-16 16:00:00,1.25,18041.0,United Kingdom
517017,21385,IVORY HANGING DECORATION  HEART,24,2010-07-26 11:34:00,0.85,13004.0,United Kingdom
523149,84949,SILVER HANGING T-LIGHT HOLDER,6,2010-09-20 14:49:00,1.65,17585.0,United Kingdom
562569,85049F,BABY BOOM RIBBONS ,3,2011-08-07 12:05:00,1.25,17323.0,United Kingdom
506442,22549,PICTURE DOMINOES,3,2010-04-29 16:45:00,1.45,16520.0,United Kingdom
500720,22191,EAU DE NIL DINER WALL CLOCK,1,2010-03-09 15:16:00,8.5,12747.0,United Kingdom
554557,22178,VICTORIAN GLASS HANGING T-LIGHT,12,2011-05-25 10:12:00,1.25,15804.0,United Kingdom
562528,21988,PACK OF 6 SKULL PAPER PLATES,12,2011-08-05 13:52:00,0.85,12610.0,Italy
508480,22354,RETROSPOT PADDED SEAT CUSHION,2,2010-05-16 12:34:00,3.75,13782.0,United Kingdom
518138,21829,DINOSAUR KEYRINGS ASSORTED,1,2010-08-04 15:48:00,0.43,,United Kingdom
555562,15044C,PURPLE PAPER PARASOL,1,2011-06-05 14:45:00,2.95,17841.0,United Kingdom
525072,21592,RETROSPOT CIGAR BOX MATCHES ,1,2010-10-03 14:50:00,1.25,16549.0,United Kingdom
496341,48138,DOOR MAT UNION FLAG,10,2010-01-31 15:47:00,5.95,17107.0,United Kingdom
528868,21901,"KEY FOB , BACK DOOR ",5,2010-10-25 11:33:00,0.65,15976.0,United Kingdom
537237,22153,ANGEL DECORATION STARS ON DRESS,2,2010-12-06 09:58:00,0.85,,United Kingdom
550987,22431,WATERING CAN BLUE ELEPHANT,1,2011-04-21 18:10:00,4.13,,United Kingdom
555275,21929,JUMBO BAG PINK VINTAGE PAISLEY,1,2011-06-01 17:18:00,4.13,,United Kingdom
515828,84596K,JELLY BABIES YELLOW SMALL BOWL,1,2010-07-15 11:08:00,1.25,15910.0,United Kingdom
537135,21326,AGED GLASS SILVER T-LIGHT HOLDER,24,2010-12-05 12:35:00,0.65,17059.0,United Kingdom
501307,21205,MULTICOLOUR 3D BALLS GARLAND,2,2010-03-15 17:32:00,5.06,,United Kingdom
578347,23515,EMBROIDERED RIBBON REEL DAISY ,1,2011-11-24 09:26:00,4.13,,United Kingdom
578719,21990,MODERN FLORAL STATIONERY SET,1,2011-11-25 11:25:00,1.25,17348.0,United Kingdom
532614,22358,KINGS CHOICE TEA CADDY ,1,2010-11-12 15:21:00,5.91,,United Kingdom
581099,84879,ASSORTED COLOUR BIRD ORNAMENT,8,2011-12-07 11:43:00,1.69,18219.0,United Kingdom
572553,22653,BUTTON BOX ,3,2011-10-24 17:09:00,1.63,,United Kingdom
543306,21239,PINK  POLKADOT CUP,2,2011-02-07 11:56:00,0.85,16686.0,United Kingdom
545901,21658,GLASS  BEURRE DISH,1,2011-03-07 17:52:00,3.95,15834.0,United Kingdom
507712,35004C,SET OF 3 COLOURED  FLYING DUCKS,1,2010-05-11 11:29:00,12.72,,United Kingdom
581467,22757,LARGE RED BABUSHKA NOTEBOOK ,1,2011-12-08 19:24:00,0.39,13077.0,United Kingdom
538349,22530,MAGIC DRAWING SLATE DOLLY GIRL ,1,2010-12-10 14:59:00,0.85,,United Kingdom
531843,84908B,BLUE 5 PATCH FLOWER CUSHION COVER,2,2010-11-10 09:34:00,5.91,,United Kingdom
529727,22694,WICKER STAR ,1,2010-10-29 14:12:00,4.21,,United Kingdom
559686,84378,SET OF 3 HEART COOKIE CUTTERS,1,2011-07-11 15:26:00,1.25,17966.0,United Kingdom
495343,84791,GINGHAM HEART DECORATION,1,2010-01-22 18:05:00,5.91,,United Kingdom
535831,22909,SET OF 20 VINTAGE CHRISTMAS NAPKINS,24,2010-11-29 09:38:00,0.85,12767.0,Korea
505992,16156N,"WRAP, FRIENDSHIP ON GREEN",50,2010-04-27 10:14:00,0.42,17966.0,United Kingdom
559819,23202,JUMBO BAG VINTAGE LEAF,10,2011-07-12 16:58:00,2.08,12682.0,France
524613,22727,ALARM CLOCK BAKELIKE RED ,8,2010-09-30 09:39:00,3.75,14004.0,United Kingdom
548158,85152,HAND OVER THE CHOCOLATE   SIGN ,3,2011-03-29 13:28:00,2.1,15906.0,United Kingdom
516713,84347,ROTATING SILVER ANGELS T-LIGHT HLDR,1,2010-07-22 12:17:00,5.06,,United Kingdom
565915,21801,CHRISTMAS TREE DECORATION WITH BELL,10,2011-09-07 15:52:00,0.42,15752.0,United Kingdom
497230,21770,OPEN CLOSED METAL SIGN,2,2010-02-08 09:22:00,4.95,17504.0,United Kingdom
505339,21865,PINK UNION JACK  PASSPORT COVER ,2,2010-04-21 13:17:00,2.1,,United Kingdom
536538,85199L,LARGE HANGING IVORY & RED WOOD BIRD,10,2010-12-01 13:54:00,0.65,14594.0,United Kingdom
504925,21715,GIRLS VINTAGE TIN SEASIDE BUCKET,1,2010-04-19 10:53:00,5.06,,United Kingdom
537034,21094,SET/6 RED SPOTTY PAPER PLATES,36,2010-12-03 17:20:00,0.85,13081.0,United Kingdom
541421,84931B,BLUE SCOTTIE DOG W FLOWER PATTERN,2,2011-01-17 17:44:00,1.63,,United Kingdom
561515,22540,MINI JIGSAW CIRCUS PARADE ,2,2011-07-27 15:16:00,0.83,,United Kingdom
549966,22912,YELLOW COAT RACK PARIS FASHION,3,2011-04-13 14:17:00,4.95,16224.0,United Kingdom
547374,22586,FELTCRAFT HAIRBAND PINK AND BLUE,1,2011-03-22 13:54:00,0.85,16110.0,United Kingdom
569424,15044C,PURPLE PAPER PARASOL,1,2011-10-04 10:49:00,2.95,15529.0,United Kingdom
527879,21260,FIRST AID TIN,1,2010-10-19 11:44:00,3.25,14524.0,United Kingdom
504140,71038,WHITE HANGING BEADS CANDLE HOLDER,2,2010-04-11 12:45:00,5.45,16814.0,United Kingdom
573275,84510A,SET OF 4 ENGLISH ROSE COASTERS,2,2011-10-28 13:12:00,1.25,15311.0,United Kingdom
520041,22029,SPACEBOY BIRTHDAY CARD,12,2010-08-23 14:12:00,0.42,13081.0,United Kingdom
512725,21936,RED RETROSPOT PICNIC BAG,1,2010-06-17 13:09:00,2.95,14508.0,United Kingdom
503265,21218,RED SPOTTY BISCUIT TIN,2,2010-03-31 11:27:00,3.75,12835.0,United Kingdom
514219,22328,ROUND SNACK BOXES SET OF 4 FRUITS ,6,2010-07-01 09:15:00,2.95,12575.0,France
502420,85049G,CHOCOLATE BOX RIBBONS ,4,2010-03-24 12:17:00,1.25,15015.0,United Kingdom
519037,22666,RECIPE BOX PANTRY YELLOW DESIGN,6,2010-08-13 11:16:00,2.95,17091.0,United Kingdom
515427,22667,RECIPE BOX RETRO SPOT DESIGN,1,2010-07-12 13:45:00,2.95,13044.0,United Kingdom
568527,22411,JUMBO SHOPPER VINTAGE RED PAISLEY,10,2011-09-27 13:21:00,2.08,13178.0,United Kingdom
528869,22726,ALARM CLOCK BAKELIKE GREEN,1,2010-10-25 11:43:00,3.75,17236.0,United Kingdom
514665,21164,HOME SWEET HOME METAL SIGN ,1,2010-07-05 13:04:00,2.95,16110.0,United Kingdom
551088,22464,HANGING METAL HEART LANTERN,12,2011-04-26 12:31:00,1.65,14640.0,United Kingdom
C562915,23064,CINDERELLA CHANDELIER ,-1,2011-08-10 13:35:00,49.95,13388.0,United Kingdom
512425,84978,HANGING HEART JAR T-LIGHT HOLDER,4,2010-06-15 14:42:00,1.25,14723.0,United Kingdom
533188,22083,PAPER CHAIN KIT RETROSPOT,6,2010-11-16 14:46:00,2.95,17629.0,United Kingdom
515591,22398,MAGNETS PACK OF 4 SWALLOWS,1,2010-07-13 13:20:00,1.25,13428.0,United Kingdom
550541,21080,SET/20 RED RETROSPOT PAPER NAPKINS ,3,2011-04-19 11:33:00,1.63,,United Kingdom
548370,22522,CHILDS GARDEN FORK BLUE ,1,2011-03-30 16:14:00,0.85,15528.0,United Kingdom
572885,84347,ROTATING SILVER ANGELS T-LIGHT HLDR,1,2011-10-26 13:45:00,2.55,15311.0,United Kingdom
574673,23367,SET 12 COLOUR PENCILS SPACEBOY ,3,2011-11-06 12:26:00,0.65,15555.0,United Kingdom
530161,71477,COLOUR GLASS. STAR T-LIGHT HOLDER,4,2010-11-01 17:05:00,3.25,15456.0,United Kingdom
496884,44276,,-4,2010-02-04 14:14:00,0.0,,United Kingdom
494784,21888,BINGO SET,1,2010-01-18 13:20:00,7.62,,United Kingdom
571676,23333,IVORY WICKER HEART MEDIUM,2,2011-10-18 13:29:00,1.25,16910.0,United Kingdom
543474,48194,DOORMAT HEARTS,1,2011-02-08 15:09:00,7.95,14415.0,United Kingdom
578045,79191C,RETRO PLASTIC ELEPHANT TRAY,1,2011-11-22 14:43:00,0.85,17297.0,United Kingdom
580729,23355,HOT WATER BOTTLE KEEP CALM,2,2011-12-05 17:24:00,10.79,,United Kingdom
541423,85180A,RED HEARTS LIGHT CHAIN ,1,2011-01-17 17:54:00,2.46,,United Kingdom
574298,23184,BULL DOG BOTTLE OPENER,1,2011-11-03 15:56:00,10.79,,United Kingdom
530015,21587,COSY HOUR GIANT TUBE MATCHES,12,2010-11-01 10:42:00,2.55,15365.0,United Kingdom
525837,22678,"FRENCH BLUE METAL DOOR SIGN, 3",1,2010-10-07 12:23:00,1.25,17841.0,United Kingdom
554202,47591D,PINK FAIRY CAKE CHILDRENS APRON,3,2011-05-23 12:14:00,1.95,13546.0,United Kingdom
503427,20686,DOLLY MIXTURE CHILDREN'S UMBRELLA,1,2010-03-31 17:29:00,3.25,13576.0,United Kingdom
548655,21447,12 IVORY ROSE PEG PLACE SETTINGS,12,2011-04-01 13:47:00,1.25,15605.0,United Kingdom
509153,22625,RED KITCHEN SCALES,12,2010-05-20 13:15:00,7.65,14828.0,United Kingdom
511325,22433,WATERING CAN GREEN DINOSAUR,6,2010-06-08 08:50:00,1.95,13771.0,United Kingdom
548162,21672,WHITE SPOT RED CERAMIC DRAWER KNOB,5,2011-03-29 13:42:00,2.46,,United Kingdom
496319,90198B,VINTAGE ROSE BEAD BRACELET BLACK,6,2010-01-31 12:35:00,4.25,15751.0,United Kingdom
526161,79190A,RETRO PLASTIC 70'S TRAY,15,2010-10-08 16:40:00,0.42,15856.0,United Kingdom
541995,21242,RED RETROSPOT PLATE ,8,2011-01-25 09:58:00,1.69,13158.0,United Kingdom
574654,85099B,JUMBO BAG RED RETROSPOT,1,2011-11-06 11:32:00,2.08,15571.0,United Kingdom
503965,22297,HEART IVORY TRELLIS SMALL,11,2010-04-08 17:05:00,1.25,14548.0,United Kingdom
489668,21490,SET OF THREE 50'S GIFT WRAPS ,48,2009-12-01 19:19:00,1.65,16701.0,United Kingdom
503549,22196,SMALL HEART MEASURING SPOONS,1,2010-04-01 15:04:00,1.66,,United Kingdom
555726,22848,BREAD BIN DINER STYLE PINK,1,2011-06-06 16:23:00,16.95,12540.0,Spain
490817,21889,WOODEN BOX OF DOMINOES,36,2009-12-08 12:33:00,1.25,15311.0,United Kingdom
512335,22186,RED STAR CARD HOLDER,12,2010-06-15 11:46:00,2.95,13107.0,United Kingdom
558614,21246,RED RETROSPOT BIG BOWL,1,2011-06-30 15:56:00,4.13,,United Kingdom
512753,82482,WOODEN PICTURE FRAME WHITE FINISH,6,2010-06-17 15:24:00,2.55,16661.0,United Kingdom
563162,22677,FRENCH BLUE METAL DOOR SIGN 2,20,2011-08-12 12:15:00,1.25,16013.0,United Kingdom
553189,22748,POPPY'S PLAYHOUSE KITCHEN,2,2011-05-15 13:14:00,2.1,15033.0,United Kingdom
513124,22559,SEASIDE FLYING DISC,12,2010-06-22 10:25:00,1.25,15081.0,United Kingdom
521129,22411,JUMBO SHOPPER VINTAGE RED PAISLEY,10,2010-09-02 12:36:00,1.95,16746.0,United Kingdom
503940,48185,DOOR MAT FAIRY CAKE,1,2010-04-08 14:47:00,13.57,,United Kingdom
529179,22652,TRAVEL SEWING KIT,24,2010-10-26 18:26:00,1.65,17809.0,United Kingdom
546888,22138,BAKING SET 9 PIECE RETROSPOT ,1,2011-03-17 18:15:00,10.79,,United Kingdom
527149,22149,FELTCRAFT 6 FLOWER FRIENDS,12,2010-10-15 11:07:00,2.1,15817.0,United Kingdom
562619,23198,PANTRY MAGNETIC  SHOPPING LIST,1,2011-08-08 12:34:00,1.45,15311.0,United Kingdom
551010,21249,WOODLAND  HEIGHT CHART STICKERS ,1,2011-04-26 09:52:00,5.79,,United Kingdom
499498,20828,GLITTER BUTTERFLY CLIPS,3,2010-02-28 14:34:00,2.55,14396.0,United Kingdom
574091,22609,PENS ASSORTED SPACEBALL,36,2011-11-03 09:20:00,0.19,17086.0,United Kingdom
538068,70006,LOVE HEART POCKET WARMER,2,2010-12-09 14:05:00,1.65,17978.0,United Kingdom
513349,22196,SMALL HEART MEASURING SPOONS,2,2010-06-24 11:28:00,0.85,14606.0,United Kingdom
540489,21003,ROSE DU SUD CUSHION COVER,2,2011-01-07 16:32:00,6.35,13593.0,United Kingdom
541972,84991,60 TEATIME FAIRY CAKE CASES,24,2011-01-24 13:58:00,0.55,12935.0,United Kingdom
560590,22989,SET 2 PANTRY DESIGN TEA TOWELS,12,2011-07-19 15:55:00,3.25,12560.0,Germany
580983,22815,CARD PSYCHEDELIC APPLES,4,2011-12-06 16:26:00,0.42,,United Kingdom
494467,21390,FILIGRIS HEART WITH BUTTERFLY,24,2010-01-14 14:29:00,1.25,15046.0,United Kingdom
524632,21612,,-46,2010-09-30 11:21:00,0.0,,United Kingdom
526916,22314,OFFICE MUG WARMER CHOC+BLUE,1,2010-10-13 16:20:00,5.91,,United Kingdom
525291,21232,STRAWBERRY CERAMIC TRINKET BOX,12,2010-10-05 08:50:00,1.25,15241.0,United Kingdom
563706,22910,PAPER CHAIN KIT VINTAGE CHRISTMAS,6,2011-08-18 14:48:00,2.95,14189.0,United Kingdom
558769,22743,MAKE YOUR OWN FLOWERPOWER CARD KIT,1,2011-07-03 14:58:00,2.95,17899.0,United Kingdom
538349,22727,ALARM CLOCK BAKELIKE RED ,6,2010-12-10 14:59:00,7.62,,United Kingdom
530306,22730,ALARM CLOCK BAKELIKE IVORY,8,2010-11-02 13:19:00,3.75,13102.0,United Kingdom
581356,22969,HOMEMADE JAM SCENTED CANDLES,12,2011-12-08 12:28:00,1.45,17830.0,United Kingdom
527436,22064,PINK DOUGHNUT TRINKET POT ,12,2010-10-18 08:11:00,1.65,15786.0,United Kingdom
549583,84531A,PINK KNITTED EGG COSY,12,2011-04-11 09:46:00,0.39,15214.0,United Kingdom
567805,22694,WICKER STAR ,2,2011-09-22 12:15:00,2.1,12854.0,United Kingdom
558104,23245,SET OF 3 REGENCY CAKE TINS,2,2011-06-26 14:28:00,4.95,13668.0,United Kingdom
514096,47590B,PINK HAPPY BIRTHDAY BUNTING,6,2010-06-30 12:17:00,5.45,17531.0,United Kingdom
C508140,20972,PINK CREAM FELT CRAFT TRINKET BOX ,-250,2010-05-13 10:58:00,1.06,12931.0,United Kingdom
530061,21258,VICTORIAN SEWING BOX LARGE,2,2010-11-01 11:36:00,12.75,13115.0,United Kingdom
541269,22509,SEWING BOX RETROSPOT DESIGN ,4,2011-01-17 11:01:00,14.95,12626.0,Germany
496881,20719,WOODLAND CHARLOTTE BAG,3,2010-02-04 13:53:00,0.85,17841.0,United Kingdom
554157,22355,CHARLOTTE BAG SUKI DESIGN,2,2011-05-23 11:33:00,0.85,18283.0,United Kingdom
494147,79072,TEATIME CAKE TIN WITH HANDLE,1,2010-01-11 14:39:00,16.98,,United Kingdom
563749,21578,WOODLAND DESIGN  COTTON TOTE BAG,6,2011-08-19 10:10:00,2.25,12360.0,Austria
C538341,22727,ALARM CLOCK BAKELIKE RED ,-2,2010-12-10 14:03:00,3.75,15514.0,United Kingdom
561330,15056BL,EDWARDIAN PARASOL BLACK,3,2011-07-26 14:03:00,5.95,16019.0,United Kingdom
528705,21212,PACK OF 72 RETROSPOT CAKE CASES,1,2010-10-24 13:07:00,0.55,13137.0,United Kingdom
558538,23243,SET OF TEA COFFEE SUGAR TINS PANTRY,2,2011-06-30 12:12:00,4.95,15005.0,United Kingdom
570698,22121,NOEL WOODEN BLOCK LETTERS ,3,2011-10-12 09:13:00,5.95,18171.0,United Kingdom
543802,21260,FIRST AID TIN,6,2011-02-13 12:03:00,3.25,13742.0,United Kingdom
569137,22952,60 CAKE CASES VINTAGE CHRISTMAS,1,2011-09-30 14:45:00,2.08,,United Kingdom
561371,85035B,CHOCOLATE 3 WICK MORRIS BOX CANDLE,1,2011-07-26 16:25:00,8.29,,United Kingdom
496961,22264,FELT FARM ANIMAL WHITE BUNNY ,2,2010-02-04 19:34:00,0.85,17231.0,United Kingdom
505468,21114,LAVENDER SCENTED FABRIC HEART,10,2010-04-22 12:09:00,1.25,12932.0,United Kingdom
511840,21589,SWALLOW GIANT TUBE MATCHES,48,2010-06-10 17:29:00,2.1,15207.0,United Kingdom
540350,85099B,JUMBO BAG RED RETROSPOT,2,2011-01-06 14:14:00,1.95,18283.0,United Kingdom
528851,22738,RIBBON REEL SNOWY VILLAGE,5,2010-10-25 10:40:00,1.65,17981.0,United Kingdom
569401,22896,PEG BAG APPLES DESIGN,6,2011-10-04 08:56:00,2.55,15111.0,United Kingdom
544778,22070,SMALL RED RETROSPOT MUG IN BOX ,2,2011-02-23 12:03:00,3.75,14978.0,United Kingdom
538156,22274,FELTCRAFT DOLL EMILY,3,2010-12-09 16:53:00,2.95,15555.0,United Kingdom
526335,22112,CHOCOLATE HOT WATER BOTTLE,3,2010-10-11 12:12:00,4.95,14824.0,United Kingdom
571310,21352,EUCALYPTUS & PINECONE  WREATH,12,2011-10-17 10:17:00,2.95,13394.0,United Kingdom
513907,22624,IVORY KITCHEN SCALES,1,2010-06-29 12:08:00,16.98,,United Kingdom
512950,22059,CERAMIC STRWBERRY DESIGN MUG,12,2010-06-21 09:26:00,1.49,17593.0,United Kingdom
539434,22395,PAPERWEIGHT VINTAGE PAISLEY,1,2010-12-17 14:41:00,5.06,,United Kingdom
569900,21306,SET/4 DAISY MIRROR MAGNETS,24,2011-10-06 16:17:00,0.29,17651.0,United Kingdom
502443,46000P,POLYESTER FILLER PAD 65CMx65CM,2,2010-03-24 13:28:00,4.25,18037.0,United Kingdom
523149,21967,PACK OF 12 SKULL TISSUES,1,2010-09-20 14:49:00,0.29,17585.0,United Kingdom
545018,84978,HANGING HEART JAR T-LIGHT HOLDER,12,2011-02-25 13:53:00,1.25,14481.0,United Kingdom
554992,22431,WATERING CAN BLUE ELEPHANT,1,2011-05-29 14:08:00,1.95,16686.0,United Kingdom
552336,85132A,CHARLIE + LOLA BISCUITS TINS,12,2011-05-09 11:26:00,1.95,15159.0,United Kingdom
545085,71053,WHITE METAL LANTERN,2,2011-02-28 11:19:00,3.75,15039.0,United Kingdom
544460,22559,SEASIDE FLYING DISC,3,2011-02-20 14:01:00,1.25,16931.0,United Kingdom
501461,21506,"FANCY FONT BIRTHDAY CARD, ",12,2010-03-16 15:18:00,0.42,15885.0,United Kingdom
555845,21877,HOME SWEET HOME MUG,1,2011-06-07 13:19:00,1.25,17015.0,United Kingdom
493404,84946,ANTIQUE SILVER TEA GLASS ETCHED,1,2009-12-23 15:30:00,2.57,,United Kingdom
489810,79323S, SILVER CHERRY LIGHTS,4,2009-12-02 12:47:00,6.75,18108.0,United Kingdom
562031,22627,MINT KITCHEN SCALES,1,2011-08-01 17:37:00,8.5,16984.0,United Kingdom
527192,22745,POPPY'S PLAYHOUSE BEDROOM ,2,2010-10-15 11:45:00,2.1,16746.0,United Kingdom
520672,21677,HEARTS  STICKERS,6,2010-08-27 14:09:00,0.85,17270.0,United Kingdom
512889,21731,RED TOADSTOOL LED NIGHT LIGHT,3,2010-06-18 12:04:00,1.65,16797.0,United Kingdom
503361,22222,CAKE PLATE LOVEBIRD WHITE,3,2010-03-31 14:03:00,4.95,17049.0,United Kingdom
534859,21981,PACK OF 12 WOODLAND TISSUES ,1,2010-11-24 13:56:00,0.85,,United Kingdom
577150,21154,RED RETROSPOT OVEN GLOVE ,20,2011-11-18 09:48:00,3.29,,United Kingdom
548514,48184,DOORMAT ENGLISH ROSE ,1,2011-03-31 16:03:00,14.13,,United Kingdom
525308,22634,CHILDS BREAKFAST SET SPACEBOY ,2,2010-10-05 10:23:00,9.95,12644.0,Germany
530577,22812,PACK 3 BOXES CHRISTMAS PANNETONE,12,2010-11-03 14:36:00,1.95,16422.0,United Kingdom
565091,23035,DRAWER KNOB CERAMIC IVORY,12,2011-09-01 10:28:00,1.45,16011.0,United Kingdom
564760,22156,HEART DECORATION WITH PEARLS ,2,2011-08-30 10:47:00,1.63,,United Kingdom
553148,21239,PINK  POLKADOT CUP,32,2011-05-13 14:09:00,0.85,,Hong Kong
550488,20996,JAZZ HEARTS ADDRESS BOOK,8,2011-04-18 14:27:00,0.42,16729.0,United Kingdom
516157,48173C,DOORMAT BLACK FLOCK ,1,2010-07-18 11:49:00,7.49,17261.0,United Kingdom
559036,22352,LUNCH BOX WITH CUTLERY RETROSPOT ,6,2011-07-05 15:14:00,2.55,12637.0,France
575685,22676,FRENCH BLUE METAL DOOR SIGN 1,10,2011-11-10 15:57:00,1.25,15694.0,United Kingdom
526217,22639,SET OF 4 NAPKIN CHARMS HEARTS,1,2010-10-10 14:30:00,2.55,14390.0,United Kingdom
544336,22860,EASTER TIN CHICKS PINK DAISY,1,2011-02-17 19:36:00,1.65,13230.0,United Kingdom
494783,21355,TOAST ITS - I LOVE YOU ,12,2010-01-18 13:16:00,1.25,17581.0,United Kingdom
530912,22600,CHRISTMAS RETROSPOT STAR WOOD,12,2010-11-04 15:58:00,0.85,17049.0,United Kingdom
496341,22061,LARGE CAKE STAND  HANGING STRAWBERY,2,2010-01-31 15:47:00,9.95,17107.0,United Kingdom
576329,21935,SUKI  SHOULDER BAG,7,2011-11-14 15:22:00,1.63,,United Kingdom
561520,23167,SMALL CERAMIC TOP STORAGE JAR ,1,2011-07-27 17:03:00,0.83,17870.0,United Kingdom
506865,20990,SPRING FLOWER CHOPSTICKS SET/5,1,2010-05-04 15:13:00,1.95,17841.0,United Kingdom
534801,22335,HEART DECORATION PAINTED ZINC ,24,2010-11-24 12:06:00,0.65,14673.0,United Kingdom
C573021,22891,TEA FOR ONE POLKADOT,-2,2011-10-27 12:39:00,4.25,14911.0,EIRE
517933,84755,COLOUR GLASS T-LIGHT HOLDER HANGING,32,2010-08-03 10:52:00,0.65,15218.0,United Kingdom
564650,22437,SET OF 9 BLACK SKULL BALLOONS,200,2011-08-26 14:17:00,0.72,14646.0,Netherlands
C551712,22798,ANTIQUE GLASS DRESSING TABLE POT,-1,2011-05-03 15:04:00,2.95,13267.0,United Kingdom
534800,21982,PACK OF 12 SUKI TISSUES ,2,2010-11-24 12:04:00,0.29,17019.0,United Kingdom
546673,23348,,48,2011-03-15 16:11:00,0.0,,United Kingdom
491715,16047,POP ART PEN CASE & PENS,12,2009-12-13 15:43:00,0.85,14277.0,France
575391,72817,SET OF 2 CHRISTMAS DECOUPAGE CANDLE,24,2011-11-09 15:36:00,0.79,14354.0,United Kingdom
498163,22169,FAMILY ALBUM WHITE PICTURE FRAME,16,2010-02-17 12:12:00,7.65,17511.0,United Kingdom
556812,22697,GREEN REGENCY TEACUP AND SAUCER,8,2011-06-14 17:25:00,5.79,,United Kingdom
527655,21928,JUMBO BAG SCANDINAVIAN PAISLEY,1,2010-10-18 14:07:00,1.95,13387.0,United Kingdom
494144,21447,12 IVORY ROSE PEG PLACE SETTINGS,3,2010-01-11 14:35:00,2.51,,United Kingdom
573576,21985,PACK OF 12 HEARTS DESIGN TISSUES ,8,2011-10-31 14:09:00,0.83,14096.0,United Kingdom
581146,21990,MODERN FLORAL STATIONERY SET,3,2011-12-07 13:53:00,1.25,17602.0,United Kingdom
540288,84927F,PSYCHEDELIC TILE HOOK,1,2011-01-06 12:45:00,2.1,17634.0,United Kingdom
524694,21061,PARTY INVITES FOOTBALL,12,2010-09-30 12:01:00,0.85,15434.0,United Kingdom
C501690,75049L,LARGE CIRCULAR MIRROR MOBILE,-3,2010-03-18 17:08:00,1.25,13183.0,United Kingdom
491966,22246,"GARLAND, MAGIC GARDEN 1.8M",1,2009-12-14 17:16:00,4.3,,United Kingdom
553017,22931,BAKING MOULD HEART WHITE CHOCOLATE,2,2011-05-12 19:01:00,2.55,12757.0,Portugal
518008,21174,POTTERING IN THE SHED METAL SIGN,12,2010-08-04 09:39:00,1.95,14225.0,United Kingdom
519619,22023,EMPIRE BIRTHDAY CARD,1,2010-08-19 09:22:00,0.85,,United Kingdom
580729,22645,CERAMIC HEART FAIRY CAKE MONEY BANK,2,2011-12-05 17:24:00,3.29,,United Kingdom
541002,22076,6 RIBBONS EMPIRE  ,12,2011-01-13 10:33:00,1.65,12951.0,United Kingdom
530269,22841,ROUND CAKE TIN VINTAGE GREEN,2,2010-11-02 11:48:00,7.95,13607.0,United Kingdom
558057,22604,SET OF 4 NAPKIN CHARMS CUTLERY,2,2011-06-24 14:57:00,2.55,15665.0,United Kingdom
572549,22065,CHRISTMAS PUDDING TRINKET POT ,8,2011-10-24 17:03:00,1.63,,United Kingdom
C541961,22767,TRIPLE PHOTO FRAME CORNICE ,-2,2011-01-24 12:58:00,9.95,17799.0,United Kingdom
492783,22109,FULL ENGLISH BREAKFAST PLATE,2,2009-12-18 17:15:00,7.78,,United Kingdom
522429,21899,"KEY FOB , GARAGE DESIGN",5,2010-09-14 13:29:00,0.65,15311.0,United Kingdom
529337,85114A,BLACK ENCHANTED FOREST PLACEMAT,6,2010-10-27 16:04:00,1.65,16014.0,United Kingdom
526903,22411,JUMBO SHOPPER VINTAGE RED PAISLEY,3,2010-10-13 15:13:00,1.95,17851.0,United Kingdom
536520,22107,PIZZA PLATE IN BOX,2,2010-12-01 12:43:00,3.75,14729.0,United Kingdom
575073,21977,PACK OF 60 PINK PAISLEY CAKE CASES,1,2011-11-08 13:10:00,0.55,13975.0,United Kingdom
534750,20728,LUNCH BAG CARS BLUE,7,2010-11-24 09:54:00,5.06,,United Kingdom
569544,23089,GLASS BON BON JAR,1,2011-10-04 16:33:00,3.29,,United Kingdom
530567,85084,HOLLY TOP CHRISTMAS STOCKING,4,2010-11-03 14:00:00,0.85,17254.0,United Kingdom
524203,84029E,RED WOOLLY HOTTIE WHITE HEART.,8,2010-09-28 10:02:00,3.75,14944.0,United Kingdom
559109,23133,LARGE IVORY HEART WALL ORGANISER,2,2011-07-06 11:52:00,8.25,15021.0,United Kingdom
499997,21868,POTTING SHED TEA MUG,12,2010-03-04 09:08:00,1.25,15798.0,United Kingdom
515439,48187,DOORMAT NEW ENGLAND,1,2010-07-12 14:52:00,14.43,,United Kingdom
567671,85123A,WHITE HANGING HEART T-LIGHT HOLDER,2,2011-09-21 15:34:00,5.79,,United Kingdom
541592,21366,MIRRORED WALL ART PHOTO FRAMES,1,2011-01-19 15:08:00,8.29,,United Kingdom
544186,84997D,PINK 3 PIECE POLKADOT CUTLERY SET,3,2011-02-16 15:56:00,4.15,,United Kingdom
535967,22480,RED TEA TOWEL CLASSIC DESIGN,3,2010-11-29 12:46:00,1.25,14510.0,United Kingdom
524153,21000,ROSE DU SUD COSMETICS BAG,1,2010-09-27 15:56:00,3.36,,United Kingdom
517238,22381,TOY TIDY PINK RETROSPOT  ,1,2010-07-27 14:04:00,2.1,17841.0,United Kingdom
533996,22908,PACK OF 20 NAPKINS RED APPLES,12,2010-11-19 14:14:00,0.85,17865.0,United Kingdom
571119,22834,HAND WARMER BABUSHKA DESIGN,1,2011-10-14 09:04:00,8.33,,United Kingdom
532813,22359,GLASS JAR KINGS CHOICE,6,2010-11-14 15:46:00,2.95,18221.0,United Kingdom
571409,21934,SKULL SHOULDER BAG,10,2011-10-17 12:25:00,1.65,14911.0,EIRE
552010,22517,CHILDS GARDEN RAKE PINK,1,2011-05-05 17:26:00,2.1,14713.0,United Kingdom
559337,17012F,ORIGAMI SANDLEWOOD INCENSE/CAND SET,2,2011-07-07 16:27:00,2.46,,United Kingdom
514335,22432,WATERING CAN PINK BUNNY,1,2010-07-01 14:36:00,1.95,13439.0,United Kingdom
558709,84865,NEW BAROQUE BLACK PHOTO ALBUM,2,2011-07-01 13:02:00,2.95,17338.0,United Kingdom
512306,22029,SPACEBOY BIRTHDAY CARD,72,2010-06-14 16:25:00,0.36,15093.0,United Kingdom
518270,21870,I CAN ONLY PLEASE ONE PERSON MUG,3,2010-08-05 20:03:00,1.25,16549.0,United Kingdom
560841,23295,SET OF 12 MINI LOAF BAKING CASES,24,2011-07-21 12:25:00,0.72,14298.0,United Kingdom
520722,35961,FOLKART ZINC HEART CHRISTMAS DEC,48,2010-08-29 14:44:00,0.85,18149.0,United Kingdom
543802,85062,PEARL CRYSTAL PUMPKIN T-LIGHT HLDR,6,2011-02-13 12:03:00,1.65,13742.0,United Kingdom
539587,85230F,JASMINE VOTIVE CANDLE,48,2010-12-20 13:10:00,0.21,14298.0,United Kingdom
523792,22867,HAND WARMER BIRD DESIGN,1,2010-09-24 11:34:00,2.1,14994.0,United Kingdom
528329,22154,ANGEL DECORATION 3 BUTTONS ,4,2010-10-21 13:23:00,0.42,13891.0,United Kingdom
545601,22722,SET OF 6 SPICE TINS PANTRY DESIGN,4,2011-03-04 11:49:00,3.95,15827.0,United Kingdom
575947,21426,WOODLAND STORAGE BOX SMALL,1,2011-11-13 11:50:00,4.96,,United Kingdom
502093,22487,WHITE WOOD GARDEN PLANT LADDER,2,2010-03-22 17:32:00,9.95,16823.0,United Kingdom
549012,84821,DANISH ROSE DELUXE COASTER,12,2011-04-05 14:51:00,0.85,16394.0,United Kingdom
551173,22423,REGENCY CAKESTAND 3 TIER,2,2011-04-26 16:54:00,24.96,,United Kingdom
570690,22547,MINI JIGSAW DINOSAUR ,2,2011-10-11 16:37:00,0.83,,United Kingdom
518660,22134,LADLE LOVE HEART RED ,1,2010-08-10 14:03:00,0.85,,United Kingdom
555251,23444,Next Day Carriage,1,2011-06-01 15:12:00,15.0,13062.0,United Kingdom
543306,22530,MAGIC DRAWING SLATE DOLLY GIRL ,2,2011-02-07 11:56:00,0.42,16686.0,United Kingdom
513200,21058,PARTY INVITES WOODLAND,2,2010-06-22 16:28:00,1.66,,United Kingdom
573281,23661,MILK MAIDS MUG ,12,2011-10-28 13:51:00,1.65,12895.0,United Kingdom
526806,22946,WOODEN ADVENT CALENDAR CREAM,12,2010-10-13 11:39:00,12.75,13881.0,United Kingdom
563076,22892,SET OF SALT AND PEPPER TOADSTOOLS,72,2011-08-11 16:12:00,1.06,14646.0,Netherlands
514360,22717,CARD DOG AND BALL ,12,2010-07-01 17:48:00,0.42,13004.0,United Kingdom
507376,21548,CERAMIC BIRDHOUSE FINCH BLUE ROOF,1,2010-05-09 11:29:00,2.95,13979.0,United Kingdom
534378,22866,HAND WARMER SCOTTY DOG DESIGN,8,2010-11-22 12:33:00,2.1,14461.0,United Kingdom
494015,20966,SANDWICH BATH SPONGE,1,2010-01-11 09:34:00,2.57,,United Kingdom
522591,22663,JUMBO BAG DOLLY GIRL DESIGN,3,2010-09-15 12:53:00,1.95,16940.0,United Kingdom
557776,21713,CITRONELLA CANDLE FLOWERPOT,8,2011-06-22 15:07:00,2.1,14422.0,United Kingdom
579777,22961,JAM MAKING SET PRINTED,5,2011-11-30 15:13:00,3.29,,United Kingdom
506388,20983,12 PENCILS TALL TUBE RED SPOTTY,4,2010-04-29 12:51:00,0.85,16383.0,United Kingdom
546998,21588,RETROSPOT GIANT TUBE MATCHES,3,2011-03-18 13:32:00,2.55,16023.0,United Kingdom
526268,20679,EDWARDIAN PARASOL RED,2,2010-10-11 10:58:00,5.95,14651.0,United Kingdom
530812,22694,WICKER STAR ,5,2010-11-04 13:05:00,2.1,15860.0,United Kingdom
513210,22499,WOODEN UNION JACK BUNTING,12,2010-06-23 09:52:00,5.95,16325.0,United Kingdom
572903,21810,CHRISTMAS HANGING STAR WITH BELL,6,2011-10-26 15:17:00,0.39,17974.0,United Kingdom
504160,20735,BLACK MINI TAPE MEASURE ,3,2010-04-11 15:54:00,0.85,15555.0,United Kingdom
572697,22087,Amazon,6,2011-10-25 14:24:00,0.0,,United Kingdom
511010,21976,PACK OF 60 MUSHROOM CAKE CASES,1,2010-06-04 14:59:00,1.28,,United Kingdom
520998,22357,KINGS CHOICE BISCUIT TIN,1,2010-09-01 13:39:00,8.47,,United Kingdom
512733,84673B,BLUE FLY SWAT,1,2010-06-17 13:48:00,1.28,,United Kingdom
501141,21124,SET/10 BLUE SPOTTY PARTY CANDLES,4,2010-03-14 12:18:00,1.25,16255.0,United Kingdom
514962,15044A,PINK PAPER PARASOL ,6,2010-07-07 12:08:00,2.95,14156.0,EIRE
573937,22818,CARD CHRISTMAS VILLAGE,12,2011-11-02 10:40:00,0.42,15830.0,United Kingdom
547249,22227,HANGING HEART MIRROR DECORATION ,1,2011-03-22 09:27:00,1.25,,United Kingdom
575337,20751,FUNKY WASHING UP GLOVES ASSORTED,1,2011-11-09 14:11:00,2.1,17867.0,United Kingdom
528876,84991,60 TEATIME FAIRY CAKE CASES,24,2010-10-25 12:08:00,0.55,15370.0,United Kingdom
573380,22988,SOLDIERS EGG CUP ,12,2011-10-30 14:04:00,1.25,14572.0,United Kingdom
499765,84884A,ANT WHITE WIRE HEART SPIRAL,1,2010-03-02 13:15:00,8.47,,United Kingdom
567890,21181,PLEASE ONE PERSON METAL SIGN,12,2011-09-22 15:40:00,2.1,14125.0,United Kingdom
544187,22961,JAM MAKING SET PRINTED,12,2011-02-16 16:31:00,1.45,14107.0,United Kingdom
495860,16254,,70,2010-01-27 10:57:00,0.0,,United Kingdom
509460,21432,SET OF 3 CASES WOODLAND DESIGN,2,2010-05-24 10:44:00,5.95,12759.0,Netherlands
505209,79029,GLASS HONEYPOT WASP CATCHER,1,2010-04-20 17:25:00,1.95,14081.0,United Kingdom
569329,21559,STRAWBERRY LUNCH BOX WITH CUTLERY,6,2011-10-03 13:03:00,2.55,17652.0,United Kingdom
537626,22729,ALARM CLOCK BAKELIKE ORANGE,4,2010-12-07 14:57:00,3.75,12347.0,Iceland
559791,22383,LUNCH BAG SUKI DESIGN ,10,2011-07-12 12:24:00,1.65,17675.0,United Kingdom
548984,21977,PACK OF 60 PINK PAISLEY CAKE CASES,3,2011-04-05 12:37:00,0.55,14546.0,United Kingdom
C556656,84978,HANGING HEART JAR T-LIGHT HOLDER,-4,2011-06-13 16:21:00,1.25,13148.0,United Kingdom
531261,20914,SET/5 RED RETROSPOT LID GLASS BOWLS,6,2010-11-07 11:45:00,2.95,12951.0,United Kingdom
580682,23483,HANGING  BUTTERFLY T-LIGHT HOLDER,12,2011-12-05 15:02:00,1.25,16968.0,United Kingdom
569406,21484,CHICK GREY HOT WATER BOTTLE,4,2011-10-04 09:09:00,4.25,16253.0,United Kingdom
566816,22492,MINI PAINT SET VINTAGE ,36,2011-09-15 10:53:00,0.65,12731.0,France
491969,21866,UNION JACK FLAG LUGGAGE TAG,1,2009-12-14 17:57:00,2.57,,United Kingdom
559106,21344,MOROCCAN BEATEN METAL DISH,2,2011-07-06 11:10:00,9.95,15889.0,United Kingdom
516470,47597,NEW ENGLAND TEATOWELS,2,2010-07-20 15:28:00,1.66,,United Kingdom
516437,22501,PICNIC BASKET WICKER LARGE,2,2010-07-20 12:08:00,9.95,13481.0,United Kingdom
535953,21488,RED WHITE SCARF  HOT WATER BOTTLE,3,2010-11-29 12:13:00,3.95,15039.0,United Kingdom
580134,22197,POPCORN HOLDER,36,2011-12-01 19:24:00,0.85,13102.0,United Kingdom
554808,22383,LUNCH BAG SUKI DESIGN ,2,2011-05-26 13:01:00,1.65,17059.0,United Kingdom
568173,23502,PLAYING CARDS VINTAGE DOILY ,12,2011-09-25 13:16:00,1.25,16187.0,United Kingdom
522455,21611,SET OF 12 LILY BOTANICAL T-LIGHTS,6,2010-09-14 15:41:00,2.95,17422.0,United Kingdom
504644,21626,VINTAGE UNION JACK PENNANT,12,2010-04-15 14:28:00,1.95,14068.0,United Kingdom
571039,22082,RIBBON REEL STRIPES DESIGN ,5,2011-10-13 12:59:00,1.65,16121.0,United Kingdom
530323,22551,PLASTERS IN TIN SPACEBOY,8,2010-11-02 13:36:00,1.65,16255.0,United Kingdom
573166,21918,SET 12 KIDS COLOUR  CHALK STICKS,24,2011-10-28 09:15:00,0.42,13089.0,United Kingdom
565445,23350,ROLL WRAP VINTAGE SPOT ,4,2011-09-04 14:50:00,1.25,13548.0,United Kingdom
562114,82482,WOODEN PICTURE FRAME WHITE FINISH,4,2011-08-02 16:14:00,2.55,,United Kingdom
533548,22255,FELT TOADSTOOL  SMALL,24,2010-11-17 16:59:00,0.85,12726.0,France
552864,23205,CHARLOTTE BAG VINTAGE ALPHABET ,10,2011-05-11 17:13:00,0.85,13235.0,United Kingdom
502314,79323W,WHITE CHERRY LIGHTS,24,2010-03-24 09:52:00,5.45,13078.0,United Kingdom
555594,22469,HEART OF WICKER SMALL,12,2011-06-06 10:09:00,1.65,13880.0,United Kingdom
547906,22666,RECIPE BOX PANTRY YELLOW DESIGN,1,2011-03-28 12:13:00,2.95,14410.0,United Kingdom
552887,21715,GIRLS VINTAGE TIN SEASIDE BUCKET,8,2011-05-12 10:22:00,2.55,13092.0,United Kingdom
538107,22553,PLASTERS IN TIN SKULLS,12,2010-12-09 15:21:00,1.65,12826.0,United Kingdom
579885,23452,HEART MINI PORTRAIT FRAME,4,2011-11-30 17:37:00,1.95,15444.0,United Kingdom
548715,21903,MAN FLU METAL SIGN,4,2011-04-03 15:22:00,2.1,17758.0,United Kingdom
499020,22120,WELCOME  WOODEN BLOCK LETTERS,1,2010-02-24 12:19:00,9.95,14527.0,United Kingdom
497839,21612,SET 12 WILDFLOWER BOTANICAL T-LIGHT,1,2010-02-12 15:24:00,2.95,17954.0,United Kingdom
572885,20713,JUMBO BAG OWLS,100,2011-10-26 13:45:00,1.79,15311.0,United Kingdom
556237,79191D,RETRO PLASTIC DAISY TRAY,1,2011-06-09 15:34:00,1.63,,United Kingdom
542347,20728,LUNCH BAG CARS BLUE,10,2011-01-27 12:06:00,1.65,12826.0,United Kingdom
567378,23274,STAR T-LIGHT HOLDER WILLIE WINKIE,12,2011-09-20 10:01:00,1.65,14911.0,EIRE
543370,22636,CHILDS BREAKFAST SET CIRCUS PARADE,2,2011-02-07 14:51:00,8.5,12359.0,Cyprus
513790,22355,CHARLOTTE BAG SUKI DESIGN,10,2010-06-28 15:26:00,0.85,13069.0,United Kingdom
576611,23176,ABC TREASURE BOOK BOX ,2,2011-11-15 16:29:00,2.25,17357.0,United Kingdom
505015,84968B,S/16 VINTAGE IVORY CUTLERY,3,2010-04-19 13:30:00,12.75,14156.0,EIRE
576837,90161D,ANT COPPER PINK BOUDICCA BRACELET,1,2011-11-16 15:16:00,4.98,,United Kingdom
532592,48187,DOORMAT NEW ENGLAND,20,2010-11-12 14:39:00,6.75,15061.0,United Kingdom
544790,22895,SET OF 2 TEA TOWELS APPLE AND PEARS,4,2011-02-23 12:27:00,2.95,16940.0,United Kingdom
564825,22970,LONDON BUS COFFEE MUG,1,2011-08-30 12:26:00,4.96,,United Kingdom
513960,22444,GROW YOUR OWN PLANT IN A CAN ,24,2010-06-29 15:04:00,1.25,15430.0,United Kingdom
C516766,22551,PLASTERS IN TIN SPACEBOY,-1,2010-07-22 17:11:00,1.65,16170.0,United Kingdom
580367,22821,GIFT BAG PSYCHEDELIC APPLES,1,2011-12-02 16:39:00,0.83,,United Kingdom
524524,72529W,WHITE ADVENT CANDLE,5,2010-09-29 13:14:00,2.12,14514.0,United Kingdom
492546,22125,UNION JACK HOT WATER BOTTLE ,3,2009-12-17 14:01:00,5.95,13557.0,United Kingdom
527420,35961,FOLKART ZINC HEART CHRISTMAS DEC,2,2010-10-17 15:50:00,0.85,16549.0,United Kingdom
551440,85152,HAND OVER THE CHOCOLATE   SIGN ,1,2011-04-28 15:29:00,2.1,15311.0,United Kingdom
516489,22667,RECIPE BOX RETRO SPOT DESIGN,6,2010-07-21 10:09:00,2.95,13952.0,United Kingdom
535667,21175,GIN + TONIC DIET METAL SIGN,2,2010-11-28 11:57:00,2.1,16784.0,United Kingdom
580689,22635,CHILDS BREAKFAST SET DOLLY GIRL ,2,2011-12-05 15:43:00,9.95,12994.0,United Kingdom
534946,85226A,WHITE/BLUE PULL BACK RACING CAR,13,2010-11-24 15:31:00,0.55,17998.0,United Kingdom
503235,20777,CHRYSANTHEMUM NOTEBOOK,2,2010-03-30 17:25:00,1.65,17602.0,United Kingdom
540098,20727,LUNCH BAG  BLACK SKULL.,1,2011-01-04 15:50:00,1.65,16241.0,United Kingdom
518261,22377,BOTTLE BAG RETROSPOT ,2,2010-08-05 18:42:00,2.1,17921.0,United Kingdom
569220,35095A,BLUE VICTORIAN FABRIC OVAL BOX,6,2011-10-02 13:26:00,0.42,16007.0,United Kingdom
523305,82482,WOODEN PICTURE FRAME WHITE FINISH,3,2010-09-21 12:49:00,2.55,12751.0,Brazil
502842,21355,TOAST ITS - I LOVE YOU ,2,2010-03-28 13:31:00,1.25,17518.0,United Kingdom
549560,22097,SWALLOW SQUARE TISSUE BOX,1,2011-04-10 13:26:00,1.25,15058.0,United Kingdom
543530,22182,CAKE STAND VICTORIAN FILIGREE SMALL,1,2011-02-09 12:46:00,4.13,,United Kingdom
511700,84997B,RED 3 PIECE MINI DOTS CUTLERY SET,6,2010-06-10 08:47:00,3.75,13709.0,United Kingdom
566304,23274,STAR T-LIGHT HOLDER WILLIE WINKIE,12,2011-09-12 09:03:00,1.65,18158.0,United Kingdom
509030,21901,"KEY FOB , BACK DOOR ",3,2010-05-19 15:47:00,0.65,13764.0,United Kingdom
504669,20724,RED SPOTTY CHARLOTTE BAG,10,2010-04-15 15:12:00,0.85,16174.0,United Kingdom
536754,20757,RED DAISY POCKET BOOK ,1,2010-12-02 14:09:00,0.85,14449.0,United Kingdom
580403,22770,MIRROR CORNICE,1,2011-12-04 11:56:00,14.95,17858.0,United Kingdom
577126,22494,EMERGENCY FIRST AID TIN ,24,2011-11-17 19:22:00,1.25,12406.0,Denmark
539437,21894,POTTING SHED SEED ENVELOPES,1,2010-12-17 14:54:00,2.51,,United Kingdom
501663,84683,CLASSICAL ROSE CANDLESTAND,12,2010-03-18 14:09:00,1.25,12615.0,France
555628,21907,I'M ON HOLIDAY METAL SIGN,12,2011-06-06 11:59:00,2.1,15260.0,United Kingdom
569216,22555,PLASTERS IN TIN STRONGMAN,2,2011-10-02 12:41:00,1.65,15555.0,United Kingdom
580129,23209,LUNCH BAG VINTAGE DOILY ,10,2011-12-01 18:03:00,1.65,17426.0,United Kingdom
572447,85135C,RED DRAGONFLY HELICOPTER,1,2011-10-24 12:25:00,7.95,17811.0,United Kingdom
555095,21716,BOYS VINTAGE TIN SEASIDE BUCKET,8,2011-05-31 13:32:00,2.55,12540.0,Spain
534289,22378,WALL TIDY RETROSPOT ,1,2010-11-22 11:25:00,4.21,,United Kingdom
525584,22697,GREEN REGENCY TEACUP AND SAUCER,6,2010-10-06 11:30:00,2.95,12889.0,United Kingdom
505397,21535,RED RETROSPOT SMALL MILK JUG,6,2010-04-22 09:54:00,2.55,15633.0,United Kingdom
540154,72598,SET/12 TAPER CANDLES,1,2011-01-05 11:30:00,1.66,,United Kingdom
526185,84798A,PINK FOXGLOVE ARTIIFCIAL FLOWER,12,2010-10-10 11:58:00,2.55,16579.0,United Kingdom
556636,20679,EDWARDIAN PARASOL RED,2,2011-06-13 15:30:00,12.46,,United Kingdom
535774,21781,MA CAMPAGNE CUTLERY BOX,1,2010-11-28 13:31:00,14.95,16421.0,United Kingdom
513655,82599,FANNY'S REST STOPMETAL SIGN,1,2010-06-28 10:02:00,4.21,,United Kingdom
569416,22248,DECORATION  PINK CHICK MAGIC GARDEN,16,2011-10-04 10:15:00,0.85,13801.0,United Kingdom
556459,22090,PAPER BUNTING RETROSPOT,1,2011-06-10 17:25:00,5.79,,United Kingdom
527426,21790,VINTAGE SNAP CARDS,12,2010-10-17 16:16:00,0.85,17703.0,United Kingdom
574824,22714,CARD BIRTHDAY COWBOY,12,2011-11-07 10:43:00,0.42,13097.0,United Kingdom
503823,21519,GIN & TONIC DIET GREETING CARD ,1,2010-04-07 14:59:00,0.85,,United Kingdom
580054,47591D,PINK FAIRY CAKE CHILDRENS APRON,3,2011-12-01 13:08:00,1.95,18122.0,United Kingdom
491006,47594B,SCOTTIES DESIGN WASHBAG,6,2009-12-08 17:41:00,1.95,13557.0,United Kingdom
558540,21635,MADRAS NOTEBOOK LARGE ,12,2011-06-30 12:15:00,1.25,17706.0,United Kingdom
507064,21992,VINTAGE PAISLEY STATIONERY SET,6,2010-05-06 10:30:00,2.95,14911.0,EIRE
580133,20992,JAZZ HEARTS PURSE NOTEBOOK,24,2011-12-01 18:43:00,0.39,15531.0,United Kingdom
546884,20713,JUMBO BAG OWLS,1,2011-03-17 18:08:00,4.13,,United Kingdom
515591,85017B,ENVELOPE 50 BLOSSOM IMAGES,3,2010-07-13 13:20:00,0.85,13428.0,United Kingdom
521515,47556B,TEA TIME TEA TOWELS ,1,2010-09-06 14:36:00,2.95,13736.0,United Kingdom
522603,22284,HEN HOUSE DECORATION,1,2010-09-15 13:43:00,1.65,15685.0,United Kingdom
501688,21244,BLUE  SPOTTY PLATE ,8,2010-03-18 17:04:00,1.69,15738.0,United Kingdom
512602,84279P,CHERRY BLOSSOM  DECORATIVE FLASK,4,2010-06-17 08:20:00,3.75,16492.0,United Kingdom
551868,21976,PACK OF 60 MUSHROOM CAKE CASES,24,2011-05-04 16:29:00,0.55,12540.0,Spain
536876,22219,LOVEBIRD HANGING DECORATION WHITE ,3,2010-12-03 11:36:00,1.66,,United Kingdom
540977,21232,STRAWBERRY CERAMIC TRINKET BOX,2,2011-01-12 15:01:00,2.51,,United Kingdom
509577,21912,VINTAGE SNAKES & LADDERS,3,2010-05-24 14:17:00,3.75,17338.0,United Kingdom
541658,21249,WOODLAND  HEIGHT CHART STICKERS ,2,2011-01-20 12:16:00,2.95,15529.0,United Kingdom
496342,22229,BUNNY WOODEN PAINTED WITH FLOWER ,12,2010-01-31 15:49:00,0.85,17176.0,United Kingdom
568153,22555,PLASTERS IN TIN STRONGMAN,12,2011-09-25 12:02:00,1.65,17716.0,United Kingdom
530311,22120,WELCOME  WOODEN BLOCK LETTERS,1,2010-11-02 13:27:00,9.95,16374.0,United Kingdom
498832,21590,KINGS CHOICE CIGAR BOX MATCHES ,5,2010-02-23 11:43:00,1.25,17377.0,United Kingdom
538071,21802,CHRISTMAS TREE HEART DECORATION,7,2010-12-09 14:09:00,0.43,,United Kingdom
559354,23230,WRAP ALPHABET DESIGN,25,2011-07-07 18:02:00,0.42,16012.0,United Kingdom
559006,47566,PARTY BUNTING,8,2011-07-05 12:41:00,4.95,14905.0,United Kingdom
548544,22720,SET OF 3 CAKE TINS PANTRY DESIGN ,1,2011-03-31 18:49:00,4.95,14525.0,United Kingdom
570091,22812,PACK 3 BOXES CHRISTMAS PANNETONE,12,2011-10-07 11:47:00,1.95,15632.0,United Kingdom
579185,23444,Next Day Carriage,1,2011-11-28 15:28:00,15.0,13188.0,United Kingdom
545303,22926,IVORY GIANT GARDEN THERMOMETER,2,2011-03-01 12:48:00,5.95,15319.0,United Kingdom
514931,20735,BLACK MINI TAPE MEASURE ,5,2010-07-07 11:21:00,1.66,,United Kingdom
580610,22807,SET OF 6 T-LIGHTS TOADSTOOLS,1,2011-12-05 11:48:00,5.79,,United Kingdom
563734,22672,FRENCH BATHROOM SIGN BLUE METAL,4,2011-08-18 18:11:00,1.65,14064.0,United Kingdom
507604,21247,SET OF RED SALAD SERVERS ,1,2010-05-10 13:43:00,3.36,,United Kingdom
577689,22759,SET OF 3 NOTEBOOKS IN PARCEL,8,2011-11-21 11:29:00,1.65,17664.0,United Kingdom
491971,85031A,ROMANTIC IMAGES SCRAP BOOK SET,1,2009-12-14 18:37:00,3.43,,United Kingdom
539303,21523,DOORMAT FANCY FONT HOME SWEET HOME,10,2010-12-16 17:34:00,6.75,16684.0,United Kingdom
580367,22567,20 DOLLY PEGS RETROSPOT,1,2011-12-02 16:39:00,2.92,,United Kingdom
494640,84832,ZINC WILLIE WINKIE  CANDLE STICK,10,2010-01-17 11:31:00,0.85,17801.0,United Kingdom
566869,23206,LUNCH BAG APPLE DESIGN,10,2011-09-15 13:20:00,1.65,13658.0,United Kingdom
C568370,90199C,5 STRAND GLASS NECKLACE CRYSTAL,-1,2011-09-26 16:43:00,6.35,15154.0,United Kingdom
537404,21336,GOLD WASHBAG,1,2010-12-06 14:46:00,2.95,17191.0,United Kingdom
506146,84992,72 SWEETHEART FAIRY CAKE CASES,1,2010-04-27 16:45:00,1.28,,United Kingdom
580983,22651,GENTLEMAN SHIRT REPAIR KIT ,2,2011-12-06 16:26:00,1.63,,United Kingdom
506223,22569,FELTCRAFT CUSHION BUTTERFLY,1,2010-04-28 11:54:00,3.75,16461.0,United Kingdom
526151,84991,60 TEATIME FAIRY CAKE CASES,1,2010-10-08 15:19:00,1.28,,United Kingdom
494480,85180A,RED HEARTS LIGHT CHAIN ,2,2010-01-14 16:16:00,4.65,15768.0,United Kingdom
547826,84212,"ASSORTED FLOWER COLOUR ""LEIS""",24,2011-03-25 15:08:00,0.65,18078.0,United Kingdom
495805,90161D,ANT COPPER PINK BOUDICCA BRACELET,1,2010-01-26 17:51:00,5.09,,United Kingdom
499638,22196,SMALL HEART MEASURING SPOONS,2,2010-03-01 13:45:00,1.66,,United Kingdom
542344,22739,RIBBON REEL CHRISTMAS SOCK BAUBLE,1,2011-01-27 11:30:00,3.29,,United Kingdom
574265,21232,STRAWBERRY CERAMIC TRINKET POT,12,2011-11-03 14:17:00,1.25,15605.0,United Kingdom
576837,22741,FUNKY DIVA PEN,2,2011-11-16 15:16:00,1.63,,United Kingdom
544092,22677,FRENCH BLUE METAL DOOR SIGN 2,10,2011-02-16 09:03:00,1.25,17512.0,United Kingdom
534158,48188,DOORMAT WELCOME PUPPIES,1,2010-11-21 12:40:00,7.95,13988.0,United Kingdom
537815,21164,HOME SWEET HOME METAL SIGN ,12,2010-12-08 13:49:00,2.95,17676.0,United Kingdom
513624,21612,SET 12 WILDFLOWER BOTANICAL T-LIGHT,6,2010-06-27 13:00:00,2.95,14492.0,United Kingdom
515353,84509A,SET OF 4 ENGLISH ROSE PLACEMATS,2,2010-07-12 10:54:00,7.62,,United Kingdom
492117,21175,GIN + TONIC DIET METAL SIGN,12,2009-12-15 14:10:00,2.1,15808.0,United Kingdom
490741,85132A,CHARLIE + LOLA BISCUITS TINS,1,2009-12-07 17:56:00,21.7,,United Kingdom
555517,23206,LUNCH BAG APPLE DESIGN,10,2011-06-05 10:54:00,1.65,13131.0,United Kingdom
501652,72807C,SET/3 VANILLA SCENTED CANDLE IN BOX,5,2010-03-18 12:47:00,4.25,17841.0,United Kingdom
C556793,22357,KINGS CHOICE BISCUIT TIN,-5,2011-06-14 13:54:00,4.25,12818.0,Austria
552710,15036,ASSORTED COLOURS SILK FAN,36,2011-05-11 07:35:00,0.83,13098.0,United Kingdom
557442,22714,CARD BIRTHDAY COWBOY,24,2011-06-20 12:53:00,0.42,14808.0,United Kingdom
564974,23288,GREEN VINTAGE SPOT BEAKER,1,2011-08-31 15:32:00,1.63,,United Kingdom
579069,22966,GINGERBREAD MAN COOKIE CUTTER,12,2011-11-28 10:31:00,1.25,14911.0,EIRE
580379,72225C,,-144,2011-12-02 17:57:00,0.0,,United Kingdom
540468,22031,BOTANICAL LAVENDER BIRTHDAY CARD,6,2011-01-07 13:55:00,0.43,,United Kingdom
510744,10002,INFLATABLE POLITICAL GLOBE ,12,2010-06-03 12:34:00,0.85,14911.0,EIRE
554808,23076,ICE CREAM SUNDAE LIP GLOSS,24,2011-05-26 13:01:00,1.25,17059.0,United Kingdom
547882,84625A,PINK NEW BAROQUECANDLESTICK CANDLE,24,2011-03-28 07:53:00,0.85,14911.0,EIRE
524291,20712,JUMBO BAG WOODLAND ANIMALS,100,2010-09-28 12:58:00,1.65,15311.0,United Kingdom
528919,22842,BISCUIT TIN VINTAGE RED,1,2010-10-25 14:27:00,6.75,16259.0,United Kingdom
562715,22776,SWEETHEART CAKESTAND 3 TIER,1,2011-08-08 15:34:00,19.96,,United Kingdom
500843,21703,BAG 125g SWIRLY MARBLES,1,2010-03-10 12:13:00,0.42,17348.0,United Kingdom
537896,21143,ANTIQUE GLASS HEART DECORATION ,12,2010-12-09 10:33:00,1.95,18071.0,United Kingdom
496750,21459,YELLOW EASTER EGG HUNT START POST,6,2010-02-03 14:51:00,1.95,12840.0,United Kingdom
490365,22294,HEART FILIGREE DOVE  SMALL,24,2009-12-05 10:27:00,1.25,17018.0,United Kingdom
556082,22507,MEMO BOARD RETROSPOT  DESIGN,1,2011-06-08 15:22:00,10.79,,United Kingdom
563268,20768,GREEN FERN JOURNAL ,6,2011-08-15 12:47:00,2.55,13940.0,United Kingdom
521328,48185,DOORMAT FAIRY CAKE,2,2010-09-03 12:33:00,7.49,15092.0,United Kingdom
517153,22623,BOX OF VINTAGE JIGSAW BLOCKS ,3,2010-07-27 10:43:00,4.95,18257.0,United Kingdom
490692,20975,12 PENCILS SMALL TUBE RED SPOTTY,12,2009-12-07 13:57:00,0.65,16018.0,United Kingdom
568716,82551,LAUNDRY 15C METAL SIGN,1,2011-09-28 16:13:00,2.46,,United Kingdom
536743,90180A,BLACK+WHITE NECKLACE W TASSEL,1,2010-12-02 13:32:00,9.95,17964.0,United Kingdom
531248,85123A,WHITE HANGING HEART T-LIGHT HOLDER,3,2010-11-07 10:59:00,2.95,16444.0,United Kingdom
577748,35970,ZINC FOLKART SLEIGH BELLS,12,2011-11-21 14:24:00,1.69,15159.0,United Kingdom
544657,22088,PAPER BUNTING COLOURED LACE,6,2011-02-22 13:08:00,2.95,14895.0,United Kingdom
540813,22436,12 COLOURED PARTY BALLOONS,10,2011-01-11 12:41:00,0.65,14669.0,United Kingdom
530124,22578,WOODEN STAR CHRISTMAS SCANDINAVIAN,6,2010-11-01 15:14:00,0.85,13174.0,United Kingdom
579571,22178,VICTORIAN GLASS HANGING T-LIGHT,12,2011-11-30 11:48:00,1.95,16657.0,United Kingdom
522723,22536,MAGIC DRAWING SLATE PURDEY,1,2010-09-16 12:27:00,0.42,14701.0,United Kingdom
509611,84691,PACK 20 DOLLY PEGS,1,2010-05-25 09:03:00,1.66,,United Kingdom
562933,84913A,SOFT PINK ROSE TOWEL ,2,2011-08-10 16:51:00,3.29,,United Kingdom
532055,20728,LUNCH BAG CARS BLUE,4,2010-11-10 14:26:00,1.65,15529.0,United Kingdom
557625,20726,LUNCH BAG WOODLAND,10,2011-06-21 14:23:00,1.65,15159.0,United Kingdom
544431,22993,SET OF 4 PANTRY JELLY MOULDS,1,2011-02-18 15:49:00,1.25,,United Kingdom
507847,21739,COSY SLIPPER SHOES SMALL GREEN,6,2010-05-11 14:40:00,2.95,16307.0,United Kingdom
569469,22114,HOT WATER BOTTLE TEA AND SYMPATHY,2,2011-10-04 12:22:00,4.25,16360.0,United Kingdom
525928,37464,ROBOT MUG IN DISPLAY BOX,2,2010-10-07 16:48:00,1.25,16072.0,United Kingdom
568212,84519B,CARROT CHARLIE+LOLA COASTER SET,1,2011-09-25 16:05:00,1.25,15154.0,United Kingdom
525012,22652,TRAVEL SEWING KIT,10,2010-10-03 11:01:00,1.65,16848.0,United Kingdom
576617,23308,SET OF 60 VINTAGE LEAF CAKE CASES ,2,2011-11-15 16:57:00,1.25,,United Kingdom
552262,22991,GIRAFFE WOODEN RULER,12,2011-05-08 11:37:00,1.95,14911.0,EIRE
552289,84978,HANGING HEART JAR T-LIGHT HOLDER,4,2011-05-08 13:24:00,1.25,17869.0,United Kingdom
489522,37424,WHITE WITH BLACK CATS MUG,6,2009-12-01 11:45:00,0.85,15998.0,United Kingdom
532801,22862,LOVE HEART NAPKIN BOX ,4,2010-11-14 14:54:00,4.25,17802.0,United Kingdom
547498,22383,LUNCH BAG SUKI DESIGN ,1,2011-03-23 12:24:00,1.65,15021.0,United Kingdom
553832,21829,DINOSAUR KEYRINGS ASSORTED,36,2011-05-19 11:38:00,0.21,12957.0,United Kingdom
522986,21539,RED RETROSPOT BUTTER DISH,6,2010-09-19 14:45:00,4.95,13883.0,United Kingdom
569799,22563,HAPPY STENCIL CRAFT,12,2011-10-06 11:47:00,1.25,13602.0,United Kingdom
499980,22356,"CHARLOTTE BAG , PINK/WHITE SPOTS",1,2010-03-03 15:28:00,1.66,,United Kingdom
520709,21172,PARTY METAL SIGN ,2,2010-08-29 12:53:00,1.45,14693.0,United Kingdom
500149,20782,CAMOUFLAGE EAR MUFF HEADPHONES,1,2010-03-04 17:40:00,5.49,17931.0,United Kingdom
544930,84755,COLOUR GLASS T-LIGHT HOLDER HANGING,8,2011-02-24 18:26:00,0.65,17472.0,United Kingdom
527249,22852,DOG BOWL VINTAGE CREAM,4,2010-10-15 12:28:00,4.25,15571.0,United Kingdom
541827,21847,GREEN  DIAMANTE PEN IN GIFT BOX,2,2011-01-21 17:05:00,1.63,,United Kingdom
538071,22037,ROBOT BIRTHDAY CARD,1,2010-12-09 14:09:00,0.85,,United Kingdom
559493,22899,CHILDREN'S APRON DOLLY GIRL ,1,2011-07-08 13:53:00,4.13,,United Kingdom
564319,84880,WHITE WIRE EGG HOLDER,1,2011-08-24 13:18:00,7.5,15059.0,United Kingdom
501033,21986,PACK OF 12 PINK SPOT TISSUES ,12,2010-03-11 18:18:00,0.29,16918.0,United Kingdom
570964,22050,PINK PAISLEY ROSE GIFT WRAP,25,2011-10-13 11:50:00,0.42,12766.0,Portugal
578344,22701,PINK DOG BOWL,2,2011-11-24 09:21:00,2.46,,United Kingdom
574934,21519,GIN & TONIC DIET GREETING CARD ,12,2011-11-07 16:50:00,0.42,16717.0,United Kingdom
492953,84755,COLOUR GLASS T-LIGHT HOLDER HANGING,16,2009-12-21 15:20:00,0.65,14505.0,United Kingdom
528595,22550,HOLIDAY FUN LUDO,4,2010-10-22 14:30:00,3.75,15067.0,United Kingdom
534890,77101A,UNION FLAG WINDSOCK,5,2010-11-24 15:03:00,1.25,16204.0,United Kingdom
538086,21908,CHOCOLATE THIS WAY METAL SIGN,1,2010-12-09 14:44:00,2.1,12872.0,United Kingdom
491833,20719,WOODLAND CHARLOTTE BAG,1,2009-12-14 14:35:00,0.85,12926.0,United Kingdom
502100,84974,S/2 ZINC HEART DESIGN PLANTERS,2,2010-03-23 09:18:00,9.95,13706.0,United Kingdom
532350,21828,EIGHT PIECE SNAKE  SET,2,2010-11-11 16:27:00,1.25,15998.0,United Kingdom
563216,22979,PANTRY WASHING UP BRUSH,2,2011-08-14 13:14:00,1.45,17841.0,United Kingdom
534182,22834,HAND WARMER BABUSHKA DESIGN,6,2010-11-21 13:57:00,2.1,17706.0,United Kingdom
496615,21916,SET 12 RETRO WHITE CHALK STICKS,1,2010-02-03 08:50:00,0.81,,United Kingdom
504921,21967,PACK OF 12 SKULL TISSUES,1,2010-04-19 10:43:00,0.81,,United Kingdom
562926,84755,COLOUR GLASS T-LIGHT HOLDER HANGING,144,2011-08-10 14:55:00,0.55,17512.0,United Kingdom
497921,85231L,LAVENDER SCENTED SET/9 T-LIGHTS,3,2010-02-14 15:38:00,0.85,14869.0,United Kingdom
514509,22197,SMALL POPCORN HOLDER,36,2010-07-04 13:10:00,0.85,15369.0,United Kingdom
545655,22964,3 PIECE SPACEBOY COOKIE CUTTER SET,1,2011-03-04 13:58:00,2.1,14670.0,United Kingdom
563404,21059,PARTY INVITES DINOSAURS,12,2011-08-16 11:04:00,0.85,16303.0,United Kingdom
508643,21623,VINTAGE UNION JACK MEMOBOARD,1,2010-05-17 15:30:00,20.38,,United Kingdom
555115,20725,LUNCH BAG RED RETROSPOT,10,2011-05-31 14:58:00,4.96,,United Kingdom
492634,20989,URBAN CHIC CHOPSTICKS SET/5,2,2009-12-17 16:15:00,1.95,,United Kingdom
536742,22659,LUNCH BOX I LOVE LONDON,2,2010-12-02 13:14:00,1.95,16916.0,United Kingdom
560688,20728,LUNCH BAG CARS BLUE,10,2011-07-20 11:54:00,1.65,16393.0,United Kingdom
556733,20723,STRAWBERRY CHARLOTTE BAG,3,2011-06-14 11:53:00,0.85,16919.0,United Kingdom
539223,90210A,GREY ACRYLIC FACETED BANGLE,1,2010-12-16 13:00:00,1.25,,United Kingdom
490709,84029G,KNITTED UNION FLAG HOT WATER BOTTLE,1,2009-12-07 15:15:00,3.75,17884.0,United Kingdom
508463,21164,HOME SWEET HOME METAL SIGN ,1,2010-05-16 10:29:00,2.95,13259.0,United Kingdom
567944,21481,FAWN BLUE HOT WATER BOTTLE,3,2011-09-22 19:54:00,3.75,14562.0,United Kingdom
497402,79341,WILLOW BRANCH LIGHTS.,4,2010-02-09 14:17:00,6.75,16873.0,United Kingdom
568188,22720,SET OF 3 CAKE TINS PANTRY DESIGN ,1,2011-09-25 14:33:00,4.95,16049.0,United Kingdom
492405,84007,MAGIC GARDEN MOUNT FUJI,2,2009-12-16 15:48:00,2.55,15055.0,United Kingdom
541133,85099B,JUMBO BAG RED RETROSPOT,14,2011-01-14 10:17:00,4.13,,United Kingdom
494471,85014D,PINK/BROWN DOTS RUFFLED UMBRELLA,1,2010-01-14 14:48:00,5.95,13680.0,United Kingdom
571178,20974,12 PENCILS SMALL TUBE SKULL,48,2011-10-14 10:38:00,0.65,14089.0,United Kingdom
576837,22196,SMALL HEART MEASURING SPOONS,7,2011-11-16 15:16:00,1.63,,United Kingdom
525856,22896,PEG BAG APPLES DESIGN,3,2010-10-07 13:05:00,2.55,13569.0,United Kingdom
580665,22699,ROSES REGENCY TEACUP AND SAUCER ,96,2011-12-05 14:06:00,2.55,16684.0,United Kingdom
579777,22109,FULL ENGLISH BREAKFAST PLATE,2,2011-11-30 15:13:00,7.46,,United Kingdom
538566,22466,FAIRY TALE COTTAGE NIGHTLIGHT,3,2010-12-13 11:21:00,4.21,,United Kingdom
C574095,22326,ROUND SNACK BOXES SET OF4 WOODLAND ,-1,2011-11-03 09:54:00,2.95,12674.0,France
527754,21164,HOME SWEET HOME METAL SIGN ,1,2010-10-18 17:05:00,2.95,15710.0,United Kingdom
570690,22735,RIBBON REEL SOCKS AND MITTENS,1,2011-10-11 16:37:00,3.29,,United Kingdom
549251,84951B,SET OF 4 BLACK LOVEBIRD COASTERS,3,2011-04-07 12:16:00,0.79,14449.0,United Kingdom
528087,21987,PACK OF 6 SKULL PAPER CUPS,2,2010-10-20 13:09:00,0.65,16521.0,United Kingdom
533348,22585,PACK OF 6 BIRDY GIFT TAGS,2,2010-11-17 09:23:00,2.51,,United Kingdom
494644,35979,SIX STRING SCANDINAVIAN HEART DECS,1,2010-01-17 12:12:00,2.95,16595.0,United Kingdom
497253,21481,FAWN BLUE HOT WATER BOTTLE,2,2010-02-08 12:24:00,2.95,14527.0,United Kingdom
509290,21839,,-15,2010-05-21 11:53:00,0.0,,United Kingdom
569565,23549,WRAP BIRD GARDEN ,25,2011-10-05 09:52:00,0.42,16722.0,United Kingdom
572294,22567,20 DOLLY PEGS RETROSPOT,4,2011-10-23 13:10:00,1.45,13471.0,United Kingdom
513655,85086A,CANDY SPOT HEART DECORATION,1,2010-06-28 10:02:00,1.66,,United Kingdom
561627,23250,VINTAGE RED TRIM ENAMEL BOWL ,12,2011-07-28 14:08:00,1.25,12453.0,Austria
C521468,85097B,BLUE ROCKING SINGING CANARY,-1,2010-09-06 11:52:00,3.75,17841.0,United Kingdom
515184,20719,WOODLAND CHARLOTTE BAG,20,2010-07-09 09:03:00,0.85,12839.0,United Kingdom
553228,22519,CHILDS GARDEN BRUSH PINK,6,2011-05-16 10:48:00,2.1,16496.0,United Kingdom
571265,22919,HERB MARKER MINT,2,2011-10-16 11:31:00,0.65,16674.0,United Kingdom
572911,22592,CARDHOLDER HOLLY WREATH METAL,6,2011-10-26 16:03:00,3.75,16345.0,United Kingdom
563613,23293,SET OF 12 FAIRY CAKE BAKING CASES,16,2011-08-18 08:49:00,0.83,12688.0,Israel
556879,22745,POPPY'S PLAYHOUSE BEDROOM ,1,2011-06-15 12:07:00,2.1,16461.0,United Kingdom
572095,21470,FLOWER VINE RAFFIA FOOD COVER,1,2011-10-20 15:15:00,3.75,15511.0,United Kingdom
489615,17181,CIRCLE OF FRIENDS CANDLE HOLDER,9,2009-12-01 14:56:00,5.17,,United Kingdom
570249,23502,PLAYING CARDS VINTAGE DOILY ,12,2011-10-10 08:58:00,1.25,17509.0,United Kingdom
548492,22654,DELUXE SEWING KIT ,1,2011-03-31 13:14:00,5.95,17841.0,United Kingdom
539437,21352,EUCALYPTUS & PINECONE  WREATH,1,2010-12-17 14:54:00,5.91,,United Kingdom
573377,20751,FUNKY WASHING UP GLOVES ASSORTED,2,2011-10-30 13:51:00,2.1,14653.0,United Kingdom
517720,22488,NATURAL SLATE RECTANGLE CHALKBOARD,24,2010-08-01 12:07:00,1.65,15747.0,United Kingdom
545937,23179,CLOCK MAGNET MUM'S KITCHEN,6,2011-03-08 12:05:00,2.89,12758.0,Portugal
507193,22418,10 COLOUR SPACEBOY PEN,144,2010-05-06 16:21:00,0.72,16843.0,United Kingdom
553423,23182,TOILET SIGN OCCUPIED OR VACANT,2,2011-05-17 10:28:00,0.83,17811.0,United Kingdom
528952,21808,"CHRISTMAS GARLAND STARS,TREES",2,2010-10-25 16:57:00,3.36,,United Kingdom
510191,22554,PLASTERS IN TIN WOODLAND ANIMALS,1,2010-05-27 17:56:00,1.65,16451.0,United Kingdom
552563,22426,ENAMEL WASH BOWL CREAM,16,2011-05-10 11:54:00,2.95,17597.0,United Kingdom
524722,21928,JUMBO BAG SCANDINAVIAN PAISLEY,10,2010-09-30 13:56:00,1.95,12748.0,United Kingdom
563832,84879,ASSORTED COLOUR BIRD ORNAMENT,8,2011-08-19 12:33:00,1.69,16419.0,United Kingdom
531352,22663,JUMBO BAG DOLLY GIRL DESIGN,2,2010-11-07 13:45:00,1.95,13137.0,United Kingdom
500299,21836,GINGHAM OVEN GLOVE RED HEART ,2,2010-03-05 16:52:00,3.75,14085.0,United Kingdom
530422,84832,ZINC WILLIE WINKIE  CANDLE STICK,2,2010-11-03 09:36:00,1.66,,United Kingdom
564716,20728,LUNCH BAG CARS BLUE,12,2011-08-28 11:02:00,1.65,14810.0,United Kingdom
565841,51014A,"FEATHER PEN,HOT PINK",1,2011-09-07 12:04:00,0.83,,United Kingdom
509184,21067,VINTAGE RED TEATIME MUG,2,2010-05-20 16:49:00,1.25,16347.0,United Kingdom
540473,21198,WHITE HEART CONFETTI IN TUBE,2,2011-01-07 14:31:00,1.65,17284.0,United Kingdom
560773,47566,PARTY BUNTING,5,2011-07-20 16:17:00,10.79,,United Kingdom
532051,20685,DOORMAT RED RETROSPOT,4,2010-11-10 14:16:00,7.95,14911.0,EIRE
581492,22026,BANQUET BIRTHDAY  CARD  ,4,2011-12-09 10:03:00,0.83,,United Kingdom
562934,16219,HOUSE SHAPE PENCIL SHARPENER,1,2011-08-10 16:56:00,0.83,,United Kingdom
504142,72741,GRAND CHOCOLATECANDLE,9,2010-04-11 13:01:00,1.45,13259.0,United Kingdom
559491,20665,RED RETROSPOT PURSE ,1,2011-07-08 13:53:00,5.79,,United Kingdom
544434,22497,SET OF 2 TINS VINTAGE BATHROOM ,2,2011-02-18 16:12:00,8.29,,United Kingdom
544323,20972,PINK CREAM FELT CRAFT TRINKET BOX ,1,2011-02-17 15:51:00,2.46,,United Kingdom
513203,47594A,CAROUSEL DESIGN WASHBAG,12,2010-06-23 08:14:00,1.95,14911.0,EIRE
524858,21466,RED FLOWER CROCHET FOOD COVER,1,2010-09-30 19:57:00,3.75,14657.0,United Kingdom
512116,22558,CLOTHES PEGS RETROSPOT PACK 24 ,3,2010-06-13 14:53:00,1.25,17231.0,United Kingdom
572504,22743,MAKE YOUR OWN FLOWERPOWER CARD KIT,6,2011-10-24 14:13:00,2.95,15786.0,United Kingdom
494666,21833,CAMOUFLAGE LED TORCH,6,2010-01-17 14:53:00,1.69,13869.0,United Kingdom
511963,22649,STRAWBERRY FAIRY CAKE TEAPOT,24,2010-06-11 13:29:00,4.25,12429.0,Denmark
491726,21396,RED SPOTTY EGG CUP ,12,2009-12-14 08:40:00,1.25,12439.0,Cyprus
572074,23382,BOX OF 6 CHRISTMAS CAKE DECORATIONS,6,2011-10-20 13:54:00,3.75,16284.0,United Kingdom
538255,22423,REGENCY CAKESTAND 3 TIER,6,2010-12-10 12:33:00,12.75,14911.0,EIRE
498448,85123A,WHITE HANGING HEART T-LIGHT HOLDER,6,2010-02-19 10:32:00,2.95,13957.0,United Kingdom
494471,84997D,PINK 3 PIECE MINI DOTS CUTLERY SET,72,2010-01-14 14:48:00,3.39,13680.0,United Kingdom
542344,84247L,FAWN AND MUSHROOM GREETING CARD,2,2011-01-27 11:30:00,0.83,,United Kingdom
540468,85131D,BEADED CRYSTAL HEART PINK ON STICK,8,2011-01-07 13:55:00,0.85,,United Kingdom
550481,21907,I'M ON HOLIDAY METAL SIGN,1,2011-04-18 14:08:00,2.1,17634.0,United Kingdom
507692,POST,POSTAGE,2,2010-05-11 10:20:00,18.0,12600.0,Germany
494681,22262,FELT EGG COSY CHICKEN,12,2010-01-18 10:40:00,0.85,14441.0,United Kingdom
550251,22851,SET 20 NAPKINS FAIRY CAKES DESIGN ,12,2011-04-15 11:44:00,0.85,14323.0,United Kingdom
505986,20724,RED SPOTTY CHARLOTTE BAG,10,2010-04-27 09:42:00,0.85,16186.0,United Kingdom
508333,84800L,LARGE WHITE/PINK ROSE ART FLOWER,96,2010-05-14 12:00:00,0.85,13694.0,United Kingdom
539034,20725,LUNCH BAG RED RETROSPOT,5,2010-12-15 14:29:00,1.65,16161.0,United Kingdom
531345,21094,SET/6 RED SPOTTY PAPER PLATES,12,2010-11-07 13:14:00,0.85,12599.0,France
536856,79000,MOROCCAN TEA GLASS,12,2010-12-03 10:26:00,0.85,13370.0,United Kingdom
516885,22640,SET OF 4 NAPKIN CHARMS 3 KEYS ,12,2010-07-23 14:16:00,2.55,12615.0,France
511853,84692,BOX OF 24 COCKTAIL PARASOLS,400,2010-06-11 08:08:00,0.32,14298.0,United Kingdom
548160,71270,PHOTO CLIP LINE,36,2011-03-29 13:33:00,1.25,16253.0,United Kingdom
489536,21375,LARGE CAMPHOR WOOD FIELD MUSHROOM ,2,2009-12-01 12:13:00,5.45,16393.0,United Kingdom
578516,21930,JUMBO STORAGE BAG SKULLS,10,2011-11-24 13:53:00,2.08,14591.0,United Kingdom
531476,35400,WOODEN BOX ADVENT CALENDAR ,1,2010-11-08 14:19:00,8.95,15311.0,United Kingdom
529935,22585,PACK OF 6 BIRDY GIFT TAGS,6,2010-10-31 14:40:00,1.25,17449.0,United Kingdom
530796,22445,PENCIL CASE LIFE IS BEAUTIFUL,1,2010-11-04 12:27:00,2.95,16391.0,United Kingdom
525452,22748,POPPY'S PLAYHOUSE KITCHEN,6,2010-10-05 14:12:00,2.1,15105.0,United Kingdom
491155,82599,FANNY'S REST STOPMETAL SIGN,1,2009-12-10 09:49:00,4.3,,United Kingdom
575070,85099C,JUMBO  BAG BAROQUE BLACK WHITE,3,2011-11-08 12:58:00,2.08,17841.0,United Kingdom
522125,22386,JUMBO BAG PINK WITH WHITE SPOTS,10,2010-09-13 09:37:00,1.95,16558.0,United Kingdom
493260,22307,GOLD MUG BONE CHINA TREE OF LIFE,1,2009-12-22 14:31:00,8.65,,United Kingdom
503061,22083,PAPER CHAIN KIT RETRO SPOT,31,2010-03-29 16:47:00,6.95,,United Kingdom
509738,20719,WOODLAND CHARLOTTE BAG,20,2010-05-25 12:42:00,0.85,14680.0,United Kingdom
567697,23298,SPOTTY BUNTING,3,2011-09-22 08:41:00,4.95,16558.0,United Kingdom
523659,22355,CHARLOTTE BAG SUKI DESIGN,1,2010-09-23 13:54:00,0.85,18096.0,United Kingdom
575959,22804,PINK HANGING HEART T-LIGHT HOLDER,4,2011-11-13 12:27:00,2.95,14547.0,United Kingdom
531869,22749,FELTCRAFT PRINCESS CHARLOTTE DOLL,4,2010-11-10 11:36:00,3.75,16358.0,United Kingdom
580599,21509,COWBOYS AND INDIANS BIRTHDAY CARD ,12,2011-12-05 11:11:00,0.42,12925.0,United Kingdom
537138,22436,12 COLOURED PARTY BALLOONS,6,2010-12-05 12:44:00,0.65,17211.0,United Kingdom
536960,22142,CHRISTMAS CRAFT WHITE FAIRY ,12,2010-12-03 12:48:00,1.45,16477.0,United Kingdom
533145,22326,ROUND SNACK BOXES SET OF4 WOODLAND ,3,2010-11-16 13:35:00,6.77,,United Kingdom
573384,22158,3 HEARTS HANGING DECORATION RUSTIC,8,2011-10-30 14:19:00,2.95,15478.0,United Kingdom
490957,22313,OFFICE MUG WARMER PINK,4,2009-12-08 15:12:00,4.95,15823.0,United Kingdom
578786,47566,PARTY BUNTING,4,2011-11-25 12:02:00,4.95,13184.0,United Kingdom
518141,21676,FLOWERS  STICKERS,24,2010-08-04 16:07:00,0.38,14401.0,United Kingdom
505337,21432,SET OF 3 CASES WOODLAND DESIGN,4,2010-04-21 13:14:00,5.95,12631.0,Finland
570420,23406,HOME SWEET HOME KEY HOLDER,2,2011-10-10 13:33:00,6.25,17841.0,United Kingdom
492425,21396,RED SPOTTY EGG CUP ,1,2009-12-16 17:58:00,3.43,,United Kingdom
499601,20724,RED SPOTTY CHARLOTTE BAG,10,2010-03-01 12:34:00,0.85,13018.0,United Kingdom
526419,21790,VINTAGE SNAP CARDS,24,2010-10-11 14:38:00,0.85,14299.0,United Kingdom
535645,22469,HEART OF WICKER SMALL,1,2010-11-28 10:41:00,1.65,15860.0,United Kingdom
498222,84977,WIRE FLOWER T-LIGHT HOLDER,6,2010-02-17 14:01:00,1.25,14584.0,United Kingdom
501862,90197D,AMBER GLASS BRACELET HEART CHARMS,1,2010-03-21 11:41:00,4.95,16326.0,United Kingdom
537237,84347,ROTATING SILVER ANGELS T-LIGHT HLDR,2,2010-12-06 09:58:00,5.06,,United Kingdom
549235,85123A,WHITE HANGING HEART T-LIGHT HOLDER,5,2011-04-07 11:16:00,2.95,15530.0,United Kingdom
546561,22053,EMPIRE DESIGN ROSETTE,10,2011-03-15 10:34:00,1.25,18260.0,United Kingdom
572283,22077,6 RIBBONS RUSTIC CHARM,2,2011-10-23 11:42:00,1.95,15000.0,United Kingdom
564536,22197,POPCORN HOLDER,5,2011-08-25 15:12:00,0.85,13159.0,United Kingdom
578344,22255,FELT TOADSTOOL  SMALL,1,2011-11-24 09:21:00,1.63,,United Kingdom
564963,22704,WRAP RED APPLES ,25,2011-08-31 14:52:00,0.42,15582.0,United Kingdom
550496,21937,STRAWBERRY   PICNIC BAG,2,2011-04-18 15:05:00,5.79,,United Kingdom
493989,84519B,CARROT CHARLIE+LOLA COASTER SET,6,2010-01-10 12:43:00,2.95,14685.0,United Kingdom
511943,22439,6 ROCKET BALLOONS ,10,2010-06-11 12:25:00,0.65,17902.0,United Kingdom
535263,22813,PACK 3 BOXES BIRD PANNETONE ,1,2010-11-25 13:29:00,1.95,14710.0,United Kingdom
489914,20728,LUNCH BAG CARS BLUE,10,2009-12-03 10:28:00,1.65,12921.0,United Kingdom
531571,21756,BATH BUILDING BLOCK WORD,3,2010-11-09 10:38:00,5.95,14496.0,United Kingdom
568044,23301,GARDENERS KNEELING PAD KEEP CALM ,12,2011-09-23 12:10:00,1.65,15763.0,United Kingdom
513972,72128,COLUMBIAN CANDLE ROUND,1,2010-06-29 16:13:00,0.85,15532.0,United Kingdom
517070,22150,3 STRIPEY MICE FELTCRAFT,12,2010-07-26 13:57:00,1.95,14257.0,United Kingdom
503731,21431,GREEN GINGHAM FLOWER JEWELLERY BOX,8,2010-04-07 10:24:00,1.65,15252.0,United Kingdom
573122,22558,CLOTHES PEGS RETROSPOT PACK 24 ,3,2011-10-27 16:23:00,1.65,14357.0,United Kingdom
552651,84950,ASSORTED COLOUR T-LIGHT HOLDER,24,2011-05-10 14:09:00,0.65,16431.0,United Kingdom
563732,21790,VINTAGE SNAP CARDS,24,2011-08-18 17:50:00,0.85,15125.0,United Kingdom
560047,22118,JOY WOODEN BLOCK LETTERS,1,2011-07-14 15:01:00,4.95,17259.0,United Kingdom
525172,22501,PICNIC BASKET WICKER LARGE,2,2010-10-04 12:22:00,9.95,15596.0,United Kingdom
564974,22995,TRAVEL CARD WALLET SUKI,1,2011-08-31 15:32:00,0.83,,United Kingdom
570600,23298,SPOTTY BUNTING,3,2011-10-11 12:05:00,4.95,16076.0,United Kingdom
514004,22188,BLACK HEART CARD HOLDER,4,2010-06-30 09:37:00,3.95,14156.0,EIRE
563912,23209,LUNCH BAG VINTAGE DOILY ,10,2011-08-21 12:58:00,1.65,17675.0,United Kingdom
494814,21929,JUMBO BAG PINK VINTAGE PAISLEY,2,2010-01-19 09:05:00,4.21,,United Kingdom
557937,20978,36 PENCILS TUBE SKULLS,6,2011-06-23 15:30:00,1.25,,United Kingdom
552256,22156,HEART DECORATION WITH PEARLS ,12,2011-05-08 10:43:00,0.85,16621.0,United Kingdom
556126,22652,TRAVEL SEWING KIT,10,2011-06-09 10:23:00,1.65,14911.0,EIRE
516452,21523,DOORMAT FANCY FONT HOME SWEET HOME,2,2010-07-20 13:17:00,7.49,13154.0,United Kingdom
503426,35811A,ENAMEL PINK SUGAR CONTAINER,1,2010-03-31 17:28:00,4.21,,United Kingdom
577825,22138,BAKING SET 9 PIECE RETROSPOT ,3,2011-11-22 09:42:00,4.95,17453.0,United Kingdom
525458,21986,PACK OF 12 PINK POLKADOT TISSUES,1,2010-10-05 14:45:00,0.85,,United Kingdom
538518,21446,12 RED ROSE PEG PLACE SETTINGS,4,2010-12-12 16:14:00,1.25,14505.0,United Kingdom
579551,23068,ALUMINIUM STAMPED HEART,24,2011-11-30 10:49:00,2.49,15782.0,United Kingdom
501298,22150,3 STRIPEY MICE FELTCRAFT,3,2010-03-15 16:13:00,1.95,17218.0,United Kingdom
580956,21217,RED RETROSPOT ROUND CAKE TINS,1,2011-12-06 14:23:00,9.95,17841.0,United Kingdom
576852,23266,SET OF 3 WOODEN STOCKING DECORATION,3,2011-11-16 15:45:00,1.25,16809.0,United Kingdom
580727,21786,POLKADOT RAIN HAT ,2,2011-12-05 17:17:00,0.83,14096.0,United Kingdom
568095,23281,FOLDING BUTTERFLY MIRROR RED  ,12,2011-09-23 14:49:00,0.83,14911.0,EIRE
511346,21327,SKULLS WRITING SET ,3,2010-06-08 10:49:00,1.65,17238.0,United Kingdom
533423,84997C,BLUE 3 PIECE POLKADOT CUTLERY SET,5,2010-11-17 11:19:00,3.75,16386.0,United Kingdom
489548,22196,SMALL HEART MEASURING SPOONS,8,2009-12-01 12:32:00,0.85,,United Kingdom
580632,85184C,SET 4 VALENTINE DECOUPAGE HEART BOX,2,2011-12-05 12:16:00,2.95,16360.0,United Kingdom
540168,22365,DOORMAT RESPECTABLE HOUSE,2,2011-01-05 12:15:00,7.95,13715.0,United Kingdom
537399,22952,60 CAKE CASES VINTAGE CHRISTMAS,3,2010-12-06 14:31:00,0.55,13030.0,United Kingdom
555383,22112,CHOCOLATE HOT WATER BOTTLE,1,2011-06-02 15:13:00,4.95,12517.0,Germany
540821,84356,POMPOM CURTAIN,1,2011-01-11 13:16:00,5.91,,United Kingdom
547098,22617,BAKING SET SPACEBOY DESIGN,3,2011-03-21 10:13:00,4.95,16384.0,United Kingdom
556408,22645,CERAMIC HEART FAIRY CAKE MONEY BANK,4,2011-06-10 11:54:00,1.45,13533.0,United Kingdom
524437,22983,"CARD, BILLBOARD FONT",144,2010-09-29 10:57:00,0.36,17511.0,United Kingdom
550822,21872,GLAMOROUS  MUG,12,2011-04-21 09:26:00,1.25,14001.0,United Kingdom
490490,85097B,BLUE ROCKING SINGING CANARY,2,2009-12-06 13:10:00,3.75,14546.0,United Kingdom
511497,22178,VICTORIAN GLASS HANGING T-LIGHT,24,2010-06-08 14:40:00,1.25,13089.0,United Kingdom
506146,22356,"CHARLOTTE BAG , PINK/WHITE SPOTS",3,2010-04-27 16:45:00,1.66,,United Kingdom
512386,POST,POSTAGE,7,2010-06-15 12:14:00,18.0,12472.0,Germany
564757,21179,NO JUNK MAIL METAL SIGN,1,2011-08-30 10:36:00,1.63,,United Kingdom
516752,22399,MAGNETS PACK OF 4 CHILDHOOD MEMORY,1,2010-07-22 16:01:00,1.25,13031.0,United Kingdom
538051,84985A,SET OF 72 GREEN PAPER DOILIES,1,2010-12-09 13:24:00,1.45,18041.0,United Kingdom
560772,22342,HOME GARLAND PAINTED ZINC ,1,2011-07-20 16:12:00,1.63,,United Kingdom
578270,21932,SCANDINAVIAN PAISLEY PICNIC BAG,2,2011-11-23 13:39:00,2.46,14096.0,United Kingdom
563694,23298,SPOTTY BUNTING,9,2011-08-18 13:16:00,4.95,14741.0,United Kingdom
492242,21527,RETRO SPOT TRADITIONAL TEAPOT ,2,2009-12-16 09:23:00,7.95,15312.0,United Kingdom
568805,23199,JUMBO BAG APPLES,10,2011-09-29 10:55:00,2.08,12826.0,United Kingdom
537237,22581,WOOD STOCKING CHRISTMAS SCANDISPOT,2,2010-12-06 09:58:00,1.66,,United Kingdom
517854,22605,WOODEN CROQUET GARDEN SET,1,2010-08-02 13:48:00,25.49,,United Kingdom
530140,22147,FELTCRAFT BUTTERFLY HEARTS,1,2010-11-01 16:45:00,3.36,,United Kingdom
490526,21340,CLASSIC METAL BIRDCAGE PLANT HOLDER,3,2009-12-06 15:41:00,12.75,17858.0,United Kingdom
489855,82494L,WOODEN FRAME ANTIQUE WHITE ,2,2009-12-02 14:34:00,2.95,16987.0,United Kingdom
494679,47594A,CAROUSEL DESIGN WASHBAG,6,2010-01-18 10:23:00,1.95,12877.0,United Kingdom
515411,22622,BOX OF VINTAGE ALPHABET BLOCKS,2,2010-07-12 12:44:00,9.95,14667.0,United Kingdom
568159,22726,ALARM CLOCK BAKELIKE GREEN,8,2011-09-25 12:22:00,3.75,17719.0,United Kingdom
527924,22502,PICNIC BASKET WICKER SMALL,1,2010-10-19 13:19:00,5.95,17967.0,United Kingdom
547202,84078A,SET/4 WHITE RETRO STORAGE CUBES ,1,2011-03-21 13:38:00,39.95,17841.0,United Kingdom
C551464,22418,10 COLOUR SPACEBOY PEN,-48,2011-04-28 16:15:00,0.85,13085.0,United Kingdom
545661,84536A,ENGLISH ROSE NOTEBOOK A7 SIZE,16,2011-03-04 14:41:00,0.42,15358.0,United Kingdom
518086,22662,LUNCH BAG DOLLY GIRL DESIGN,10,2010-08-04 14:27:00,1.65,16722.0,United Kingdom
500267,84880,WHITE WIRE EGG HOLDER,6,2010-03-05 14:39:00,5.95,15978.0,United Kingdom
545429,22957,SET 3 PAPER VINTAGE CHICK PAPER EGG,1,2011-03-02 14:46:00,2.95,15031.0,United Kingdom
536975,22952,60 CAKE CASES VINTAGE CHRISTMAS,24,2010-12-03 14:04:00,0.55,14911.0,EIRE
576303,22810,SET OF 6 T-LIGHTS SNOWMEN,1,2011-11-14 14:51:00,2.95,15532.0,United Kingdom
502488,17107D,"FLOWER FAIRY,5 SUMMER B'DRAW LINERS",6,2010-03-25 09:44:00,2.55,12540.0,Spain
524706,22080,RIBBON REEL POLKADOTS ,1,2010-09-30 12:33:00,4.21,,United Kingdom
532671,84946,ANTIQUE SILVER TEA GLASS ETCHED,12,2010-11-14 11:50:00,1.25,16923.0,United Kingdom
522310,22145,CHRISTMAS CRAFT HEART STOCKING ,1,2010-09-13 15:12:00,4.21,,United Kingdom
495070,21901,"KEY FOB , BACK DOOR ",1,2010-01-20 17:50:00,1.66,,United Kingdom
540418,47594B,SCOTTIES DESIGN WASHBAG,1,2011-01-07 11:04:00,1.66,,United Kingdom
559506,84970S,HANGING HEART ZINC T-LIGHT HOLDER,1,2011-07-08 15:17:00,2.08,,United Kingdom
580611,21833,CAMOUFLAGE LED TORCH,6,2011-12-05 11:49:00,1.69,12748.0,United Kingdom
573300,22306,SILVER MUG BONE CHINA TREE OF LIFE,2,2011-10-28 16:10:00,1.06,16049.0,United Kingdom
512920,47591C,BLUE FAIRY CAKE CHILD'S APRON,10,2010-06-18 16:36:00,1.95,17883.0,United Kingdom
573808,23264,SET OF 3 WOODEN SLEIGH DECORATIONS,2,2011-11-01 11:29:00,1.25,14419.0,United Kingdom
522089,22411,JUMBO SHOPPER VINTAGE RED PAISLEY,7,2010-09-12 12:41:00,1.95,16387.0,United Kingdom
554151,84581,DOG TOY WITH PINK CROCHET SKIRT,2,2011-05-23 11:07:00,3.75,14049.0,United Kingdom
527392,22411,JUMBO SHOPPER VINTAGE RED PAISLEY,2,2010-10-17 13:28:00,1.95,14044.0,United Kingdom
539958,10125,MINI FUNKY DESIGN TAPES,7,2010-12-23 13:26:00,0.81,,United Kingdom
496323,22224,WHITE LOVEBIRD LANTERN,6,2010-01-31 12:49:00,2.95,14820.0,United Kingdom
532660,85123A,WHITE HANGING HEART T-LIGHT HOLDER,8,2010-11-14 11:19:00,2.95,17377.0,United Kingdom
568710,22096,PINK PAISLEY SQUARE TISSUE BOX ,4,2011-09-28 15:42:00,0.39,14649.0,United Kingdom
554938,21731,RED TOADSTOOL LED NIGHT LIGHT,12,2011-05-27 13:34:00,1.65,12876.0,Belgium
534383,22154,ANGEL DECORATION 3 BUTTONS ,12,2010-11-22 12:53:00,0.42,14527.0,United Kingdom
552039,23207,LUNCH BAG ALPHABET DESIGN,20,2011-05-06 08:10:00,1.65,13081.0,United Kingdom
503924,22198,LARGE POPCORN HOLDER ,12,2010-04-08 13:16:00,1.65,15298.0,United Kingdom
564838,85036A,GARDENIA 1 WICK MORRIS BOXED CANDLE,1,2011-08-30 12:43:00,8.29,,United Kingdom
576851,23500,KEY RING BASEBALL BOOT ASSORTED ,3,2011-11-16 15:41:00,1.25,15967.0,United Kingdom
518754,21326,AGED GLASS SILVER T-LIGHT HOLDER,12,2010-08-11 12:54:00,0.65,17615.0,United Kingdom
579187,22195,LARGE HEART MEASURING SPOONS,2,2011-11-28 15:31:00,3.29,,United Kingdom
522068,79066K,RETRO MOD TRAY,2,2010-09-10 17:19:00,0.85,16549.0,United Kingdom
495804,82599,FANNY'S REST STOPMETAL SIGN,1,2010-01-26 17:48:00,4.21,,United Kingdom
512589,82581,TOILET METAL SIGN,1,2010-06-16 16:04:00,1.28,,United Kingdom
512120,21216,"SET 3 RED SPOT TIN TEA,COFFEE,SUGAR",1,2010-06-13 15:48:00,4.95,14581.0,United Kingdom
568517,22534,MAGIC DRAWING SLATE SPACEBOY ,2,2011-09-27 12:52:00,0.42,14456.0,United Kingdom
492015,22109,FULL ENGLISH BREAKFAST PLATE,8,2009-12-15 12:00:00,3.75,14911.0,EIRE
534289,22489,PACK OF 12 TRADITIONAL CRAYONS,1,2010-11-22 11:25:00,0.85,,United Kingdom
493066,79163,BLACK CHAMPAGNE GLASS,4,2009-12-21 17:14:00,1.65,,United Kingdom
500918,84450B,PINK/YELLOW RABBIT SAT EASTER,1,2010-03-11 10:30:00,0.81,,United Kingdom
489446,22178,VICTORIAN GLASS HANGING T-LIGHT,12,2009-12-01 10:06:00,1.25,13758.0,United Kingdom
576386,72802A,ROSE SCENT CANDLE IN JEWELLED BOX,36,2011-11-15 09:42:00,3.81,13777.0,United Kingdom
552259,21908,CHOCOLATE THIS WAY METAL SIGN,6,2011-05-08 11:13:00,2.1,15796.0,United Kingdom
557305,23298,SPOTTY BUNTING,1,2011-06-19 14:42:00,4.95,13568.0,United Kingdom
519214,22139,RETRO SPOT TEA SET CERAMIC 11 PC ,9,2010-08-15 11:26:00,4.95,16043.0,United Kingdom
547872,22326,ROUND SNACK BOXES SET OF4 WOODLAND ,1,2011-03-27 14:34:00,2.95,16777.0,United Kingdom
513050,82482,WOODEN PICTURE FRAME WHITE FINISH,2,2010-06-21 13:18:00,2.55,14493.0,United Kingdom
498918,84686,BEACH HUT MIRROR,2,2010-02-24 08:50:00,4.25,15607.0,United Kingdom
491101,21255,"FRENCH BOTTLE , LAVENDER",3,2009-12-09 14:16:00,1.65,17449.0,United Kingdom
513016,85099F,JUMBO BAG STRAWBERRY,10,2010-06-21 11:38:00,1.95,15039.0,United Kingdom
555845,22986,WRAP GINGHAM ROSE ,25,2011-06-07 13:19:00,0.42,17015.0,United Kingdom
571705,21558,SKULL LUNCH BOX WITH CUTLERY ,6,2011-10-18 15:22:00,2.55,12360.0,Austria
578233,23121,PACK OF 6 COCKTAIL PARASOL STRAWS,1,2011-11-23 12:20:00,0.42,14049.0,United Kingdom
535285,84991,60 TEATIME FAIRY CAKE CASES,24,2010-11-25 14:25:00,0.55,15755.0,United Kingdom
549953,22383,LUNCH BAG SUKI DESIGN ,10,2011-04-13 13:15:00,1.65,12766.0,Portugal
497628,22382,LUNCH BAG SPACEBOY DESIGN ,2,2010-02-11 13:03:00,1.65,15005.0,United Kingdom
564740,23198,PANTRY MAGNETIC  SHOPPING LIST,1,2011-08-28 14:39:00,1.45,14044.0,United Kingdom
539313,84924A,WAKE UP COCKEREL CALENDAR SIGN ,4,2010-12-16 18:18:00,3.75,14220.0,United Kingdom
553915,48188,DOORMAT WELCOME PUPPIES,2,2011-05-19 19:51:00,7.95,18225.0,United Kingdom
576704,21243,PINK POLKADOT PLATE ,2,2011-11-16 12:29:00,1.69,14527.0,United Kingdom
508090,21976,PACK OF 60 MUSHROOM CAKE CASES,120,2010-05-12 16:51:00,0.42,12482.0,Sweden
537201,22337,ANGEL DECORATION PAINTED ZINC ,24,2010-12-05 14:19:00,0.65,12472.0,Germany
536557,22678,FRENCH BLUE METAL DOOR SIGN 3,3,2010-12-01 14:41:00,1.25,17841.0,United Kingdom
507414,21258,VICTORIAN SEWING BOX LARGE,1,2010-05-09 14:14:00,12.75,14107.0,United Kingdom
496444,22261,FELT EGG COSY WHITE RABBIT ,6,2010-02-01 13:52:00,0.85,15311.0,United Kingdom
578534,23301,GARDENERS KNEELING PAD KEEP CALM ,4,2011-11-24 14:51:00,1.65,15725.0,United Kingdom
C568598,84032B,CHARLIE + LOLA RED HOT WATER BOTTLE,-2,2011-09-28 11:19:00,2.95,15737.0,United Kingdom
574656,23103,JINGLE BELL HEART DECORATION,24,2011-11-06 11:36:00,1.65,16434.0,United Kingdom
578305,23555,LANDMARK FRAME NOTTING HILL ,3,2011-11-23 15:44:00,10.95,14088.0,United Kingdom
564540,21351,CINAMMON & ORANGE WREATH,1,2011-08-25 15:34:00,6.75,12748.0,United Kingdom
564643,21899,GARAGE KEY FOB,3,2011-08-26 13:25:00,0.65,15356.0,United Kingdom
542626,21936,RED RETROSPOT PICNIC BAG,5,2011-01-31 09:51:00,2.95,12720.0,Germany
574896,22573,STAR WOODEN CHRISTMAS DECORATION,1,2011-11-07 14:51:00,0.85,17014.0,United Kingdom
514974,82552,WASHROOM METAL SIGN,6,2010-07-07 12:45:00,1.25,14467.0,United Kingdom
521954,22697,GREEN REGENCY TEACUP AND SAUCER,2,2010-09-09 17:46:00,2.95,17180.0,United Kingdom
537059,22754,SMALL RED BABUSHKA NOTEBOOK ,1,2010-12-05 11:54:00,0.85,14813.0,United Kingdom
556108,21650,ASSORTED TUTTI FRUTTI BRACELET,1,2011-06-08 17:59:00,0.83,,United Kingdom
541947,23231,WRAP DOILEY DESIGN,25,2011-01-24 11:56:00,0.42,18161.0,United Kingdom
536590,85123A,WHITE HANGING HEART T-LIGHT HOLDER,6,2010-12-01 16:52:00,2.95,13065.0,United Kingdom
565757,23328,SET 6 SCHOOL MILK BOTTLES IN CRATE,4,2011-09-06 13:29:00,3.75,17339.0,United Kingdom
557129,22498,WOODEN REGATTA BUNTING,1,2011-06-16 19:59:00,5.95,17841.0,United Kingdom
572550,22076,6 RIBBONS EMPIRE  ,1,2011-10-24 17:06:00,1.25,,United Kingdom
493073,84536A,ENGLISH ROSE NOTEBOOK A7 SIZE,3,2009-12-22 09:41:00,0.83,,United Kingdom
502870,22256,FELT FARM ANIMAL CHICKEN,12,2010-03-28 16:17:00,1.25,13373.0,United Kingdom
497353,21357,TOAST ITS - DINOSAUR,1,2010-02-08 16:48:00,2.51,,United Kingdom
573873,85099C,JUMBO  BAG BAROQUE BLACK WHITE,5,2011-11-01 12:39:00,2.08,17346.0,United Kingdom
494638,22367,CHILDS APRON SPACEBOY DESIGN,5,2010-01-17 11:03:00,1.95,16782.0,United Kingdom
538053,47480,HANGING PHOTO CLIP ROPE LADDER,96,2010-12-09 13:34:00,1.45,15856.0,United Kingdom
534459,82551,LAUNDRY 15C METAL SIGN,1,2010-11-23 09:12:00,2.51,,United Kingdom
509012,22443,GROW YOUR OWN HERBS SET OF 3,1,2010-05-19 13:32:00,7.95,17623.0,United Kingdom
546890,84978,HANGING HEART JAR T-LIGHT HOLDER,36,2011-03-17 18:18:00,1.06,13394.0,United Kingdom
570200,22998,TRAVEL CARD WALLET KEEP CALM,10,2011-10-07 16:03:00,0.42,16918.0,United Kingdom
515340,85049B,LUSH GREENS RIBBONS,1,2010-07-11 17:21:00,1.25,,United Kingdom
499778,85066,CREAM SWEETHEART MINI CHEST,2,2010-03-02 14:03:00,12.75,16177.0,United Kingdom
504675,21755,LOVE BUILDING BLOCK WORD,2,2010-04-15 15:28:00,5.95,15722.0,United Kingdom
524558,21914,BLUE HARMONICA IN BOX ,2,2010-09-29 14:36:00,2.51,,United Kingdom
556500,23175,REGENCY MILK JUG PINK ,4,2011-06-13 07:58:00,3.25,13468.0,United Kingdom
555573,22814,CARD PARTY GAMES ,12,2011-06-05 15:46:00,0.42,15349.0,United Kingdom
516985,21928,JUMBO BAG SCANDINAVIAN PAISLEY,1,2010-07-26 10:59:00,5.06,,United Kingdom
576056,23263,SET OF 3 WOODEN HEART DECORATIONS,12,2011-11-13 15:04:00,1.25,17720.0,United Kingdom
540358,21620,SET OF 4 ROSE BOTANICAL CANDLES,12,2011-01-06 15:25:00,1.25,13599.0,United Kingdom
543371,22371,AIRLINE BAG VINTAGE TOKYO 78,1,2011-02-07 14:53:00,4.25,14048.0,United Kingdom
564060,22483,RED GINGHAM TEDDY BEAR ,2,2011-08-22 14:37:00,2.95,17073.0,United Kingdom
574914,22086,PAPER CHAIN KIT 50'S CHRISTMAS ,5,2011-11-07 16:16:00,2.95,17109.0,United Kingdom
524197,22629,SPACEBOY LUNCH BOX ,1,2010-09-28 09:36:00,2.51,,United Kingdom
491105,85123A,WHITE HANGING HEART T-LIGHT HOLDER,6,2009-12-09 14:25:00,2.95,16755.0,United Kingdom
580819,35953,FOLKART STAR CHRISTMAS DECORATIONS,12,2011-12-06 11:30:00,0.39,15318.0,United Kingdom
557023,84580,MOUSE TOY WITH PINK T-SHIRT,4,2011-06-16 13:04:00,3.75,16225.0,United Kingdom
499596,20961,STRAWBERRY BATH SPONGE ,2,2010-03-01 12:21:00,1.25,16511.0,United Kingdom
551124,84997B,CHILDRENS CUTLERY RETROSPOT RED ,4,2011-04-26 12:47:00,4.15,15738.0,United Kingdom
516265,21733,RED HANGING HEART T-LIGHT HOLDER,1,2010-07-19 12:07:00,2.95,16782.0,United Kingdom
577058,22154,ANGEL DECORATION 3 BUTTONS ,10,2011-11-17 14:29:00,0.42,18122.0,United Kingdom
523425,22596,CHRISTMAS STAR WISH LIST CHALKBOARD,12,2010-09-22 10:22:00,0.85,16700.0,United Kingdom
558475,22677,FRENCH BLUE METAL DOOR SIGN 2,1,2011-06-29 15:58:00,2.46,,United Kingdom
558232,20723,STRAWBERRY CHARLOTTE BAG,2,2011-06-27 14:30:00,0.85,17841.0,United Kingdom
547812,82484,WOOD BLACK BOARD ANT WHITE FINISH,300,2011-03-25 14:06:00,4.77,18102.0,United Kingdom
498224,21238,RED SPOTTY CUP,8,2010-02-17 14:24:00,0.85,17757.0,United Kingdom
559327,21163,DO NOT TOUCH MY STUFF DOOR HANGER ,24,2011-07-07 15:21:00,0.39,13681.0,United Kingdom
575930,23077,DOUGHNUT LIP GLOSS ,4,2011-11-11 17:58:00,2.46,,United Kingdom
561236,22379,RECYCLING BAG RETROSPOT ,5,2011-07-26 10:27:00,2.1,15159.0,United Kingdom
507660,85119,WATERING CAN SINGLE HOOK PISTACHIO,8,2010-05-10 16:44:00,1.69,12675.0,Italy
520018,84206A,3 BLACK CATS W HEARTS BLANK CARD,6,2010-08-23 11:58:00,0.19,18140.0,West Indies
529039,21833,CAMOUFLAGE LED TORCH,12,2010-10-26 11:47:00,1.69,16422.0,United Kingdom
521646,21931,JUMBO STORAGE BAG SUKI,1,2010-09-07 13:20:00,4.21,,United Kingdom
579167,22233,JIGSAW RABBIT AND BIRDHOUSE,2,2011-11-28 14:06:00,0.59,16800.0,United Kingdom
563549,20679,EDWARDIAN PARASOL RED,1,2011-08-17 12:34:00,12.46,,United Kingdom
530288,22809,SET OF 6 T-LIGHTS SANTA,1,2010-11-02 12:16:00,2.95,14593.0,United Kingdom
537995,21481,FAWN BLUE HOT WATER BOTTLE,6,2010-12-09 11:39:00,2.95,12712.0,Germany
527375,21154,RED RETROSPOT OVEN GLOVE ,6,2010-10-17 12:34:00,1.25,14850.0,United Kingdom
496490,21643,ASSORTED TUTTI FRUTTI MIRROR,1,2010-02-01 17:18:00,2.51,,United Kingdom
558771,22356,CHARLOTTE BAG PINK POLKADOT,10,2011-07-03 15:53:00,0.85,17105.0,United Kingdom
542692,22189,CREAM HEART CARD HOLDER,3,2011-01-31 12:35:00,3.95,14467.0,United Kingdom
579512,21523,DOORMAT FANCY FONT HOME SWEET HOME,1,2011-11-29 16:47:00,15.79,,United Kingdom
573585,22024,RAINY LADIES BIRTHDAY CARD,2,2011-10-31 14:41:00,0.83,,United Kingdom
504882,84912B,GREEN ROSE WASHBAG,3,2010-04-18 13:12:00,3.75,14395.0,United Kingdom
567879,23368,SET 12 COLOUR PENCILS DOLLY GIRL ,24,2011-09-22 14:53:00,0.65,16161.0,United Kingdom
559052,47471,RAINBOW PEGS PHOTO CLIP STRING,4,2011-07-05 16:53:00,1.46,,United Kingdom
566583,23028,DRAWER KNOB CRACKLE GLAZE BLUE,6,2011-09-13 13:55:00,1.65,15343.0,United Kingdom
495388,22151,PLACE SETTING WHITE HEART,24,2010-01-24 15:14:00,0.42,15680.0,United Kingdom
528152,21791,VINTAGE HEADS AND TAILS CARD GAME ,12,2010-10-20 16:27:00,1.25,12387.0,Australia
499264,47591C,BLUE FAIRY CAKE CHILD'S APRON,50,2010-02-25 15:39:00,1.65,18041.0,United Kingdom
496088,21499,BLUE SPOTS  WRAP,25,2010-01-29 09:13:00,0.42,13557.0,United Kingdom
C495528,85042,ANTIQUE LILY FAIRY LIGHTS,-1,2010-01-25 15:00:00,4.95,17610.0,United Kingdom
499023,21034,REX CASH+CARRY JUMBO SHOPPER,4,2010-02-24 12:20:00,0.95,15984.0,United Kingdom
537638,22739,RIBBON REEL CHRISTMAS SOCK BAUBLE,3,2010-12-07 15:28:00,3.36,,United Kingdom
505657,37447,CERAMIC CAKE DESIGN SPOTTED PLATE,12,2010-04-23 14:38:00,1.49,13126.0,United Kingdom
576078,21382,SET/4 SPRING FLOWER DECORATION,1,2011-11-13 16:22:00,0.75,14432.0,United Kingdom
566033,22767,TRIPLE PHOTO FRAME CORNICE ,1,2011-09-08 13:07:00,9.95,16031.0,United Kingdom
555108,48138,DOORMAT UNION FLAG,1,2011-05-31 14:18:00,7.95,18231.0,United Kingdom
491868,21895,POTTING SHED SOW 'N' GROW SET,4,2009-12-14 15:07:00,4.25,14042.0,United Kingdom
575333,23318,BOX OF 6 MINI VINTAGE CRACKERS,12,2011-11-09 13:54:00,2.49,13209.0,United Kingdom
520815,21889,WOODEN BOX OF DOMINOES,2,2010-08-31 11:40:00,1.25,15910.0,United Kingdom
531382,22631,CIRCUS PARADE LUNCH BOX ,1,2010-11-07 16:29:00,1.95,16549.0,United Kingdom
496628,21288,STRIPEY CHOCOLATE NESTING BOXES,6,2010-02-03 10:22:00,2.95,16755.0,United Kingdom
510623,22716,CARD CIRCUS PARADE,72,2010-06-02 11:11:00,0.36,17511.0,United Kingdom
531843,22297,HEART IVORY TRELLIS SMALL,1,2010-11-10 09:34:00,2.51,,United Kingdom
490613,21985,PACK OF 12 HEARTS DESIGN TISSUES ,12,2009-12-07 11:47:00,0.29,16768.0,United Kingdom
568697,20972,PINK CREAM FELT CRAFT TRINKET BOX ,144,2011-09-28 14:57:00,1.06,16281.0,United Kingdom
580291,22898,CHILDRENS APRON APPLES DESIGN,6,2011-12-02 13:36:00,1.95,15539.0,United Kingdom
577358,23300,GARDENERS KNEELING PAD CUP OF TEA ,1,2011-11-18 15:59:00,3.29,,United Kingdom
545717,84347,ROTATING SILVER ANGELS T-LIGHT HLDR,1,2011-03-07 10:15:00,5.79,,United Kingdom
570292,22963,JAM JAR WITH GREEN LID,12,2011-10-10 11:59:00,0.85,13418.0,United Kingdom
566281,21872,GLAMOROUS  MUG,6,2011-09-11 14:15:00,1.25,12748.0,United Kingdom
532755,22374,AIRLINE BAG VINTAGE JET SET RED,4,2010-11-14 13:38:00,4.25,17288.0,United Kingdom
539739,21035,SET/2 RED RETROSPOT TEA TOWELS ,1,2010-12-21 15:19:00,5.91,,United Kingdom
505741,22459,CAST IRON HOOK GARDEN TROWEL,2,2010-04-25 15:56:00,2.55,16984.0,United Kingdom
569137,22069,BROWN  PIRATE TREASURE CHEST ,2,2011-09-30 14:45:00,4.13,,United Kingdom
502248,22432,WATERING CAN PINK BUNNY,1,2010-03-23 14:06:00,4.21,,United Kingdom
524214,22574,HEART WOODEN CHRISTMAS DECORATION,2,2010-09-28 10:49:00,0.85,17348.0,United Kingdom
497632,21383,PACK OF 12 STICKY BUNNIES,6,2010-02-11 13:41:00,0.65,16918.0,United Kingdom
561029,POST,POSTAGE,2,2011-07-24 11:25:00,18.0,12490.0,France
535794,22326,ROUND SNACK BOXES SET OF4 WOODLAND ,18,2010-11-28 14:33:00,2.95,12481.0,Germany
561195,79321,CHILLI LIGHTS,1,2011-07-25 13:57:00,5.75,14796.0,United Kingdom
505232,72351B,SET/6 PINK  BUTTERFLY T-LIGHTS,12,2010-04-21 10:43:00,1.69,17448.0,United Kingdom
531496,84032A,CHARLIE+LOLA PINK HOT WATER BOTTLE,1,2010-11-08 15:23:00,2.95,13738.0,United Kingdom
580367,23319,BOX OF 6 MINI 50'S CRACKERS,3,2011-12-02 16:39:00,4.96,,United Kingdom
572935,22909,SET OF 20 VINTAGE CHRISTMAS NAPKINS,24,2011-10-27 10:26:00,0.85,14189.0,United Kingdom
552250,22556,PLASTERS IN TIN CIRCUS PARADE ,1,2011-05-06 19:55:00,1.65,12748.0,United Kingdom
522464,82482,WOODEN PICTURE FRAME WHITE FINISH,2,2010-09-14 17:50:00,5.06,,United Kingdom
573029,22277,COSMETIC BAG VINTAGE ROSE PAISLEY,3,2011-10-27 13:33:00,2.1,14971.0,United Kingdom
558534,21497,FANCY FONTS BIRTHDAY WRAP,25,2011-06-30 11:54:00,0.42,13988.0,United Kingdom
551160,21231,SWEETHEART CERAMIC TRINKET BOX,12,2011-04-26 15:04:00,1.25,15237.0,United Kingdom
508483,47552A,DOTS IRONING BOARD COVER,1,2010-05-16 12:51:00,1.95,17841.0,United Kingdom
490963,22077,6 RIBBONS RUSTIC CHARM,1,2009-12-08 15:49:00,3.43,,United Kingdom
541138,21365,MIRRORED WALL ART STARS,6,2011-01-14 10:42:00,2.95,12553.0,France
562850,21931,JUMBO STORAGE BAG SUKI,100,2011-08-10 10:08:00,1.79,14680.0,United Kingdom
540372,22933,BAKING MOULD EASTER EGG MILK CHOC,6,2011-01-06 16:41:00,2.95,13081.0,United Kingdom
524613,84378,SET OF 3 HEART COOKIE CUTTERS,12,2010-09-30 09:39:00,1.25,14004.0,United Kingdom
532674,20961,STRAWBERRY BATH SPONGE ,1,2010-11-14 11:54:00,1.25,,United Kingdom
543774,82600,NO SINGING METAL SIGN,48,2011-02-11 15:56:00,1.85,15856.0,United Kingdom
577095,22971,QUEENS GUARD COFFEE MUG,6,2011-11-17 16:39:00,2.55,15867.0,United Kingdom
576391,22110,BIRD HOUSE HOT WATER BOTTLE,2,2011-11-15 10:13:00,5.79,,United Kingdom
548190,47570B,TEA TIME TABLE CLOTH,27,2011-03-29 15:18:00,8.49,17511.0,United Kingdom
561698,23096,PETIT TRAY CHIC,12,2011-07-29 10:21:00,1.65,15974.0,United Kingdom
572459,22070,SMALL RED RETROSPOT MUG IN BOX ,24,2011-10-24 12:53:00,3.75,14911.0,EIRE
537781,22297,HEART IVORY TRELLIS SMALL,1,2010-12-08 12:46:00,1.25,17341.0,United Kingdom
532364,22355,CHARLOTTE BAG SUKI DESIGN,4,2010-11-11 17:28:00,0.85,14713.0,United Kingdom
552508,21879,HEARTS GIFT TAPE,1,2011-05-09 16:27:00,1.63,,United Kingdom
516309,84632,DECORATIVE HANGING SHELVING UNIT,4,2010-07-19 14:09:00,49.95,14426.0,United Kingdom
507710,21504,SKULLS GREETING CARD,12,2010-05-11 11:29:00,0.42,13206.0,United Kingdom
573117,85049A,TRADITIONAL CHRISTMAS RIBBONS,24,2011-10-27 16:11:00,1.25,16688.0,United Kingdom
564841,22114,HOT WATER BOTTLE TEA AND SYMPATHY,3,2011-08-30 13:42:00,9.13,,United Kingdom
505358,37503,TEA TIME CAKE STAND IN GIFT BOX,2,2010-04-21 15:24:00,10.75,14605.0,United Kingdom
554993,84991,60 TEATIME FAIRY CAKE CASES,12,2011-05-29 14:13:00,0.55,17051.0,United Kingdom
527428,22398,MAGNETS PACK OF 4 SWALLOWS,6,2010-10-17 16:17:00,1.25,16283.0,United Kingdom
523911,22665,RECIPE BOX BLUE SKETCHBOOK DESIGN,1,2010-09-24 16:06:00,5.91,,United Kingdom
560537,22355,CHARLOTTE BAG SUKI DESIGN,10,2011-07-19 12:19:00,0.85,17779.0,United Kingdom
537900,22739,RIBBON REEL CHRISTMAS SOCK BAUBLE,5,2010-12-09 10:45:00,1.65,15983.0,United Kingdom
520815,22653,BUTTON BOX ,3,2010-08-31 11:40:00,1.95,15910.0,United Kingdom
C525550,22338,STAR DECORATION PAINTED ZINC ,-2,2010-10-05 19:31:00,0.65,15270.0,United Kingdom
497353,21196,ROUND WHITE CONFETTI IN TUBE,1,2010-02-08 16:48:00,3.36,,United Kingdom
569037,85049A,TRADITIONAL CHRISTMAS RIBBONS,2,2011-09-30 10:45:00,1.25,13263.0,United Kingdom
565748,84832,ZINC WILLIE WINKIE  CANDLE STICK,24,2011-09-06 12:38:00,0.85,14156.0,EIRE
526286,82494L,WOODEN FRAME ANTIQUE WHITE ,2,2010-10-11 11:53:00,2.95,14704.0,United Kingdom
492425,90143,SILVER BRACELET W PASTEL FLOWER,1,2009-12-16 17:58:00,8.24,,United Kingdom
536945,20751,FUNKY WASHING UP GLOVES ASSORTED,1,2010-12-03 12:24:00,2.1,14083.0,United Kingdom
530763,47590B,PINK HAPPY BIRTHDAY BUNTING,3,2010-11-04 11:59:00,5.45,15379.0,United Kingdom
577751,23534,WALL ART STOP FOR TEA ,1,2011-11-21 14:34:00,5.95,12904.0,United Kingdom
527753,22580,ADVENT CALENDAR GINGHAM SACK,2,2010-10-18 16:52:00,5.95,14572.0,United Kingdom
568065,22943,CHRISTMAS LIGHTS 10 VINTAGE BAUBLES,3,2011-09-23 13:44:00,4.95,16240.0,United Kingdom
562619,22178,VICTORIAN GLASS HANGING T-LIGHT,6,2011-08-08 12:34:00,1.25,15311.0,United Kingdom
520815,22196,SMALL HEART MEASURING SPOONS,1,2010-08-31 11:40:00,0.85,15910.0,United Kingdom
552864,22209,WOOD STAMP SET HAPPY BIRTHDAY,6,2011-05-11 17:13:00,1.65,13235.0,United Kingdom
578827,22544,MINI JIGSAW SPACEBOY,1,2011-11-25 14:25:00,0.83,,United Kingdom
538637,22977,DOLLY GIRL CHILDRENS EGG CUP,2,2010-12-13 13:52:00,1.25,17611.0,United Kingdom
537638,22745,POPPY'S PLAYHOUSE BEDROOM ,1,2010-12-07 15:28:00,4.21,,United Kingdom
551519,22693,GROW A FLYTRAP OR SUNFLOWER IN TIN,24,2011-05-01 11:50:00,1.25,14304.0,United Kingdom
509829,20669,,-40,2010-05-25 17:40:00,0.0,,United Kingdom
528139,22813,PACK 3 BOXES BIRD PANNETONE ,2,2010-10-20 15:25:00,1.95,16372.0,United Kingdom
518146,22168,ORGANISER WOOD ANTIQUE WHITE ,1,2010-08-04 16:27:00,8.5,13044.0,United Kingdom
489529,20619,TROPICAL PASSPORT COVER ,1,2009-12-01 11:51:00,2.1,17984.0,United Kingdom
562517,84978,HANGING HEART JAR T-LIGHT HOLDER,6,2011-08-05 12:27:00,1.25,15719.0,United Kingdom
500159,21238,RED SPOTTY CUP,3,2010-03-04 18:27:00,0.85,14159.0,United Kingdom
C579778,23460,SWEETHEART WALL TIDY ,-1,2011-11-30 15:14:00,9.95,14217.0,United Kingdom
510637,21086,SET/6 RED SPOTTY PAPER CUPS,1,2010-06-02 11:54:00,1.66,,United Kingdom
518148,21691,SILVER VANILLA FLOWER CANDLE POT,1,2010-08-04 16:38:00,3.75,16334.0,United Kingdom
574029,84991,60 TEATIME FAIRY CAKE CASES,24,2011-11-02 12:34:00,0.55,12955.0,United Kingdom
511346,22714,CARD BIRTHDAY COWBOY,12,2010-06-08 10:49:00,0.42,17238.0,United Kingdom
542207,40016,CHINESE DRAGON PAPER LANTERNS,456,2011-01-26 11:34:00,0.42,16422.0,United Kingdom
569255,23542,70'S ALPHABET WALL ART,78,2011-10-03 11:01:00,6.67,18102.0,United Kingdom
525825,22908,PACK OF 20 NAPKINS RED APPLES,1,2010-10-07 11:46:00,0.85,15858.0,United Kingdom
567062,21704,BAG 250g SWIRLY MARBLES,12,2011-09-16 11:48:00,0.85,16108.0,United Kingdom
566981,23183,MOTHER'S KITCHEN SPOON REST ,6,2011-09-16 10:02:00,3.75,15498.0,United Kingdom
561515,20700,GREEN CAT FLORAL CUSHION COVER ,1,2011-07-27 15:16:00,4.13,,United Kingdom
495381,21498,RED SPOTS  WRAP ,25,2010-01-24 13:54:00,0.42,13327.0,United Kingdom
538638,84946,ANTIQUE SILVER TEA GLASS ETCHED,6,2010-12-13 14:16:00,1.25,17231.0,United Kingdom
500575,22472,TV DINNER TRAY DOLLY GIRL,1,2010-03-08 16:53:00,11.02,,United Kingdom
577700,22082,RIBBON REEL STRIPES DESIGN ,1,2011-11-21 12:06:00,1.65,14449.0,United Kingdom
522109,22553,PLASTERS IN TIN SKULLS,12,2010-09-12 14:58:00,1.65,17728.0,United Kingdom
500149,21794,CLASSIC FRENCH STYLE BASKET NATURAL,1,2010-03-04 17:40:00,6.75,17931.0,United Kingdom
491736,21311,SET/4 BIRD MIRROR MAGNETS ,6,2009-12-14 10:34:00,2.1,13013.0,United Kingdom
549678,48187,DOORMAT NEW ENGLAND,10,2011-04-11 12:57:00,6.75,16525.0,United Kingdom
567673,22165,"DIAMANTE HEART SHAPED WALL MIRROR, ",2,2011-09-21 15:43:00,10.79,,United Kingdom
536368,22914,BLUE COAT RACK PARIS FASHION,3,2010-12-01 08:34:00,4.95,13047.0,United Kingdom
581579,23344,JUMBO BAG 50'S CHRISTMAS ,20,2011-12-09 12:19:00,1.79,17581.0,United Kingdom
557745,23103,JINGLE BELL HEART DECORATION,3,2011-06-22 12:16:00,1.65,15750.0,United Kingdom
500341,22487,WHITE WOOD GARDEN PLANT LADDER,1,2010-03-07 14:31:00,9.95,16466.0,United Kingdom
498362,22358,KINGS CHOICE TEA CADDY ,24,2010-02-18 13:38:00,2.55,14952.0,United Kingdom
490957,21741,COSY SLIPPER SHOES LARGE GREEN,6,2009-12-08 15:12:00,2.95,15823.0,United Kingdom
515705,71053,WHITE METAL LANTERN,2,2010-07-14 12:32:00,3.75,16327.0,United Kingdom
543463,84971S,SMALL HEART FLOWERS HOOK ,24,2011-02-08 14:06:00,0.85,15311.0,United Kingdom
571828,20956,PORCELAIN T-LIGHT HOLDERS ASSORTED,12,2011-10-19 11:52:00,1.25,16440.0,United Kingdom
578667,23439,HAND WARMER RED LOVE HEART,2,2011-11-24 17:10:00,2.1,15514.0,United Kingdom
510426,22561,WOODEN SCHOOL COLOURING SET,6,2010-05-30 12:39:00,1.65,16011.0,United Kingdom
561686,20725,LUNCH BAG RED RETROSPOT,10,2011-07-29 08:29:00,1.65,13148.0,United Kingdom
547729,22560,TRADITIONAL MODELLING CLAY,6,2011-03-25 10:52:00,1.25,15529.0,United Kingdom
547375,22622,BOX OF VINTAGE ALPHABET BLOCKS,2,2011-03-22 14:24:00,9.95,13196.0,United Kingdom
489805,21491,SET OF THREE VINTAGE GIFT WRAPS,4,2009-12-02 12:39:00,1.95,17377.0,United Kingdom
540551,85039B,S/4 IVORY MINI ROSE CANDLE IN BOWL,11,2011-01-10 09:43:00,1.66,,United Kingdom
551995,22878,NUMBER TILE COTTAGE GARDEN No,1,2011-05-05 15:42:00,4.13,,United Kingdom
508508,20711,JUMBO BAG TOYS ,10,2010-05-17 09:03:00,1.95,14112.0,United Kingdom
551009,85150,LADIES & GENTLEMEN METAL SIGN,1,2011-04-26 09:50:00,4.96,,United Kingdom
575766,22251,BIRDHOUSE DECORATION MAGIC GARDEN,5,2011-11-11 11:06:00,1.25,12856.0,United Kingdom
565782,21539,RED RETROSPOT BUTTER DISH,1,2011-09-06 15:48:00,4.95,12748.0,United Kingdom
517861,21172,PARTY METAL SIGN ,2,2010-08-02 14:07:00,1.45,13090.0,United Kingdom
500567,46137D,GREEN CHENILLE SHAGGY RUG,30,2010-03-08 15:49:00,2.95,13694.0,United Kingdom
548757,22700,BLACK AND WHITE DOG BOWL,6,2011-04-04 12:31:00,2.95,17419.0,United Kingdom
509750,22384,LUNCH BAG PINK RETROSPOT,2,2010-05-25 14:05:00,4.21,,United Kingdom
569533,21902,"KEY FOB , FRONT  DOOR ",1,2011-10-04 15:21:00,0.65,16374.0,United Kingdom
493757,84997B,RED 3 PIECE MINI DOTS CUTLERY SET,6,2010-01-06 13:08:00,3.75,15712.0,United Kingdom
548156,21592,RETROSPOT CIGAR BOX MATCHES ,3,2011-03-29 13:22:00,1.25,14871.0,United Kingdom
568049,23191,BUNDLE OF 3 RETRO NOTE BOOKS,2,2011-09-23 12:38:00,1.65,17841.0,United Kingdom
537179,84879,ASSORTED COLOUR BIRD ORNAMENT,32,2010-12-05 13:29:00,1.69,13767.0,United Kingdom
524487,22898,CHILDRENS APRON APPLE DESIGN,2,2010-09-29 12:06:00,1.95,17068.0,United Kingdom
539958,22216,T-LIGHT HOLDER WHITE LACE,2,2010-12-23 13:26:00,0.81,,United Kingdom
564740,22666,RECIPE BOX PANTRY YELLOW DESIGN,1,2011-08-28 14:39:00,2.95,14044.0,United Kingdom
531842,84991,60 TEATIME FAIRY CAKE CASES,24,2010-11-10 09:19:00,0.55,17082.0,United Kingdom
558707,21787,RAIN PONCHO RETROSPOT,5,2011-07-01 12:58:00,0.85,12748.0,United Kingdom
528647,84659A,WHITE TRAVEL ALARM CLOCK,3,2010-10-24 12:36:00,2.55,14277.0,France
523839,22090,PAPER BUNTING RETRO SPOTS,12,2010-09-24 12:08:00,2.95,14001.0,United Kingdom
574683,21578,WOODLAND DESIGN  COTTON TOTE BAG,1,2011-11-06 12:50:00,2.25,16372.0,United Kingdom
543054,22300,COFFEE MUG DOG + BALL DESIGN,36,2011-02-03 10:39:00,2.1,13394.0,United Kingdom
577297,23103,JINGLE BELL HEART DECORATION,6,2011-11-18 12:48:00,1.65,14593.0,United Kingdom
558116,22203,MILK PAN RED RETROSPOT,1,2011-06-27 09:11:00,7.46,,United Kingdom
575730,21704,BAG 250g SWIRLY MARBLES,1,2011-11-10 19:53:00,0.85,14765.0,United Kingdom
552493,23299,FOOD COVER WITH BEADS SET 2 ,1,2011-05-09 16:21:00,7.46,,United Kingdom
577531,22142,CHRISTMAS CRAFT WHITE FAIRY ,1,2011-11-20 13:58:00,3.29,,United Kingdom
537144,22109,FULL ENGLISH BREAKFAST PLATE,1,2010-12-05 13:00:00,3.75,15880.0,United Kingdom
572567,22530,MAGIC DRAWING SLATE DOLLY GIRL ,24,2011-10-25 10:27:00,0.42,12398.0,Switzerland
489748,84078A,SET/4 WHITE RETRO STORAGE CUBES ,12,2009-12-02 11:26:00,34.95,12980.0,United Kingdom
530802,22818,CARD CHRISTMAS VILLAGE,24,2010-11-04 12:39:00,0.42,17362.0,United Kingdom
534035,85177,BASKET OF FLOWERS SEWING KIT,14,2010-11-19 15:50:00,0.85,13124.0,United Kingdom
491091,20726,LUNCH BAG WOODLAND,20,2009-12-09 13:34:00,1.65,16705.0,United Kingdom
526715,21976,PACK OF 60 MUSHROOM CAKE CASES,24,2010-10-12 16:40:00,0.55,12629.0,Sweden
561371,22197,POPCORN HOLDER,1,2011-07-26 16:25:00,1.63,,United Kingdom
534887,22842,BISCUIT TIN VINTAGE RED,1,2010-11-24 14:55:00,6.75,16903.0,United Kingdom
519177,20850,ZINC HEART LATTICE PLANTER BOWL,2,2010-08-13 14:40:00,2.95,17589.0,United Kingdom
559535,21935,SUKI  SHOULDER BAG,1,2011-07-10 12:16:00,1.65,17841.0,United Kingdom
489675,82615,PINK MARSHMALLOW SCARF KNITTING KIT,48,2009-12-02 09:47:00,2.55,13777.0,United Kingdom
571475,23531,WALL ART BIG LOVE ,1,2011-10-17 14:42:00,6.95,15033.0,United Kingdom
503698,37448,CERAMIC CAKE DESIGN SPOTTED MUG,1,2010-04-06 13:30:00,1.49,15164.0,United Kingdom
565807,21497,FANCY FONTS BIRTHDAY WRAP,25,2011-09-07 10:55:00,0.42,14334.0,United Kingdom
537135,84754,S/15 SILVER GLASS BAUBLES IN BAG,12,2010-12-05 12:35:00,1.25,17059.0,United Kingdom
523994,21683,MEDIUM MEDINA STAMPED METAL BOWL ,3,2010-09-26 15:07:00,2.95,16549.0,United Kingdom
579155,23332,IVORY WICKER HEART LARGE,6,2011-11-28 13:37:00,1.65,18101.0,United Kingdom
553017,22443,GROW YOUR OWN HERBS SET OF 3,1,2011-05-12 19:01:00,7.95,12757.0,Portugal
575138,85114c,RED ENCHANTED FOREST PLACEMAT,6,2011-11-08 15:24:00,3.29,,United Kingdom
509435,20726,LUNCH BAG WOODLAND,4,2010-05-23 14:53:00,1.65,15555.0,United Kingdom
561650,22733,3D TRADITIONAL CHRISTMAS STICKERS,18,2011-07-28 15:31:00,1.25,15329.0,United Kingdom
519477,22646,CERAMIC STRAWBERRY CAKE MONEY BANK,12,2010-08-17 12:44:00,1.45,13001.0,United Kingdom
494387,20867,PINK ROSE FABRIC MIRROR,7,2010-01-14 09:46:00,0.85,,United Kingdom
531869,22046,TEA PARTY  WRAPPING PAPER ,25,2010-11-10 11:36:00,0.42,16358.0,United Kingdom
526416,21429,RED GINGHAM ROSE JEWELLERY BOX,2,2010-10-11 14:25:00,1.65,17068.0,United Kingdom
519576,20749,ASSORTED COLOUR MINI CASES,12,2010-08-18 12:47:00,6.35,13381.0,United Kingdom
573357,23382,BOX OF 6 CHRISTMAS CAKE DECORATIONS,36,2011-10-30 12:45:00,3.29,15251.0,United Kingdom
526418,22744,MAKE YOUR OWN MONSOON CARD KIT,1,2010-10-11 14:33:00,2.95,15898.0,United Kingdom
506446,21621,VINTAGE UNION JACK BUNTING,2,2010-04-29 17:11:00,8.5,12982.0,United Kingdom
539982,21245,GREEN POLKADOT PLATE ,2,2010-12-23 14:40:00,1.69,15311.0,United Kingdom
566291,22111,SCOTTIE DOG HOT WATER BOTTLE,1,2011-09-11 15:31:00,4.95,12965.0,United Kingdom
575477,22893,MINI CAKE STAND T-LIGHT HOLDER,11,2011-11-09 16:14:00,0.83,,United Kingdom
504919,21181,PLEASE ONE PERSON METAL SIGN,1,2010-04-19 10:40:00,4.21,,United Kingdom
514559,84665,SQUARE CHERRY BLOSSOM CABINET,2,2010-07-05 11:39:00,5.95,17850.0,United Kingdom
490363,84950,ASSORTED COLOUR T-LIGHT HOLDER,192,2009-12-05 10:11:00,0.72,13199.0,United Kingdom
512289,22558,CLOTHES PEGS RETROSPOT PACK 24 ,2,2010-06-14 14:49:00,2.51,,United Kingdom
536591,22378,WALL TIDY RETROSPOT ,1,2010-12-01 16:57:00,2.1,14606.0,United Kingdom
559163,84509B,SET OF 4 FAIRY CAKE PLACEMATS,1,2011-07-06 16:33:00,3.29,,United Kingdom
502234,47559B,TEA TIME OVEN GLOVE,10,2010-03-23 12:24:00,1.25,16327.0,United Kingdom
571667,22086,PAPER CHAIN KIT 50'S CHRISTMAS ,3,2011-10-18 13:04:00,2.95,14554.0,United Kingdom
560566,84997B,CHILDRENS CUTLERY RETROSPOT RED ,4,2011-07-19 13:45:00,4.15,12662.0,Germany
542607,85038,6 CHOCOLATE LOVE HEART T-LIGHTS,3,2011-01-30 13:48:00,2.1,13148.0,United Kingdom
537612,85123A,WHITE HANGING HEART T-LIGHT HOLDER,6,2010-12-07 13:28:00,2.95,13769.0,United Kingdom
550953,22294,HEART FILIGREE DOVE  SMALL,1,2011-04-21 16:17:00,2.46,,United Kingdom
545845,20735,BLACK MINI TAPE MEASURE ,1,2011-03-07 13:38:00,0.85,12754.0,Japan
518337,84879,ASSORTED COLOUR BIRD ORNAMENT,16,2010-08-06 13:38:00,1.69,14849.0,United Kingdom
509406,21472,LADYBIRD + BEE RAFFIA FOOD COVER,1,2010-05-23 11:36:00,3.75,16782.0,United Kingdom
539437,20718,RED RETROSPOT SHOPPER BAG,1,2010-12-17 14:54:00,2.51,,United Kingdom
566562,22812,PACK 3 BOXES CHRISTMAS PANNETONE,6,2011-09-13 12:18:00,1.95,17365.0,United Kingdom
494814,20729,RED SPOTTY CANDY BAG,81,2010-01-19 09:05:00,0.85,,United Kingdom
509393,47481,50CM METAL STRING WITH  7 CLIPS,1,2010-05-23 10:52:00,0.85,16121.0,United Kingdom
491041,84340,LARGE FIBRE OPTIC CHRISTMAS TREE,1,2009-12-09 09:42:00,7.78,,United Kingdom
525072,21811,CHRISTMAS HANGING HEART WITH BELL,1,2010-10-03 14:50:00,1.25,16549.0,United Kingdom
566564,23005,TRAVEL CARD WALLET I LOVE LONDON,24,2011-09-13 12:26:00,0.42,15522.0,United Kingdom
578270,22627,MINT KITCHEN SCALES,1,2011-11-23 13:39:00,16.63,14096.0,United Kingdom
514974,22122,SET OF 2 FANCY FONT TEA TOWELS,2,2010-07-07 12:45:00,2.95,14467.0,United Kingdom
572230,23130,MISTLETOE HEART WREATH GREEN,4,2011-10-21 14:29:00,4.15,15740.0,United Kingdom
580115,23311,VINTAGE CHRISTMAS STOCKING ,1,2011-12-01 16:22:00,4.96,,United Kingdom
555275,22727,ALARM CLOCK BAKELIKE RED ,1,2011-06-01 17:18:00,7.46,,United Kingdom
529323,22697,GREEN REGENCY TEACUP AND SAUCER,3,2010-10-27 14:05:00,2.95,16713.0,United Kingdom
529994,84946,ANTIQUE SILVER TEA GLASS ETCHED,6,2010-10-31 16:26:00,1.25,16984.0,United Kingdom
528952,20718,RED RETROSPOT SHOPPER BAG,1,2010-10-25 16:57:00,2.51,,United Kingdom
512896,85099F,JUMBO BAG STRAWBERRY,10,2010-06-18 12:46:00,1.95,17346.0,United Kingdom
568938,20677,PINK POLKADOT BOWL,3,2011-09-29 14:46:00,1.25,17220.0,United Kingdom
523311,22069,BROWN  PIRATE TREASURE CHEST ,6,2010-09-21 13:13:00,4.21,,United Kingdom
503220,21232,STRAWBERRY CERAMIC TRINKET BOX,20,2010-03-30 16:24:00,1.25,16658.0,United Kingdom
533130,20677,PINK POLKADOT BOWL,8,2010-11-16 12:48:00,1.25,15235.0,United Kingdom
552554,85049D,BRIGHT BLUES RIBBONS ,2,2011-05-10 11:04:00,1.25,12843.0,United Kingdom
530073,21484,CHICK GREY HOT WATER BOTTLE,1,2010-11-01 12:22:00,3.45,15958.0,United Kingdom
538518,72349B,SET/6 PURPLE BUTTERFLY T-LIGHTS,1,2010-12-12 16:14:00,2.1,14505.0,United Kingdom
524098,21146,ANTIQUE GLASS RIDGED HANGING BALL,36,2010-09-27 12:21:00,1.95,17204.0,United Kingdom
534507,21934,SKULL SHOULDER BAG,3,2010-11-23 11:43:00,1.65,17841.0,United Kingdom
495184,22200,FRYING PAN PINK POLKADOT ,1,2010-01-21 13:58:00,4.25,17841.0,United Kingdom
544186,22697,GREEN REGENCY TEACUP AND SAUCER,1,2011-02-16 15:56:00,5.79,,United Kingdom
490360,72807C,SET/3 VANILLA SCENTED CANDLE IN BOX,2,2009-12-04 16:52:00,4.25,13679.0,United Kingdom
530346,21925,UNION STRIPE CUSHION COVER ,12,2010-11-02 15:42:00,1.25,14733.0,United Kingdom
530792,22751,FELTCRAFT PRINCESS OLIVIA DOLL,16,2010-11-04 12:17:00,3.75,15332.0,Lithuania
521217,22661,CHARLOTTE BAG DOLLY GIRL DESIGN,10,2010-09-03 09:51:00,0.85,15260.0,United Kingdom
538942,22968,ROSE COTTAGE KEEPSAKE BOX ,1,2010-12-15 11:14:00,9.95,17346.0,United Kingdom
561709,21248,DOOR HANGER  MUM + DADS ROOM,2,2011-07-29 11:35:00,1.45,17790.0,United Kingdom
537237,22167, OVAL WALL MIRROR DIAMANTE ,1,2010-12-06 09:58:00,8.47,,United Kingdom
492773,22312,OFFICE MUG WARMER POLKADOT,6,2009-12-18 15:35:00,4.95,13327.0,United Kingdom
519867,22679,"FRENCH BLUE METAL DOOR SIGN, 4",2,2010-08-20 16:05:00,1.25,17757.0,United Kingdom
537055,22667,RECIPE BOX RETROSPOT ,2,2010-12-05 11:45:00,2.95,16814.0,United Kingdom
555728,79321,CHILLI LIGHTS,2,2011-06-06 16:41:00,5.75,17252.0,United Kingdom
510150,22426,ENAMEL WASH BOWL CREAM,8,2010-05-27 13:10:00,3.75,13093.0,United Kingdom
492734,44092C,PURPLE/COPPER HANGING LAMPSHADE,1,2009-12-18 12:04:00,0.85,18036.0,United Kingdom
536535,21523,DOORMAT FANCY FONT HOME SWEET HOME,2,2010-12-01 13:38:00,7.95,15605.0,United Kingdom
562031,23300,GARDENERS KNEELING PAD CUP OF TEA ,2,2011-08-01 17:37:00,1.65,16984.0,United Kingdom
577029,23123,COCKTAIL SWORDS 50 PIECES,6,2011-11-17 12:59:00,0.83,15563.0,United Kingdom
532338,22151,PLACE SETTING WHITE HEART,48,2010-11-11 15:51:00,0.42,18050.0,United Kingdom
572055,20914,SET/5 RED RETROSPOT LID GLASS BOWLS,1,2011-10-20 12:34:00,2.95,17346.0,United Kingdom
490229,22179,SET 10 LIGHTS NIGHT OWL,8,2009-12-04 12:20:00,6.75,18223.0,United Kingdom
539453,90013A,MIDNIGHT BLUE VINTAGE EARRINGS,2,2010-12-17 17:08:00,3.81,,United Kingdom
522477,20668,DISCO BALL CHRISTMAS DECORATION,288,2010-09-15 10:48:00,0.1,16701.0,United Kingdom
577696,23343,JUMBO BAG VINTAGE CHRISTMAS ,1,2011-11-21 11:57:00,2.08,16406.0,United Kingdom
506873,21875,KINGS CHOICE MUG,12,2010-05-04 16:18:00,1.25,17188.0,United Kingdom
543121,20719,WOODLAND CHARLOTTE BAG,10,2011-02-03 13:58:00,0.85,12662.0,Germany
511034,72807C,SET/3 VANILLA SCENTED CANDLE IN BOX,4,2010-06-06 10:56:00,4.25,14984.0,United Kingdom
541518,22858,EASTER TIN KEEPSAKE,6,2011-01-19 09:05:00,1.65,12451.0,Switzerland
536957,22617,BAKING SET SPACEBOY DESIGN,12,2010-12-03 12:43:00,4.95,17809.0,United Kingdom
565478,23203,JUMBO BAG VINTAGE DOILY ,2,2011-09-05 11:18:00,2.08,15005.0,United Kingdom
533114,22562,MONSTERS STENCIL CRAFT,1,2010-11-16 12:22:00,1.25,14675.0,United Kingdom
556108,22077,6 RIBBONS RUSTIC CHARM,1,2011-06-08 17:59:00,3.29,,United Kingdom
545868,15044C,PURPLE PAPER PARASOL,3,2011-03-07 14:33:00,2.95,17841.0,United Kingdom
524174,37444A,YELLOW BREAKFAST CUP AND SAUCER,1308,2010-09-27 16:30:00,0.13,13687.0,United Kingdom
557489,22326,ROUND SNACK BOXES SET OF4 WOODLAND ,6,2011-06-20 14:58:00,2.95,12490.0,France
576200,23212,HEART WREATH DECORATION WITH BELL,8,2011-11-14 12:14:00,1.25,15572.0,United Kingdom
534174,84927F,PSYCHEDELIC TILE HOOK,1,2010-11-21 13:35:00,2.1,12573.0,France
510498,22386,JUMBO BAG PINK WITH WHITE SPOTS,10,2010-06-01 12:42:00,1.95,14227.0,United Kingdom
561485,22677,FRENCH BLUE METAL DOOR SIGN 2,1,2011-07-27 13:42:00,1.25,17841.0,United Kingdom
546896,23052,RECYCLED ACAPULCO MAT TURQUOISE,2,2011-03-17 18:24:00,16.63,,United Kingdom
507177,84563A,PINK & WHITE BREAKFAST TRAY,1,2010-05-06 15:09:00,11.87,,United Kingdom
535306,20679,EDWARDIAN PARASOL RED,1,2010-11-25 14:40:00,5.95,17882.0,United Kingdom
494666,20981,12 PENCILS TALL TUBE WOODLAND,4,2010-01-17 14:53:00,0.85,13869.0,United Kingdom
524999,21718,RED METAL BEACH SPADE ,2,2010-10-01 17:34:00,2.51,,United Kingdom
510331,22131,FOOD CONTAINER SET 3 LOVE HEART ,6,2010-05-28 13:57:00,1.95,13081.0,United Kingdom
558262,22193,RED DINER WALL CLOCK,12,2011-06-28 08:45:00,7.65,14646.0,Netherlands
578088,21212,PACK OF 72 RETROSPOT CAKE CASES,4,2011-11-22 16:47:00,0.55,16376.0,United Kingdom
496703,20972,PINK CREAM FELT CRAFT TRINKET BOX ,12,2010-02-03 13:22:00,1.25,12396.0,RSA
568513,23245,SET OF 3 REGENCY CAKE TINS,8,2011-09-27 12:36:00,4.95,13555.0,United Kingdom
550130,20718,RED RETROSPOT SHOPPER BAG,3,2011-04-14 13:17:00,1.25,14390.0,United Kingdom
496086,20697,LITTLE GREEN MONSTER SOFT TOY,1,2010-01-28 19:41:00,2.55,15861.0,United Kingdom
523911,21257,VICTORIAN SEWING BOX MEDIUM,1,2010-09-24 16:06:00,16.13,,United Kingdom
523313,22952,72 CAKE CASES VINTAGE CHRISTMAS,48,2010-09-21 13:21:00,0.55,14936.0,Channel Islands
565141,22896,PEG BAG APPLES DESIGN,1,2011-09-01 13:40:00,2.55,17841.0,United Kingdom
541485,22524,CHILDRENS GARDEN GLOVES BLUE,3,2011-01-18 13:05:00,1.25,18118.0,United Kingdom
489878,20966,SANDWICH BATH SPONGE,1,2009-12-02 15:51:00,1.25,15989.0,United Kingdom
506189,84692,BOX OF 24 COCKTAIL PARASOLS,25,2010-04-28 11:24:00,0.42,16779.0,United Kingdom
561465,22872,NUMBER TILE COTTAGE GARDEN 4,1,2011-07-27 12:45:00,1.95,16447.0,United Kingdom
573367,23089,GLASS BON BON JAR,12,2011-10-30 13:17:00,1.95,16145.0,United Kingdom
551184,21232,STRAWBERRY CERAMIC TRINKET BOX,144,2011-04-27 09:03:00,1.06,18220.0,United Kingdom
529586,85123A,WHITE HANGING HEART T-LIGHT HOLDER,1,2010-10-28 19:41:00,2.95,16780.0,United Kingdom
568095,90205C,LARGE CRYSTAL DIAMANTE HAIRSLIDE,4,2011-09-23 14:49:00,1.65,14911.0,EIRE
551850,22435,SET OF 9 HEART SHAPED BALLOONS,12,2011-05-04 14:33:00,1.25,13731.0,United Kingdom
574743,23084,RABBIT NIGHT LIGHT,1,2011-11-06 16:14:00,2.08,15351.0,United Kingdom
504153,20711,JUMBO BAG TOYS ,2,2010-04-11 14:11:00,1.95,17068.0,United Kingdom
539958,22834,HAND WARMER BABUSHKA DESIGN,20,2010-12-23 13:26:00,1.66,,United Kingdom
504974,21586,KINGS CHOICE GIANT TUBE MATCHES,12,2010-04-19 12:04:00,2.55,13883.0,United Kingdom
534216,35951,FOLKART BAUBLE CHRISTMAS DECORATION,3,2010-11-21 16:08:00,1.25,14606.0,United Kingdom
553228,22523,CHILDS GARDEN FORK PINK,12,2011-05-16 10:48:00,0.85,16496.0,United Kingdom
506604,85042,ANTIQUE LILY FAIRY LIGHTS,24,2010-04-30 15:23:00,4.25,13317.0,United Kingdom
543800,21754,HOME BUILDING BLOCK WORD,1,2011-02-13 11:36:00,5.95,17282.0,United Kingdom
527397,22145,CHRISTMAS CRAFT HEART STOCKING ,4,2010-10-17 13:40:00,2.1,17757.0,United Kingdom
548522,22074,6 RIBBONS SHIMMERING PINKS ,1,2011-03-31 16:43:00,3.29,,United Kingdom
530850,22773,GREEN DRAWER KNOB ACRYLIC EDWARDIAN,1,2010-11-04 14:49:00,2.51,,United Kingdom
555276,21899,"KEY FOB , GARAGE DESIGN",1,2011-06-01 17:28:00,1.63,,United Kingdom
553721,23153,ZINC SWEETHEART WIRE LETTER RACK,4,2011-05-18 16:37:00,3.75,16570.0,United Kingdom
538071,21262,WHITE GOOSE FEATHER CHRISTMAS TREE ,2,2010-12-09 14:09:00,7.62,,United Kingdom
537237,21726,MULTI HEARTS  STICKERS,1,2010-12-06 09:58:00,1.66,,United Kingdom
496480,85123A,WHITE HANGING HEART T-LIGHT HOLDER,12,2010-02-01 16:29:00,2.95,15803.0,United Kingdom
544394,22423,REGENCY CAKESTAND 3 TIER,1,2011-02-18 12:02:00,12.75,13932.0,United Kingdom
575144,22943,CHRISTMAS LIGHTS 10 VINTAGE BAUBLES,3,2011-11-08 15:38:00,4.95,12540.0,Spain
551537,21621,VINTAGE UNION JACK BUNTING,1,2011-05-03 08:37:00,8.5,,United Kingdom
522929,22566,FELTCRAFT HAIRBAND PINK AND PURPLE,12,2010-09-17 14:45:00,0.85,15117.0,United Kingdom
512723,85067,CREAM SWEETHEART WALL CABINET,1,2010-06-17 13:06:00,18.95,12417.0,Belgium
544409,84968C,SET OF 16 VINTAGE PISTACHIO CUTLERY,1,2011-02-18 13:32:00,12.75,16265.0,United Kingdom
495148,85123A,WHITE HANGING HEART T-LIGHT HOLDER,18,2010-01-21 11:41:00,2.95,16735.0,United Kingdom
501548,22071,SMALL RETRO SPOT MUG IN BOX  WHITE,4,2010-03-17 15:24:00,3.75,16917.0,United Kingdom
C500542,21429,RED GINGHAM ROSE JEWELLERY BOX,-2,2010-03-08 15:30:00,1.65,12525.0,France
561099,22907,PACK OF 20 NAPKINS PANTRY DESIGN,6,2011-07-25 11:01:00,0.85,14100.0,United Kingdom
531763,20961,STRAWBERRY BATH SPONGE ,10,2010-11-09 13:50:00,1.25,17878.0,United Kingdom
512527,22497,SET OF 2 TINS VINTAGE BATHROOM ,4,2010-06-16 11:53:00,4.25,17448.0,United Kingdom
504936,22195,LARGE HEART MEASURING SPOONS,1,2010-04-19 11:23:00,3.36,,United Kingdom
544065,15056N,EDWARDIAN PARASOL NATURAL,3,2011-02-15 13:52:00,5.95,14346.0,United Kingdom
580058,23313,VINTAGE CHRISTMAS BUNTING,5,2011-12-01 13:19:00,4.95,14367.0,United Kingdom
576650,22086,PAPER CHAIN KIT 50'S CHRISTMAS ,18,2011-11-16 10:34:00,2.95,14286.0,United Kingdom
575875,23607,SET 10 CARDS HATS & STOCKINGS 17081,2,2011-11-11 13:06:00,1.66,,United Kingdom
495540,18098c,PORCELAIN BUTTERFLY OIL BURNER,1,2010-01-25 15:40:00,5.06,,United Kingdom
559989,23292,SPACEBOY CHILDRENS CUP,8,2011-07-14 12:21:00,1.25,13319.0,United Kingdom
556194,21452,TOADSTOOL MONEY BOX,6,2011-06-09 12:20:00,2.95,12483.0,Sweden
579550,22222,CAKE PLATE LOVEBIRD WHITE,3,2011-11-30 10:48:00,4.95,12630.0,Finland
559791,47566,PARTY BUNTING,8,2011-07-12 12:24:00,4.95,17675.0,United Kingdom
509749,22619,SET OF 6 SOLDIER SKITTLES,8,2010-05-25 14:02:00,3.75,16328.0,United Kingdom
532445,22719,GUMBALL MONOCHROME COAT RACK,1,2010-11-12 11:31:00,1.25,17772.0,United Kingdom
507472,21878,PACK OF 6 SANDCASTLE FLAGS ASSORTED,5,2010-05-10 11:20:00,0.85,17003.0,United Kingdom
519212,21955,DOORMAT UNION JACK GUNS AND ROSES,2,2010-08-15 11:22:00,7.49,18236.0,United Kingdom
538852,72349B,SET/6 PURPLE BUTTERFLY T-LIGHTS,2,2010-12-14 13:33:00,2.1,17372.0,United Kingdom
534705,22170,PICTURE FRAME WOOD TRIPLE PORTRAIT,1,2010-11-23 16:40:00,6.75,16242.0,United Kingdom
498350,21069,VINTAGE BILLBOARD TEA MUG,6,2010-02-18 12:25:00,1.25,14085.0,United Kingdom
537381,22867,HAND WARMER BIRD DESIGN,24,2010-12-06 13:13:00,2.1,14667.0,United Kingdom
578075,23103,JINGLE BELL HEART DECORATION,6,2011-11-22 16:11:00,1.65,15039.0,United Kingdom
540026,85035C,ROSE 3 WICK MORRIS BOX CANDLE,1,2011-01-04 13:25:00,3.36,,United Kingdom
506559,22090,PAPER BUNTING RETRO SPOTS,6,2010-04-30 11:48:00,2.95,,EIRE
549958,22433,WATERING CAN GREEN DINOSAUR,7,2011-04-13 13:47:00,1.95,17589.0,United Kingdom
559052,22745,POPPY'S PLAYHOUSE BEDROOM ,1,2011-07-05 16:53:00,4.13,,United Kingdom
506794,21927,BLUE/CREAM STRIPE CUSHION COVER ,12,2010-05-04 12:22:00,1.25,13143.0,United Kingdom
572066,23146,TRIPLE HOOK ANTIQUE IVORY ROSE,8,2011-10-20 13:07:00,3.29,15159.0,United Kingdom
489572,21470,FLOWER VINE RAFFIA FOOD COVER,1,2009-12-01 13:29:00,3.75,17611.0,United Kingdom
490137,22356,"CHARLOTTE BAG , PINK/WHITE SPOTS",12,2009-12-03 19:22:00,0.85,14713.0,United Kingdom
503439,84691,PACK 20 DOLLY PEGS,12,2010-04-01 10:16:00,0.85,12647.0,Germany
535994,21731,RED TOADSTOOL LED NIGHT LIGHT,2,2010-11-29 13:44:00,1.65,15311.0,United Kingdom
500891,DOT,DOTCOM POSTAGE,1,2010-03-10 16:24:00,370.96,,United Kingdom
571846,23323,WHITE WICKER STAR ,1,2011-10-19 12:35:00,2.1,17841.0,United Kingdom
C521472,21937,STRAWBERRY   PICNIC BAG,-1,2010-09-06 12:12:00,2.95,14680.0,United Kingdom
535270,22571,ROCKING HORSE RED CHRISTMAS ,24,2010-11-25 13:41:00,0.85,16126.0,United Kingdom
529819,22295,HEART FILIGREE DOVE LARGE,12,2010-10-31 11:24:00,1.65,18149.0,United Kingdom
511476,21865,PINK UNION JACK  PASSPORT COVER ,3,2010-06-08 13:37:00,2.1,15311.0,United Kingdom
527942,22683,"FRENCH BLUE METAL DOOR SIGN, 8",7,2010-10-19 14:30:00,1.25,14469.0,United Kingdom
542419,21948,SET OF 6 CAKE CHOPSTICKS,2,2011-01-27 17:41:00,1.25,14662.0,United Kingdom
572399,22558,CLOTHES PEGS RETROSPOT PACK 24 ,12,2011-10-24 11:56:00,1.65,15628.0,United Kingdom
580304,84879,ASSORTED COLOUR BIRD ORNAMENT,40,2011-12-02 14:25:00,1.69,18055.0,United Kingdom
552252,21980,PACK OF 12 RED RETROSPOT TISSUES ,72,2011-05-08 10:11:00,0.29,15227.0,United Kingdom
561324,37342,POLKADOT COFFEE CUP & SAUCER PINK,24,2011-07-26 13:45:00,0.79,14414.0,United Kingdom
502624,84743C,ORANGE FELT VASE + FLOWERS,1,2010-03-25 15:17:00,1.25,16794.0,United Kingdom
523650,82494L,WOODEN FRAME ANTIQUE WHITE ,2,2010-09-23 13:03:00,2.95,18107.0,United Kingdom
541999,85186A,EASTER BUNNY GARLAND OF FLOWERS,1,2011-01-25 10:45:00,0.83,,United Kingdom
534244,21041,RED RETROSPOT OVEN GLOVE DOUBLE,2,2010-11-22 10:59:00,2.95,16972.0,United Kingdom
542470,22961,JAM MAKING SET PRINTED,12,2011-01-28 11:27:00,1.45,14133.0,United Kingdom
577258,23213,STAR WREATH DECORATION WITH BELL,2,2011-11-18 12:27:00,1.25,16764.0,United Kingdom
500575,85026B,EAU DE NILE JEWELLED T-LIGHT HOLDER,3,2010-03-08 16:53:00,1.66,,United Kingdom
573415,23434,3 RAFFIA RIBBONS 50'S CHRISTMAS ,20,2011-10-30 16:17:00,0.79,13607.0,United Kingdom
530834,22585,PACK OF 6 BIRDY GIFT TAGS,72,2010-11-04 13:46:00,1.25,16546.0,United Kingdom
553339,23165,LARGE CERAMIC TOP STORAGE JAR,24,2011-05-16 12:19:00,1.45,15125.0,United Kingdom
489665,85071B,RED CHARLIE+LOLA PERSONAL DOORSIGN,6,2009-12-01 18:07:00,2.95,14108.0,United Kingdom
561195,23236,DOILEY STORAGE TIN,1,2011-07-25 13:57:00,2.89,14796.0,United Kingdom
537760,22961,JAM MAKING SET PRINTED,12,2010-12-08 11:42:00,1.45,15973.0,United Kingdom
515018,21870,I CAN ONLY PLEASE ONE PERSON MUG,12,2010-07-08 08:08:00,1.25,14639.0,United Kingdom
544083,22725,ALARM CLOCK BAKELIKE CHOCOLATE,8,2011-02-15 15:51:00,3.75,15606.0,United Kingdom
567182,22970,LONDON BUS COFFEE MUG,6,2011-09-18 15:21:00,2.55,13334.0,United Kingdom
515423,22624,IVORY KITCHEN SCALES,1,2010-07-12 13:26:00,8.5,17143.0,United Kingdom
516130,21110,LARGE CAKE TOWEL PINK SPOTS,1,2010-07-16 15:11:00,6.75,13959.0,United Kingdom
527950,22499,WOODEN UNION JACK BUNTING,2,2010-10-19 15:33:00,5.95,16795.0,United Kingdom
508330,22617,BAKING SET SPACEBOY DESIGN,3,2010-05-14 11:57:00,4.95,12880.0,United Kingdom
507372,85099B,RED RETROSPOT JUMBO BAG ,10,2010-05-09 10:44:00,1.95,13634.0,United Kingdom
494778,21662,VINTAGE GLASS COFFEE CADDY,1,2010-01-18 12:48:00,5.95,14461.0,United Kingdom
550453,21693,SMALL HAMMERED SILVER CANDLEPOT ,24,2011-04-18 12:58:00,2.95,16226.0,United Kingdom
504064,21593,SWALLOW CIGAR BOX MATCHES ,1,2010-04-09 12:33:00,1.25,17289.0,United Kingdom
576623,23055,IVORY CHANDELIER T-LIGHT HOLDER,144,2011-11-15 17:12:00,1.0,12748.0,United Kingdom
552229,22087,PAPER BUNTING WHITE LACE,1,2011-05-06 15:40:00,2.95,,United Kingdom
548450,85152,HAND OVER THE CHOCOLATE   SIGN ,12,2011-03-31 11:20:00,2.1,15856.0,United Kingdom
549965,21891,TRADITIONAL WOODEN SKIPPING ROPE,24,2011-04-13 14:17:00,1.45,16966.0,United Kingdom
506959,22358,KINGS CHOICE TEA CADDY ,1,2010-05-05 12:05:00,5.91,,United Kingdom
535967,21790,VINTAGE SNAP CARDS,12,2010-11-29 12:46:00,0.85,14510.0,United Kingdom
581149,23374,RED SPOT PAPER GIFT BAG,3,2011-12-07 14:12:00,0.82,15471.0,United Kingdom
578322,22734,SET OF 6 RIBBONS VINTAGE CHRISTMAS,6,2011-11-23 17:10:00,2.89,12948.0,United Kingdom
520363,84988,SET OF 72 PINK HEART PAPER DOILIES,3,2010-08-25 14:04:00,2.98,,United Kingdom
507617,21754,HOME BUILDING BLOCK WORD,3,2010-05-10 14:10:00,5.95,17482.0,United Kingdom
510118,22251,BIRDHOUSE DECORATION MAGIC GARDEN,12,2010-05-27 11:53:00,1.25,17699.0,United Kingdom
506965,84987,SET OF 36 TEATIME PAPER DOILIES,12,2010-05-05 12:31:00,1.45,14936.0,Channel Islands
498567,20869,GOLD FABRIC MIRROR,1,2010-02-21 12:42:00,1.25,16693.0,United Kingdom
538849,21539,RED RETROSPOT BUTTER DISH,1,2010-12-14 13:31:00,4.95,14415.0,United Kingdom
563168,23545,WRAP RED VINTAGE DOILY,25,2011-08-12 12:41:00,0.42,16045.0,United Kingdom
502825,22138,BAKING SET 9 PIECE RETROSPOT ,1,2010-03-28 11:30:00,4.95,16787.0,United Kingdom
520665,22561,WOODEN SCHOOL COLOURING SET,6,2010-08-27 13:05:00,1.65,13206.0,United Kingdom
491717,21590,KINGS CHOICE CIGAR BOX MATCHES ,3,2009-12-13 15:54:00,1.25,16725.0,United Kingdom
539760,22451,SILK PURSE BABUSHKA RED,6,2010-12-21 17:16:00,3.35,17400.0,United Kingdom
534389,85049E,SCANDINAVIAN REDS RIBBONS,1,2010-11-22 13:02:00,2.51,,United Kingdom
542057,22721,SET OF 3 CAKE TINS SKETCHBOOK,1,2011-01-25 11:57:00,4.95,15967.0,United Kingdom
520815,85150,LADIES & GENTLEMEN METAL SIGN,1,2010-08-31 11:40:00,2.55,15910.0,United Kingdom
530332,17084P,DRAGONS BLOOD INCENSE,1,2010-11-02 13:57:00,0.43,,United Kingdom
502318,21384,IVORY HANGING DECORATION  BUTTERFLY,24,2010-03-24 09:57:00,0.85,18189.0,United Kingdom
498721,22386,JUMBO BAG PINK WITH WHITE SPOTS,10,2010-02-22 14:34:00,1.95,13178.0,United Kingdom
538148,21411,GINGHAM HEART  DOORSTOP RED,1,2010-12-09 16:26:00,8.47,,United Kingdom
501808,82599,FANNY'S REST STOPMETAL SIGN,2,2010-03-19 14:16:00,2.1,14796.0,United Kingdom
527064,21823,PAINTED METAL HEART WITH HOLLY BELL,12,2010-10-14 13:54:00,1.45,16176.0,United Kingdom
560729,23081,GREEN METAL BOX ARMY SUPPLIES,6,2011-07-20 14:39:00,8.25,17511.0,United Kingdom
572550,22452,MEASURING TAPE BABUSHKA PINK,5,2011-10-24 17:06:00,1.63,,United Kingdom
568875,22282,12 EGG HOUSE PAINTED WOOD,1,2011-09-29 12:23:00,12.75,14527.0,United Kingdom
490670,85123A,WHITE HANGING HEART T-LIGHT HOLDER,15,2009-12-07 12:42:00,2.95,14574.0,United Kingdom
498508,22057,CERAMIC PLATE STRAWBERRY DESIGN,12,2010-02-19 11:46:00,1.49,16574.0,United Kingdom
570187,22576,SWALLOW WOODEN CHRISTMAS DECORATION,4,2011-10-07 15:09:00,1.63,,United Kingdom
580986,22327,ROUND SNACK BOXES SET OF 4 SKULLS,6,2011-12-06 16:34:00,2.95,12650.0,France
529604,85014B,RED RETROSPOT UMBRELLA,4,2010-10-29 10:17:00,5.95,15078.0,United Kingdom
556056,23061,VINTAGE EMBOSSED HEART,1,2011-06-08 13:35:00,1.25,17841.0,United Kingdom
522169,22692,DOORMAT WELCOME TO OUR HOME,2,2010-09-13 11:28:00,14.43,,United Kingdom
505998,22224,WHITE LOVEBIRD LANTERN,6,2010-04-27 10:51:00,2.95,15367.0,United Kingdom
500639,84380,SET OF 3 BUTTERFLY COOKIE CUTTERS,12,2010-03-09 10:53:00,1.25,12495.0,Sweden
562125,22624,IVORY KITCHEN SCALES,1,2011-08-02 17:29:00,8.5,17887.0,United Kingdom
562162,22320,BIRDS MOBILE VINTAGE DESIGN,2,2011-08-03 12:03:00,5.95,12841.0,United Kingdom
521928,21431,GREEN GINGHAM FLOWER JEWELLERY BOX,8,2010-09-09 15:28:00,1.65,17456.0,United Kingdom
519733,84997B,RED 3 PIECE MINI DOTS CUTLERY SET,6,2010-08-20 08:21:00,3.75,12519.0,Germany
517133,21232,STRAWBERRY CERAMIC TRINKET BOX,2,2010-07-27 10:26:00,1.25,15039.0,United Kingdom
517528,71053,WHITE METAL LANTERN,8,2010-07-29 14:45:00,3.75,13101.0,United Kingdom
580730,23562,SET OF 6 RIBBONS PERFECTLY PRETTY  ,1,2011-12-05 17:28:00,5.79,,United Kingdom
573248,23309,SET OF 60 I LOVE LONDON CAKE CASES ,2,2011-10-28 12:09:00,0.55,14498.0,United Kingdom
580501,23101,SILVER STARS TABLE DECORATION,2,2011-12-04 13:00:00,0.83,14546.0,United Kingdom
561685,85099C,JUMBO  BAG BAROQUE BLACK WHITE,10,2011-07-28 19:46:00,2.08,14315.0,United Kingdom
501176,48189,DOOR MAT FRIENDSHIP ,2,2010-03-15 11:00:00,7.49,14857.0,United Kingdom
529509,22139,RETROSPOT TEA SET CERAMIC 11 PC ,3,2010-10-28 14:39:00,4.95,13126.0,United Kingdom
522086,22531,MAGIC DRAWING SLATE CIRCUS PARADE  ,24,2010-09-12 12:00:00,0.42,16042.0,United Kingdom
500356,21622,VINTAGE UNION JACK CUSHION COVER,1,2010-03-07 15:34:00,4.95,16984.0,United Kingdom
576864,22810,SET OF 6 T-LIGHTS SNOWMEN,1,2011-11-16 16:06:00,2.95,12748.0,United Kingdom
492820,21706,"FOLDING UMBRELLA , RED/WHITE SPOT",12,2009-12-20 14:40:00,4.95,14404.0,United Kingdom
550971,22111,SCOTTIE DOG HOT WATER BOTTLE,3,2011-04-21 17:03:00,4.95,13482.0,United Kingdom
574544,23304,SET 4 PICNIC CUTLERY CHERRY ,12,2011-11-04 14:49:00,1.95,17084.0,United Kingdom
541408,47590A,BLUE HAPPY BIRTHDAY BUNTING,9,2011-01-17 15:42:00,5.45,15738.0,United Kingdom
500159,21241,GREEN SPOTTY CUP,3,2010-03-04 18:27:00,0.85,14159.0,United Kingdom
578940,23206,LUNCH BAG APPLE DESIGN,3,2011-11-27 13:18:00,4.96,,United Kingdom
575177,23264,SET OF 3 WOODEN SLEIGH DECORATIONS,1,2011-11-08 18:41:00,2.46,,United Kingdom
575325,23202,JUMBO BAG VINTAGE LEAF,2,2011-11-09 13:46:00,2.08,17293.0,United Kingdom
495919,22070,SMALL RETRO SPOT MUG IN BOX  RED,12,2010-01-27 13:29:00,3.75,16320.0,Unspecified
508873,21977,PACK OF 60 PINK PAISLEY CAKE CASES,24,2010-05-18 16:27:00,0.55,15282.0,United Kingdom
581426,47566,PARTY BUNTING,1,2011-12-08 15:31:00,4.95,17757.0,United Kingdom
548894,22255,FELT TOADSTOOL  SMALL,4,2011-04-04 16:01:00,1.63,,United Kingdom
490476,22114,HOT WATER BOTTLE TEA AND SYMPATHY,30,2009-12-06 12:34:00,3.45,14608.0,United Kingdom
540023,22670,FRENCH WC SIGN BLUE METAL,1,2011-01-04 12:58:00,1.25,15039.0,United Kingdom
554181,22194,BLACK DINER WALL CLOCK,2,2011-05-23 12:09:00,8.5,13078.0,United Kingdom
564093,20847,ZINC HEART LATTICE CHARGER LARGE,4,2011-08-23 10:29:00,3.75,14930.0,Channel Islands
552010,22147,FELTCRAFT BUTTERFLY HEARTS,4,2011-05-05 17:26:00,1.45,14713.0,United Kingdom
497912,20976,12 PENCILS SMALL TUBE POSY,5,2010-02-14 14:35:00,0.65,12867.0,United Kingdom
528782,22904,CALENDAR PAPER CUT DESIGN,6,2010-10-25 10:00:00,2.95,13462.0,United Kingdom
491648,72802C,VANILLA SCENT CANDLE JEWELLED BOX,6,2009-12-13 09:58:00,4.25,17243.0,United Kingdom
C572334,22355,CHARLOTTE BAG SUKI DESIGN,-100,2011-10-24 10:25:00,0.72,14607.0,United Kingdom
537128,85199S,SMALL HANGING IVORY/RED WOOD BIRD,12,2010-12-05 12:15:00,0.42,12841.0,United Kingdom
541827,22341,LOVE GARLAND PAINTED ZINC ,1,2011-01-21 17:05:00,3.29,,United Kingdom
525495,20665,RED RETROSPOT PURSE ,6,2010-10-05 16:34:00,2.95,15249.0,United Kingdom
490017,21581,SKULLS  DESIGN  COTTON TOTE BAG,2,2009-12-03 12:31:00,2.25,14159.0,United Kingdom
555759,21922,UNION STRIPE WITH FRINGE  HAMMOCK,24,2011-06-07 11:10:00,6.95,13220.0,United Kingdom
520192,71459,HANGING JAM JAR T-LIGHT HOLDER,24,2010-08-24 14:46:00,0.85,14766.0,United Kingdom
537640,21232,STRAWBERRY CERAMIC TRINKET BOX,39,2010-12-07 15:31:00,3.36,,United Kingdom
569574,21175,GIN + TONIC DIET METAL SIGN,12,2011-10-05 10:30:00,2.55,15127.0,United Kingdom
559923,21469,POLKA DOT RAFFIA FOOD COVER,1,2011-07-13 16:07:00,3.29,,United Kingdom
500462,21390,FILIGRIS HEART WITH BUTTERFLY,1,2010-03-08 12:40:00,2.51,,United Kingdom
532317,21030,SPACE CADET RED,10,2010-11-11 14:57:00,1.25,12803.0,Netherlands
554667,20726,LUNCH BAG WOODLAND,10,2011-05-25 15:18:00,1.65,15727.0,United Kingdom
513109,84931A,PINK SCOTTIE DOG W FLOWER PATTERN,1,2010-06-21 16:07:00,2.55,17192.0,United Kingdom
576611,48194,DOORMAT HEARTS,1,2011-11-15 16:29:00,8.25,17357.0,United Kingdom
580293,21174,POTTERING IN THE SHED METAL SIGN,1,2011-12-02 13:38:00,2.08,16426.0,United Kingdom
577078,47310M,SMALL POP BOX FUNKY MONKEY,2,2011-11-17 15:17:00,1.63,,United Kingdom
517254,90157,RIVIERA NECKLACE,1,2010-07-27 16:22:00,4.95,15532.0,United Kingdom
577173,21121,SET/10 RED POLKADOT PARTY CANDLES,24,2011-11-18 10:57:00,1.25,14849.0,United Kingdom
549123,22672,FRENCH BATHROOM SIGN BLUE METAL,12,2011-04-06 14:02:00,1.65,15201.0,United Kingdom
572946,23452,HEART MINI PORTRAIT FRAME,6,2011-10-27 10:36:00,1.95,13988.0,United Kingdom
512302,85136B,BLUE SHARK HELICOPTER,1,2010-06-14 15:51:00,7.95,,United Kingdom
524727,22810,SET OF 6 T-LIGHTS SNOWMEN,6,2010-09-30 14:20:00,2.95,15736.0,United Kingdom
540407,22791,T-LIGHT GLASS FLUTED ANTIQUE,72,2011-01-07 09:55:00,1.06,16839.0,United Kingdom
532808,21983,PACK OF 12 BLUE PAISLEY TISSUES ,12,2010-11-14 15:19:00,0.29,15532.0,United Kingdom
501683,21439,BASKET OF TOADSTOOLS,1,2010-03-18 16:32:00,2.51,,United Kingdom
571235,23203,JUMBO BAG VINTAGE DOILY ,20,2011-10-14 14:37:00,2.08,15078.0,United Kingdom
498288,35096A,BLUE VICTORIAN FABRIC HEART BOX,6,2010-02-17 16:55:00,0.42,17576.0,United Kingdom
507889,22438,BALLOON ART MAKE YOUR OWN FLOWERS,1,2010-05-11 16:35:00,1.95,15862.0,United Kingdom
572964,22175,PINK OWL SOFT TOY,6,2011-10-27 10:41:00,2.95,12630.0,Finland
505398,21754,HOME BUILDING BLOCK WORD,3,2010-04-22 10:10:00,5.95,13855.0,United Kingdom
540689,22469,HEART OF WICKER SMALL,1356,2011-01-11 08:43:00,1.93,17450.0,United Kingdom
496439,POST,POSTAGE,2,2010-02-01 13:16:00,28.0,12800.0,Portugal
503823,15060B,FAIRY CAKE DESIGN UMBRELLA,5,2010-04-07 14:59:00,8.47,,United Kingdom
537666,22743,MAKE YOUR OWN FLOWERPOWER CARD KIT,3,2010-12-07 18:36:00,5.91,,United Kingdom
510225,22612,TEA COSY VINTAGE UNION JACK,20,2010-05-28 08:47:00,3.75,14543.0,United Kingdom
547367,71459,HANGING JAM JAR T-LIGHT HOLDER,4,2011-03-22 13:11:00,0.85,15437.0,United Kingdom
495277,84580,MOUSE TOY WITH PINK T-SHIRT,4,2010-01-22 11:41:00,3.75,14911.0,EIRE
538071,37370,RETRO COFFEE MUGS ASSORTED,1,2010-12-09 14:09:00,16.13,,United Kingdom
521364,48188,DOORMAT WELCOME PUPPIES,6,2010-09-05 10:31:00,7.35,16843.0,United Kingdom
559653,23321,SMALL WHITE HEART OF WICKER,1,2011-07-11 12:49:00,1.65,14552.0,United Kingdom
493290,DOT,DOTCOM POSTAGE,1,2009-12-22 15:13:00,3.43,,United Kingdom
524596,21891,TRADITIONAL WOODEN SKIPPING ROPE,12,2010-09-29 16:31:00,1.25,15144.0,United Kingdom
538836,20931,BLUE POT PLANT CANDLE ,1,2010-12-14 13:09:00,3.75,12748.0,United Kingdom
566446,21080,SET/20 RED RETROSPOT PAPER NAPKINS ,1,2011-09-12 15:40:00,1.63,,United Kingdom
541856,22570,FELTCRAFT CUSHION RABBIT,3,2011-01-23 15:16:00,3.75,17673.0,United Kingdom
547004,22587,FELTCRAFT HAIRBAND RED AND BLUE,12,2011-03-18 14:14:00,0.85,17419.0,United Kingdom
550458,22693,GROW A FLYTRAP OR SUNFLOWER IN TIN,1,2011-04-18 13:13:00,2.5,,United Kingdom
578264,22580,ADVENT CALENDAR GINGHAM SACK,2,2011-11-23 13:27:00,5.95,12748.0,United Kingdom
538009,20754,RETROSPOT RED WASHING UP GLOVES,6,2010-12-09 12:17:00,2.1,14911.0,EIRE
490467,21889,WOODEN BOX OF DOMINOES,2,2009-12-06 12:17:00,1.25,15059.0,United Kingdom
545410,71053,WHITE METAL LANTERN,4,2011-03-02 12:18:00,3.75,16670.0,United Kingdom
511896,22352,LUNCH BOX WITH CUTLERY RETROSPOT ,3,2010-06-11 11:04:00,2.55,16161.0,United Kingdom
C565848,22644,CERAMIC CHERRY CAKE MONEY BANK,-2,2011-09-07 12:48:00,1.45,14606.0,United Kingdom
532421,85049D,BRIGHT BLUES RIBBONS ,12,2010-11-12 09:39:00,1.25,15468.0,United Kingdom
515093,21212,PACK OF 72 RETRO SPOT CAKE CASES,24,2010-07-08 11:33:00,0.55,16057.0,United Kingdom
541995,84997B,RED 3 PIECE RETROSPOT CUTLERY SET,6,2011-01-25 09:58:00,3.75,13158.0,United Kingdom
565732,22381,TOY TIDY PINK POLKADOT,10,2011-09-06 12:10:00,2.1,17068.0,United Kingdom
498216,84884A,ANT WHITE WIRE HEART SPIRAL,2,2010-02-17 13:26:00,3.95,17377.0,United Kingdom
504156,22171,3 HOOK PHOTO SHELF ANTIQUE WHITE,2,2010-04-11 15:20:00,8.5,16372.0,United Kingdom
553488,22174,PHOTO CUBE,3,2011-05-17 12:40:00,1.65,18043.0,United Kingdom
495389,20697,LITTLE GREEN MONSTER SOFT TOY,1,2010-01-24 15:14:00,2.55,14044.0,United Kingdom
528325,22810,SET OF 6 T-LIGHTS SNOWMEN,12,2010-10-21 13:02:00,2.95,15680.0,United Kingdom
567429,22398,MAGNETS PACK OF 4 SWALLOWS,12,2011-09-20 11:39:00,0.39,17686.0,United Kingdom
569715,23078,ICE CREAM PEN LIP GLOSS ,20,2011-10-05 17:29:00,1.25,15856.0,United Kingdom
524125,22623,BOX OF VINTAGE JIGSAW BLOCKS ,6,2010-09-27 14:20:00,4.95,15382.0,United Kingdom
495184,22276,WASH BAG VINTAGE ROSE PAISLEY,1,2010-01-21 13:58:00,2.55,17841.0,United Kingdom
536243,22585,PACK OF 6 BIRDY GIFT TAGS,12,2010-11-30 14:42:00,1.25,15358.0,United Kingdom
530391,21584,RETRO SPOT SMALL TUBE MATCHES,144,2010-11-02 17:12:00,1.45,16705.0,United Kingdom
557949,23309,SET OF 60 I LOVE LONDON CAKE CASES ,24,2011-06-23 17:20:00,0.55,15530.0,United Kingdom
506576,35809B,ENAMEL BLUE RIM TEA CONTAINER,12,2010-04-30 13:41:00,2.09,,United Kingdom
541699,21065,BOOM BOX SPEAKER GIRLS,24,2011-01-21 09:03:00,1.25,17744.0,United Kingdom
580727,21993,FLORAL FOLK STATIONERY SET,17,2011-12-05 17:17:00,2.46,14096.0,United Kingdom
581492,85038,6 CHOCOLATE LOVE HEART T-LIGHTS,1,2011-12-09 10:03:00,4.13,,United Kingdom
503428,16238,PARTY TIME PENCIL ERASERS,1,2010-03-31 17:31:00,0.43,,United Kingdom
544056,22029,SPACEBOY BIRTHDAY CARD,12,2011-02-15 12:48:00,0.42,13004.0,United Kingdom
501161,84467,ENGLISH ROSE DESIGN QUILTED THROW,17,2010-03-15 09:28:00,25.49,,United Kingdom
509158,22607,WOODEN ROUNDERS GARDEN SET ,1,2010-05-20 13:28:00,8.5,14850.0,United Kingdom
498378,22150, 3 STRIPEY MICE FELTCRAFT,6,2010-02-18 14:25:00,1.95,18178.0,United Kingdom
500045,22411,JUMBO SHOPPER VINTAGE RED PAISLEY,10,2010-03-04 11:36:00,1.95,16748.0,United Kingdom
559922,23252,VINTAGE RED ENAMEL TRIM JUG ,4,2011-07-13 15:50:00,3.75,14400.0,United Kingdom
499505,21680,WOODLAND  STICKERS,1,2010-02-28 15:58:00,0.85,14606.0,United Kingdom
C490807,22123,PING MICROWAVE APRON,-12,2009-12-08 12:25:00,5.95,13091.0,United Kingdom
516141,22595,CHRISTMAS GINGHAM HEART,144,2010-07-16 16:30:00,0.72,16128.0,United Kingdom
490741,20728,LUNCH BAG CARS BLUE,3,2009-12-07 17:56:00,4.3,,United Kingdom
523613,21172,PARTY METAL SIGN ,12,2010-09-23 10:45:00,1.45,12727.0,France
508972,47591A,CAROUSEL DES CHILD'S APRON,2,2010-05-19 11:39:00,1.65,15727.0,United Kingdom
539099,22073,RED RETROSPOT STORAGE JAR,4,2010-12-16 10:30:00,3.75,16670.0,United Kingdom
577798,22144,CHRISTMAS CRAFT LITTLE FRIENDS,5,2011-11-21 16:54:00,2.1,17757.0,United Kingdom
578140,22899,CHILDREN'S APRON DOLLY GIRL ,100,2011-11-23 10:58:00,1.85,14646.0,Netherlands
503198,22457,NATURAL SLATE HEART CHALKBOARD ,6,2010-03-30 15:40:00,2.95,13856.0,United Kingdom
568134,22422,TOOTHPASTE TUBE PEN,1,2011-09-23 17:02:00,1.25,,United Kingdom
523005,21350,GINGHAM HEART WREATH,2,2010-09-19 16:20:00,2.95,12748.0,United Kingdom
546944,22151,PLACE SETTING WHITE HEART,1,2011-03-18 11:13:00,0.42,14701.0,United Kingdom
530750,35961,FOLKART ZINC HEART CHRISTMAS DEC,2,2010-11-04 11:55:00,0.85,16782.0,United Kingdom
572327,21791,VINTAGE HEADS AND TAILS CARD GAME ,12,2011-10-24 10:08:00,1.25,15277.0,United Kingdom
506830,48194,DOOR MAT HEARTS,3,2010-05-04 13:19:00,7.49,13542.0,United Kingdom
505565,21623,VINTAGE UNION JACK MEMOBOARD,2,2010-04-23 10:48:00,9.95,13531.0,United Kingdom
544657,22896,PEG BAG APPLES DESIGN,6,2011-02-22 13:08:00,2.55,14895.0,United Kingdom
490963,21246,RED SPOTTY BIG BOWL,1,2009-12-08 15:49:00,11.26,,United Kingdom
516748,22064,PINK DOUGHNUT TRINKET POT ,1,2010-07-22 15:06:00,3.36,,United Kingdom
527104,21822,GLITTER CHRISTMAS TREE WITH BELLS,24,2010-10-14 17:09:00,1.95,14911.0,EIRE
546646,21399,BLUE POLKADOT COFFEE MUG,6,2011-03-15 13:49:00,0.39,13716.0,United Kingdom
499231,21869,POTTING SHED COFFEE MUG,12,2010-02-25 12:18:00,1.25,15674.0,United Kingdom
572066,23170,REGENCY TEA PLATE ROSES ,12,2011-10-20 13:07:00,1.65,15159.0,United Kingdom
490157,51008,AFGHAN SLIPPER SOCK PAIR,40,2009-12-04 10:39:00,3.45,16736.0,United Kingdom
532953,22335,HEART DECORATION PAINTED ZINC ,5,2010-11-15 12:17:00,1.28,,United Kingdom
527058,POST,POSTAGE,5,2010-10-14 13:31:00,40.0,12374.0,Austria
544479,22148,EASTER CRAFT 4 CHICKS ,80,2011-02-21 10:28:00,1.65,14646.0,Netherlands
498366,21577,SAVE THE PLANET COTTON TOTE BAG,6,2010-02-18 13:57:00,2.25,14152.0,United Kingdom
502636,21124,SET/10 BLUE SPOTTY PARTY CANDLES,48,2010-03-25 16:25:00,1.25,12726.0,France
540550,21122,SET/10 PINK POLKADOT PARTY CANDLES,24,2011-01-10 09:11:00,1.25,12539.0,Spain
573485,23509,MINI PLAYING CARDS FUN FAIR ,2,2011-10-31 11:37:00,0.42,15752.0,United Kingdom
570256,21212,PACK OF 72 RETROSPOT CAKE CASES,24,2011-10-10 09:53:00,0.55,15152.0,United Kingdom
534319,22174,PHOTO CUBE,1,2010-11-22 11:37:00,3.36,,United Kingdom
551349,22756,LARGE YELLOW BABUSHKA NOTEBOOK ,12,2011-04-28 10:03:00,1.25,14740.0,United Kingdom
537666,21680,WOODLAND  STICKERS,1,2010-12-07 18:36:00,1.66,,United Kingdom
547568,22630,DOLLY GIRL LUNCH BOX,12,2011-03-24 09:50:00,1.95,13341.0,United Kingdom
522948,22112,CHOCOLATE HOT WATER BOTTLE,1,2010-09-19 10:05:00,4.95,17243.0,United Kingdom
531256,72816,SET/3 CHRISTMAS DECOUPAGE CANDLES,12,2010-11-07 11:20:00,1.25,18245.0,United Kingdom
C549912,20725,LUNCH BAG RED RETROSPOT,-1,2011-04-13 09:02:00,1.65,15737.0,United Kingdom
579037,22727,ALARM CLOCK BAKELIKE RED ,16,2011-11-28 10:23:00,3.75,13418.0,United Kingdom
554512,22771,CLEAR DRAWER KNOB ACRYLIC EDWARDIAN,3,2011-05-24 15:54:00,2.46,,United Kingdom
529833,84581,DOG TOY WITH PINK CROCHET SKIRT,1,2010-10-31 12:32:00,3.75,16791.0,United Kingdom
554814,21755,LOVE BUILDING BLOCK WORD,3,2011-05-26 13:34:00,5.95,16609.0,United Kingdom
535816,85125,SMALL ROUND CUT GLASS CANDLESTICK,2,2010-11-28 15:25:00,4.95,14986.0,United Kingdom
499897,84725,FREESTYLE CANVAS ART PICTURE,12,2010-03-03 11:53:00,1.65,14298.0,United Kingdom
503179,22488,NATURAL SLATE RECTANGLE CHALKBOARD,12,2010-03-30 14:05:00,1.65,15122.0,United Kingdom
514316,84279P,CHERRY BLOSSOM  DECORATIVE FLASK,4,2010-07-01 13:37:00,3.75,16654.0,United Kingdom
576339,21705,BAG 500g SWIRLY MARBLES,1,2011-11-14 15:27:00,3.29,14096.0,United Kingdom
495953,21216,"SET 3 RED SPOT TIN TEA,COFFEE,SUGAR",1,2010-01-27 17:56:00,11.02,,United Kingdom
567170,23426,METAL SIGN DROP YOUR PANTS,1,2011-09-18 12:40:00,2.89,13566.0,United Kingdom
575176,23424,GINGHAM RECIPE BOOK BOX,1,2011-11-08 18:29:00,10.79,,United Kingdom
523319,20983,12 PENCILS TALL TUBE RED SPOTTY,4,2010-09-21 13:37:00,0.85,16511.0,United Kingdom
501907,21356,TOAST ITS - FAIRY FLOWER,2,2010-03-21 16:13:00,1.25,13451.0,United Kingdom
509031,21509,COWBOYS AND INDIANS BIRTHDAY CARD ,12,2010-05-19 16:30:00,0.42,17950.0,United Kingdom
525898,20669,RED HEART LUGGAGE TAG,1,2010-10-07 15:33:00,1.25,16072.0,United Kingdom
574725,21108,FAIRY CAKE FLANNEL ASSORTED COLOUR,9,2011-11-06 14:50:00,0.79,15883.0,United Kingdom
544406,21669,BLUE STRIPE CERAMIC DRAWER KNOB,6,2011-02-18 13:26:00,1.25,16726.0,United Kingdom
508850,21773,DECORATIVE ROSE BATHROOM BOTTLE,12,2010-05-18 14:46:00,1.25,15874.0,United Kingdom
513657,21447,12 IVORY ROSE PEG PLACE SETTINGS,12,2010-06-28 10:12:00,1.25,16733.0,United Kingdom
512437,21154,RED SPOTTY OVEN GLOVE ,1,2010-06-15 16:17:00,2.51,,United Kingdom
490745,21533,RETRO SPOT LARGE MILK JUG,2,2009-12-07 18:02:00,10.39,,United Kingdom
578844,23570,TRADITIONAL PICK UP STICKS GAME ,4,2011-11-25 16:14:00,2.46,,United Kingdom
578326,23374,RED SPOT PAPER GIFT BAG,10,2011-11-23 17:45:00,0.82,16343.0,United Kingdom
530818,22736,RIBBON REEL MAKING SNOWMEN ,1,2010-11-04 13:14:00,1.65,13772.0,United Kingdom
556813,15036,ASSORTED COLOURS SILK FAN,68,2011-06-14 17:28:00,1.63,,United Kingdom
538659,22411,JUMBO SHOPPER VINTAGE RED PAISLEY,10,2010-12-13 15:36:00,1.95,14625.0,United Kingdom
547398,20685,DOORMAT RED RETROSPOT,1,2011-03-22 16:55:00,16.63,,United Kingdom
577536,23559,WOODLAND BUNNIES LOLLY MAKERS,1,2011-11-20 14:14:00,2.08,15850.0,United Kingdom
545534,20914,SET/5 RED RETROSPOT LID GLASS BOWLS,6,2011-03-03 14:05:00,2.95,17652.0,United Kingdom
525882,22902,TOTE BAG I LOVE LONDON,1,2010-10-07 14:28:00,4.21,,United Kingdom
571653,22464,HANGING METAL HEART LANTERN,24,2011-10-18 12:17:00,1.45,14298.0,United Kingdom
533561,22042,CHRISTMAS CARD SINGING ANGEL,24,2010-11-18 10:06:00,0.42,16265.0,United Kingdom
489814,21527,RETRO SPOT TRADITIONAL TEAPOT ,1,2009-12-02 13:06:00,7.95,14669.0,United Kingdom
496247,82600,NO SINGING METAL SIGN,1,2010-01-29 16:11:00,4.21,,United Kingdom
549262,22030,SWALLOWS GREETING CARD,12,2011-04-07 12:38:00,0.42,14465.0,United Kingdom
554512,21086,SET/6 RED SPOTTY PAPER CUPS,1,2011-05-24 15:54:00,1.63,,United Kingdom
528782,21498,RED RETROSPOT WRAP ,25,2010-10-25 10:00:00,0.42,13462.0,United Kingdom
536477,22411,JUMBO SHOPPER VINTAGE RED PAISLEY,10,2010-12-01 12:27:00,1.95,16210.0,United Kingdom
577768,84596B,SMALL DOLLY MIX DESIGN ORANGE BOWL,1,2011-11-21 15:18:00,0.83,,United Kingdom
562033,22997,TRAVEL CARD WALLET UNION JACK,24,2011-08-02 08:49:00,0.42,15410.0,United Kingdom
502444,21217,RED SPOTTY ROUND CAKE TINS,1,2010-03-24 13:30:00,9.95,14729.0,United Kingdom
531353,22081,RIBBON REEL FLORA + FAUNA ,1,2010-11-07 13:47:00,1.65,15571.0,United Kingdom
520754,22689,DOORMAT MERRY CHRISTMAS RED ,10,2010-08-31 11:14:00,6.35,15981.0,United Kingdom
520771,22385,JUMBO BAG SPACEBOY DESIGN,8,2010-08-31 11:20:00,5.06,,United Kingdom
541847,21217,RED RETROSPOT ROUND CAKE TINS,2,2011-01-23 13:25:00,9.95,15443.0,United Kingdom
531130,22690,DOORMAT HOME SWEET HOME BLUE ,2,2010-11-05 13:42:00,7.95,13615.0,United Kingdom
573599,22728,ALARM CLOCK BAKELIKE PINK,12,2011-10-31 15:20:00,3.75,17924.0,United Kingdom
533879,22625,RED KITCHEN SCALES,1,2010-11-19 11:37:00,8.5,12748.0,United Kingdom
518142,22719,GUMBALL MONOCHROME COAT RACK,1,2010-08-04 16:08:00,2.51,,United Kingdom
508470,20749,ASSORTED COLOUR MINI CASES,1,2010-05-16 11:24:00,7.95,16922.0,United Kingdom
501430,20979,36 PENCILS TUBE RED SPOTTY,16,2010-03-16 12:53:00,1.25,17679.0,United Kingdom
519622,22221,CAKE STAND LOVEBIRD 2 TIER PINK,2,2010-08-19 09:43:00,9.95,12949.0,United Kingdom
537624,22482,BLUE TEA TOWEL CLASSIC DESIGN,2,2010-12-07 14:41:00,1.25,12748.0,United Kingdom
556497,85066,CREAM SWEETHEART MINI CHEST,2,2011-06-12 15:31:00,12.75,15271.0,United Kingdom
552229,22494,EMERGENCY FIRST AID TIN ,1,2011-05-06 15:40:00,2.46,,United Kingdom
507479,22064,PINK DOUGHNUT TRINKET POT ,12,2010-05-10 11:33:00,1.65,15298.0,United Kingdom
529833,22951,60 CAKE CASES DOLLY GIRL DESIGN,2,2010-10-31 12:32:00,0.55,16791.0,United Kingdom
516885,22635,CHILDS BREAKFAST SET DOLLY GIRL ,2,2010-07-23 14:16:00,9.95,12615.0,France
545288,20665,RED RETROSPOT PURSE ,2,2011-03-01 11:48:00,2.95,15311.0,United Kingdom
532229,22570,FELTCRAFT CUSHION RABBIT,4,2010-11-11 12:38:00,3.75,14868.0,United Kingdom
572037,22751,FELTCRAFT PRINCESS OLIVIA DOLL,3,2011-10-20 12:07:00,3.75,17365.0,United Kingdom
562530,85049E,SCANDINAVIAN REDS RIBBONS,1,2011-08-05 14:13:00,1.25,,United Kingdom
500293,21410,COUNTRY COTTAGE  DOORSTOP GREEN,1,2010-03-05 16:02:00,4.25,13174.0,United Kingdom
556107,22425,ENAMEL COLANDER CREAM,1,2011-06-08 17:09:00,4.95,17360.0,United Kingdom
559902,22602,RETROSPOT WOODEN HEART DECORATION,2,2011-07-13 13:14:00,0.85,14502.0,United Kingdom
558535,21929,JUMBO BAG PINK VINTAGE PAISLEY,1,2011-06-30 12:04:00,2.08,16904.0,United Kingdom
492064,85231B,CINAMMON SET OF 9 T-LIGHTS,4,2009-12-15 12:49:00,0.85,16713.0,United Kingdom
561465,21784,SHOE SHINE BOX ,1,2011-07-27 12:45:00,9.95,16447.0,United Kingdom
513615,22433,WATERING CAN GREEN DINOSAUR,1,2010-06-27 12:25:00,1.95,15998.0,United Kingdom
580468,22577,WOODEN HEART CHRISTMAS SCANDINAVIAN,4,2011-12-04 12:31:00,0.29,12748.0,United Kingdom
512911,21167,WHITE SAGE INCENSE,2,2010-06-18 14:56:00,0.43,,United Kingdom
538994,22837,HOT WATER BOTTLE BABUSHKA ,12,2010-12-15 12:05:00,4.65,17525.0,United Kingdom
537237,84712B,PINK JEWELLED PHOTO FRAME,3,2010-12-06 09:58:00,7.95,,United Kingdom
528082,21586,KINGS CHOICE GIANT TUBE MATCHES,1,2010-10-20 12:53:00,2.55,16521.0,United Kingdom
542633,84991,60 TEATIME FAIRY CAKE CASES,2,2011-01-31 10:31:00,1.25,,United Kingdom
579171,23084,RABBIT NIGHT LIGHT,1,2011-11-28 14:30:00,2.08,13030.0,United Kingdom
580520,22406,MONEY BOX KINGS CHOICE DESIGN,3,2011-12-04 14:55:00,0.39,13521.0,United Kingdom
528639,22557,PLASTERS IN TIN VINTAGE PAISLEY ,1,2010-10-24 11:42:00,1.65,16024.0,United Kingdom
503790,22519,CHILDS GARDEN BRUSH PINK,2,2010-04-07 12:45:00,2.1,13174.0,United Kingdom
554098,84755,COLOUR GLASS T-LIGHT HOLDER HANGING,12,2011-05-22 13:01:00,0.65,14769.0,United Kingdom
496917,85049E,SCANDINAVIAN REDS RIBBONS,12,2010-02-04 15:35:00,1.25,14151.0,United Kingdom
492012,84570B,WHITE SATIN DRESS JEWEL STAND,3,2009-12-15 11:49:00,4.95,17625.0,United Kingdom
562955,84997a,CHILDRENS CUTLERY POLKADOT GREEN ,6,2011-08-11 10:14:00,8.29,,United Kingdom
529504,21790,VINTAGE SNAP CARDS,1,2010-10-28 14:19:00,1.66,,United Kingdom
571508,21509,COWBOYS AND INDIANS BIRTHDAY CARD ,2,2011-10-17 15:27:00,0.83,,United Kingdom
543978,21250,SET OF SKULL WALL STICKERS,1,2011-02-14 15:37:00,2.95,12867.0,United Kingdom
556520,22551,PLASTERS IN TIN SPACEBOY,1,2011-06-13 11:10:00,1.65,14177.0,United Kingdom
536592,82599,FANNY'S REST STOPMETAL SIGN,2,2010-12-01 17:06:00,4.21,,United Kingdom
